dataset,id,label,value_index,role
direction,0,0.0,0,train
direction,1,0.0,0,train
direction,2,0.0,0,train
direction,3,0.0,0,train
direction,4,0.0,0,val_seen
direction,5,0.0,0,train
direction,6,0.0,0,train
direction,7,0.0,0,train
direction,8,0.0,0,train
direction,9,0.0,0,train
direction,10,0.0,0,train
direction,11,0.0,0,train
direction,12,0.0,0,test_seen
direction,13,0.0,0,train
direction,14,0.0,0,train
direction,15,0.0,0,val_seen
direction,16,0.0,0,train
direction,17,0.0,0,val_seen
direction,18,0.0,0,train
direction,19,0.0,0,train
direction,20,0.0,0,train
direction,21,0.0,0,train
direction,22,0.0,0,train
direction,23,0.0,0,train
direction,24,5.625,1,val_seen
direction,25,5.625,1,train
direction,26,5.625,1,test_seen
direction,27,5.625,1,train
direction,28,5.625,1,test_seen
direction,29,5.625,1,train
direction,30,5.625,1,train
direction,31,5.625,1,test_seen
direction,32,5.625,1,train
direction,33,5.625,1,train
direction,34,5.625,1,test_seen
direction,35,5.625,1,val_seen
direction,36,5.625,1,val_seen
direction,37,5.625,1,train
direction,38,5.625,1,test_seen
direction,39,5.625,1,train
direction,40,5.625,1,train
direction,41,5.625,1,train
direction,42,5.625,1,train
direction,43,5.625,1,train
direction,44,5.625,1,train
direction,45,5.625,1,train
direction,46,5.625,1,test_seen
direction,47,5.625,1,train
direction,48,11.25,2,val_unseen
direction,49,11.25,2,val_unseen
direction,50,11.25,2,val_unseen
direction,51,11.25,2,val_unseen
direction,52,11.25,2,val_unseen
direction,53,11.25,2,val_unseen
direction,54,11.25,2,val_unseen
direction,55,11.25,2,val_unseen
direction,56,11.25,2,val_unseen
direction,57,11.25,2,val_unseen
direction,58,11.25,2,val_unseen
direction,59,11.25,2,val_unseen
direction,60,11.25,2,val_unseen
direction,61,11.25,2,val_unseen
direction,62,11.25,2,val_unseen
direction,63,11.25,2,val_unseen
direction,64,11.25,2,val_unseen
direction,65,11.25,2,val_unseen
direction,66,11.25,2,val_unseen
direction,67,11.25,2,val_unseen
direction,68,11.25,2,val_unseen
direction,69,11.25,2,val_unseen
direction,70,11.25,2,val_unseen
direction,71,11.25,2,val_unseen
direction,72,16.875,3,train
direction,73,16.875,3,train
direction,74,16.875,3,train
direction,75,16.875,3,test_seen
direction,76,16.875,3,val_seen
direction,77,16.875,3,test_seen
direction,78,16.875,3,train
direction,79,16.875,3,train
direction,80,16.875,3,train
direction,81,16.875,3,train
direction,82,16.875,3,train
direction,83,16.875,3,test_seen
direction,84,16.875,3,val_seen
direction,85,16.875,3,train
direction,86,16.875,3,train
direction,87,16.875,3,train
direction,88,16.875,3,train
direction,89,16.875,3,train
direction,90,16.875,3,train
direction,91,16.875,3,train
direction,92,16.875,3,val_seen
direction,93,16.875,3,train
direction,94,16.875,3,test_seen
direction,95,16.875,3,train
direction,96,22.5,4,train
direction,97,22.5,4,train
direction,98,22.5,4,train
direction,99,22.5,4,train
direction,100,22.5,4,test_seen
direction,101,22.5,4,train
direction,102,22.5,4,train
direction,103,22.5,4,val_seen
direction,104,22.5,4,train
direction,105,22.5,4,train
direction,106,22.5,4,train
direction,107,22.5,4,test_seen
direction,108,22.5,4,train
direction,109,22.5,4,train
direction,110,22.5,4,val_seen
direction,111,22.5,4,val_seen
direction,112,22.5,4,val_seen
direction,113,22.5,4,train
direction,114,22.5,4,val_seen
direction,115,22.5,4,test_seen
direction,116,22.5,4,train
direction,117,22.5,4,train
direction,118,22.5,4,val_seen
direction,119,22.5,4,test_seen
direction,120,28.125,5,test_seen
direction,121,28.125,5,val_seen
direction,122,28.125,5,train
direction,123,28.125,5,train
direction,124,28.125,5,train
direction,125,28.125,5,train
direction,126,28.125,5,train
direction,127,28.125,5,train
direction,128,28.125,5,test_seen
direction,129,28.125,5,val_seen
direction,130,28.125,5,train
direction,131,28.125,5,train
direction,132,28.125,5,test_seen
direction,133,28.125,5,train
direction,134,28.125,5,train
direction,135,28.125,5,train
direction,136,28.125,5,train
direction,137,28.125,5,train
direction,138,28.125,5,val_seen
direction,139,28.125,5,train
direction,140,28.125,5,train
direction,141,28.125,5,test_seen
direction,142,28.125,5,train
direction,143,28.125,5,test_seen
direction,144,33.75,6,val_seen
direction,145,33.75,6,train
direction,146,33.75,6,train
direction,147,33.75,6,train
direction,148,33.75,6,train
direction,149,33.75,6,test_seen
direction,150,33.75,6,val_seen
direction,151,33.75,6,train
direction,152,33.75,6,train
direction,153,33.75,6,train
direction,154,33.75,6,test_seen
direction,155,33.75,6,train
direction,156,33.75,6,val_seen
direction,157,33.75,6,train
direction,158,33.75,6,test_seen
direction,159,33.75,6,val_seen
direction,160,33.75,6,train
direction,161,33.75,6,train
direction,162,33.75,6,test_seen
direction,163,33.75,6,val_seen
direction,164,33.75,6,train
direction,165,33.75,6,train
direction,166,33.75,6,train
direction,167,33.75,6,val_seen
direction,168,39.375,7,test_unseen
direction,169,39.375,7,test_unseen
direction,170,39.375,7,test_unseen
direction,171,39.375,7,test_unseen
direction,172,39.375,7,test_unseen
direction,173,39.375,7,test_unseen
direction,174,39.375,7,test_unseen
direction,175,39.375,7,test_unseen
direction,176,39.375,7,test_unseen
direction,177,39.375,7,test_unseen
direction,178,39.375,7,test_unseen
direction,179,39.375,7,test_unseen
direction,180,39.375,7,test_unseen
direction,181,39.375,7,test_unseen
direction,182,39.375,7,test_unseen
direction,183,39.375,7,test_unseen
direction,184,39.375,7,test_unseen
direction,185,39.375,7,test_unseen
direction,186,39.375,7,test_unseen
direction,187,39.375,7,test_unseen
direction,188,39.375,7,test_unseen
direction,189,39.375,7,test_unseen
direction,190,39.375,7,test_unseen
direction,191,39.375,7,test_unseen
direction,192,45.0,8,train
direction,193,45.0,8,train
direction,194,45.0,8,test_seen
direction,195,45.0,8,val_seen
direction,196,45.0,8,train
direction,197,45.0,8,val_seen
direction,198,45.0,8,test_seen
direction,199,45.0,8,test_seen
direction,200,45.0,8,val_seen
direction,201,45.0,8,train
direction,202,45.0,8,train
direction,203,45.0,8,test_seen
direction,204,45.0,8,train
direction,205,45.0,8,train
direction,206,45.0,8,train
direction,207,45.0,8,val_seen
direction,208,45.0,8,test_seen
direction,209,45.0,8,train
direction,210,45.0,8,train
direction,211,45.0,8,test_seen
direction,212,45.0,8,val_seen
direction,213,45.0,8,train
direction,214,45.0,8,val_seen
direction,215,45.0,8,train
direction,216,50.625,9,train
direction,217,50.625,9,val_seen
direction,218,50.625,9,train
direction,219,50.625,9,val_seen
direction,220,50.625,9,test_seen
direction,221,50.625,9,val_seen
direction,222,50.625,9,train
direction,223,50.625,9,train
direction,224,50.625,9,test_seen
direction,225,50.625,9,test_seen
direction,226,50.625,9,train
direction,227,50.625,9,train
direction,228,50.625,9,train
direction,229,50.625,9,train
direction,230,50.625,9,train
direction,231,50.625,9,val_seen
direction,232,50.625,9,train
direction,233,50.625,9,val_seen
direction,234,50.625,9,train
direction,235,50.625,9,train
direction,236,50.625,9,train
direction,237,50.625,9,train
direction,238,50.625,9,train
direction,239,50.625,9,train
direction,240,56.25,10,train
direction,241,56.25,10,train
direction,242,56.25,10,test_seen
direction,243,56.25,10,val_seen
direction,244,56.25,10,test_seen
direction,245,56.25,10,train
direction,246,56.25,10,train
direction,247,56.25,10,train
direction,248,56.25,10,train
direction,249,56.25,10,train
direction,250,56.25,10,train
direction,251,56.25,10,train
direction,252,56.25,10,train
direction,253,56.25,10,train
direction,254,56.25,10,test_seen
direction,255,56.25,10,val_seen
direction,256,56.25,10,train
direction,257,56.25,10,test_seen
direction,258,56.25,10,train
direction,259,56.25,10,train
direction,260,56.25,10,val_seen
direction,261,56.25,10,train
direction,262,56.25,10,train
direction,263,56.25,10,train
direction,264,61.875,11,train
direction,265,61.875,11,train
direction,266,61.875,11,test_seen
direction,267,61.875,11,train
direction,268,61.875,11,train
direction,269,61.875,11,train
direction,270,61.875,11,train
direction,271,61.875,11,train
direction,272,61.875,11,val_seen
direction,273,61.875,11,train
direction,274,61.875,11,train
direction,275,61.875,11,train
direction,276,61.875,11,train
direction,277,61.875,11,train
direction,278,61.875,11,val_seen
direction,279,61.875,11,train
direction,280,61.875,11,val_seen
direction,281,61.875,11,test_seen
direction,282,61.875,11,train
direction,283,61.875,11,val_seen
direction,284,61.875,11,train
direction,285,61.875,11,train
direction,286,61.875,11,train
direction,287,61.875,11,train
direction,288,67.5,12,val_seen
direction,289,67.5,12,test_seen
direction,290,67.5,12,train
direction,291,67.5,12,train
direction,292,67.5,12,val_seen
direction,293,67.5,12,train
direction,294,67.5,12,train
direction,295,67.5,12,train
direction,296,67.5,12,train
direction,297,67.5,12,train
direction,298,67.5,12,train
direction,299,67.5,12,val_seen
direction,300,67.5,12,train
direction,301,67.5,12,train
direction,302,67.5,12,test_seen
direction,303,67.5,12,test_seen
direction,304,67.5,12,val_seen
direction,305,67.5,12,train
direction,306,67.5,12,train
direction,307,67.5,12,train
direction,308,67.5,12,val_seen
direction,309,67.5,12,train
direction,310,67.5,12,train
direction,311,67.5,12,val_seen
direction,312,73.125,13,test_unseen
direction,313,73.125,13,test_unseen
direction,314,73.125,13,test_unseen
direction,315,73.125,13,test_unseen
direction,316,73.125,13,test_unseen
direction,317,73.125,13,test_unseen
direction,318,73.125,13,test_unseen
direction,319,73.125,13,test_unseen
direction,320,73.125,13,test_unseen
direction,321,73.125,13,test_unseen
direction,322,73.125,13,test_unseen
direction,323,73.125,13,test_unseen
direction,324,73.125,13,test_unseen
direction,325,73.125,13,test_unseen
direction,326,73.125,13,test_unseen
direction,327,73.125,13,test_unseen
direction,328,73.125,13,test_unseen
direction,329,73.125,13,test_unseen
direction,330,73.125,13,test_unseen
direction,331,73.125,13,test_unseen
direction,332,73.125,13,test_unseen
direction,333,73.125,13,test_unseen
direction,334,73.125,13,test_unseen
direction,335,73.125,13,test_unseen
direction,336,78.75,14,train
direction,337,78.75,14,test_seen
direction,338,78.75,14,train
direction,339,78.75,14,val_seen
direction,340,78.75,14,train
direction,341,78.75,14,test_seen
direction,342,78.75,14,train
direction,343,78.75,14,train
direction,344,78.75,14,train
direction,345,78.75,14,train
direction,346,78.75,14,train
direction,347,78.75,14,train
direction,348,78.75,14,train
direction,349,78.75,14,test_seen
direction,350,78.75,14,train
direction,351,78.75,14,train
direction,352,78.75,14,train
direction,353,78.75,14,train
direction,354,78.75,14,train
direction,355,78.75,14,test_seen
direction,356,78.75,14,test_seen
direction,357,78.75,14,test_seen
direction,358,78.75,14,train
direction,359,78.75,14,train
direction,360,84.375,15,val_seen
direction,361,84.375,15,train
direction,362,84.375,15,train
direction,363,84.375,15,train
direction,364,84.375,15,train
direction,365,84.375,15,val_seen
direction,366,84.375,15,train
direction,367,84.375,15,train
direction,368,84.375,15,train
direction,369,84.375,15,train
direction,370,84.375,15,val_seen
direction,371,84.375,15,train
direction,372,84.375,15,test_seen
direction,373,84.375,15,test_seen
direction,374,84.375,15,test_seen
direction,375,84.375,15,test_seen
direction,376,84.375,15,train
direction,377,84.375,15,train
direction,378,84.375,15,train
direction,379,84.375,15,train
direction,380,84.375,15,val_seen
direction,381,84.375,15,train
direction,382,84.375,15,test_seen
direction,383,84.375,15,train
direction,384,90.0,16,train
direction,385,90.0,16,train
direction,386,90.0,16,test_seen
direction,387,90.0,16,train
direction,388,90.0,16,train
direction,389,90.0,16,val_seen
direction,390,90.0,16,train
direction,391,90.0,16,train
direction,392,90.0,16,val_seen
direction,393,90.0,16,train
direction,394,90.0,16,train
direction,395,90.0,16,train
direction,396,90.0,16,val_seen
direction,397,90.0,16,train
direction,398,90.0,16,val_seen
direction,399,90.0,16,train
direction,400,90.0,16,val_seen
direction,401,90.0,16,test_seen
direction,402,90.0,16,val_seen
direction,403,90.0,16,train
direction,404,90.0,16,train
direction,405,90.0,16,train
direction,406,90.0,16,test_seen
direction,407,90.0,16,train
direction,408,95.625,17,train
direction,409,95.625,17,train
direction,410,95.625,17,train
direction,411,95.625,17,test_seen
direction,412,95.625,17,train
direction,413,95.625,17,train
direction,414,95.625,17,test_seen
direction,415,95.625,17,train
direction,416,95.625,17,test_seen
direction,417,95.625,17,train
direction,418,95.625,17,test_seen
direction,419,95.625,17,train
direction,420,95.625,17,train
direction,421,95.625,17,val_seen
direction,422,95.625,17,train
direction,423,95.625,17,train
direction,424,95.625,17,test_seen
direction,425,95.625,17,test_seen
direction,426,95.625,17,train
direction,427,95.625,17,train
direction,428,95.625,17,train
direction,429,95.625,17,val_seen
direction,430,95.625,17,train
direction,431,95.625,17,train
direction,432,101.25,18,val_unseen
direction,433,101.25,18,val_unseen
direction,434,101.25,18,val_unseen
direction,435,101.25,18,val_unseen
direction,436,101.25,18,val_unseen
direction,437,101.25,18,val_unseen
direction,438,101.25,18,val_unseen
direction,439,101.25,18,val_unseen
direction,440,101.25,18,val_unseen
direction,441,101.25,18,val_unseen
direction,442,101.25,18,val_unseen
direction,443,101.25,18,val_unseen
direction,444,101.25,18,val_unseen
direction,445,101.25,18,val_unseen
direction,446,101.25,18,val_unseen
direction,447,101.25,18,val_unseen
direction,448,101.25,18,val_unseen
direction,449,101.25,18,val_unseen
direction,450,101.25,18,val_unseen
direction,451,101.25,18,val_unseen
direction,452,101.25,18,val_unseen
direction,453,101.25,18,val_unseen
direction,454,101.25,18,val_unseen
direction,455,101.25,18,val_unseen
direction,456,106.875,19,train
direction,457,106.875,19,test_seen
direction,458,106.875,19,val_seen
direction,459,106.875,19,test_seen
direction,460,106.875,19,train
direction,461,106.875,19,train
direction,462,106.875,19,train
direction,463,106.875,19,train
direction,464,106.875,19,val_seen
direction,465,106.875,19,test_seen
direction,466,106.875,19,test_seen
direction,467,106.875,19,train
direction,468,106.875,19,test_seen
direction,469,106.875,19,test_seen
direction,470,106.875,19,val_seen
direction,471,106.875,19,train
direction,472,106.875,19,train
direction,473,106.875,19,train
direction,474,106.875,19,train
direction,475,106.875,19,train
direction,476,106.875,19,train
direction,477,106.875,19,train
direction,478,106.875,19,train
direction,479,106.875,19,train
direction,480,112.5,20,train
direction,481,112.5,20,train
direction,482,112.5,20,val_seen
direction,483,112.5,20,train
direction,484,112.5,20,train
direction,485,112.5,20,train
direction,486,112.5,20,train
direction,487,112.5,20,train
direction,488,112.5,20,val_seen
direction,489,112.5,20,train
direction,490,112.5,20,train
direction,491,112.5,20,train
direction,492,112.5,20,test_seen
direction,493,112.5,20,train
direction,494,112.5,20,train
direction,495,112.5,20,train
direction,496,112.5,20,train
direction,497,112.5,20,train
direction,498,112.5,20,train
direction,499,112.5,20,train
direction,500,112.5,20,train
direction,501,112.5,20,train
direction,502,112.5,20,val_seen
direction,503,112.5,20,test_seen
direction,504,118.125,21,train
direction,505,118.125,21,train
direction,506,118.125,21,test_seen
direction,507,118.125,21,val_seen
direction,508,118.125,21,train
direction,509,118.125,21,train
direction,510,118.125,21,train
direction,511,118.125,21,train
direction,512,118.125,21,train
direction,513,118.125,21,val_seen
direction,514,118.125,21,test_seen
direction,515,118.125,21,train
direction,516,118.125,21,train
direction,517,118.125,21,train
direction,518,118.125,21,val_seen
direction,519,118.125,21,train
direction,520,118.125,21,train
direction,521,118.125,21,train
direction,522,118.125,21,train
direction,523,118.125,21,train
direction,524,118.125,21,train
direction,525,118.125,21,train
direction,526,118.125,21,train
direction,527,118.125,21,val_seen
direction,528,123.75,22,train
direction,529,123.75,22,train
direction,530,123.75,22,train
direction,531,123.75,22,train
direction,532,123.75,22,test_seen
direction,533,123.75,22,test_seen
direction,534,123.75,22,train
direction,535,123.75,22,val_seen
direction,536,123.75,22,val_seen
direction,537,123.75,22,test_seen
direction,538,123.75,22,test_seen
direction,539,123.75,22,train
direction,540,123.75,22,train
direction,541,123.75,22,val_seen
direction,542,123.75,22,train
direction,543,123.75,22,val_seen
direction,544,123.75,22,test_seen
direction,545,123.75,22,val_seen
direction,546,123.75,22,train
direction,547,123.75,22,train
direction,548,123.75,22,val_seen
direction,549,123.75,22,train
direction,550,123.75,22,train
direction,551,123.75,22,train
direction,552,129.375,23,test_unseen
direction,553,129.375,23,test_unseen
direction,554,129.375,23,test_unseen
direction,555,129.375,23,test_unseen
direction,556,129.375,23,test_unseen
direction,557,129.375,23,test_unseen
direction,558,129.375,23,test_unseen
direction,559,129.375,23,test_unseen
direction,560,129.375,23,test_unseen
direction,561,129.375,23,test_unseen
direction,562,129.375,23,test_unseen
direction,563,129.375,23,test_unseen
direction,564,129.375,23,test_unseen
direction,565,129.375,23,test_unseen
direction,566,129.375,23,test_unseen
direction,567,129.375,23,test_unseen
direction,568,129.375,23,test_unseen
direction,569,129.375,23,test_unseen
direction,570,129.375,23,test_unseen
direction,571,129.375,23,test_unseen
direction,572,129.375,23,test_unseen
direction,573,129.375,23,test_unseen
direction,574,129.375,23,test_unseen
direction,575,129.375,23,test_unseen
direction,576,135.0,24,train
direction,577,135.0,24,test_seen
direction,578,135.0,24,train
direction,579,135.0,24,train
direction,580,135.0,24,train
direction,581,135.0,24,val_seen
direction,582,135.0,24,train
direction,583,135.0,24,val_seen
direction,584,135.0,24,train
direction,585,135.0,24,train
direction,586,135.0,24,train
direction,587,135.0,24,val_seen
direction,588,135.0,24,val_seen
direction,589,135.0,24,train
direction,590,135.0,24,train
direction,591,135.0,24,test_seen
direction,592,135.0,24,val_seen
direction,593,135.0,24,train
direction,594,135.0,24,test_seen
direction,595,135.0,24,train
direction,596,135.0,24,train
direction,597,135.0,24,train
direction,598,135.0,24,train
direction,599,135.0,24,test_seen
direction,600,140.625,25,val_seen
direction,601,140.625,25,test_seen
direction,602,140.625,25,val_seen
direction,603,140.625,25,test_seen
direction,604,140.625,25,val_seen
direction,605,140.625,25,train
direction,606,140.625,25,train
direction,607,140.625,25,train
direction,608,140.625,25,train
direction,609,140.625,25,train
direction,610,140.625,25,val_seen
direction,611,140.625,25,train
direction,612,140.625,25,train
direction,613,140.625,25,train
direction,614,140.625,25,train
direction,615,140.625,25,train
direction,616,140.625,25,test_seen
direction,617,140.625,25,test_seen
direction,618,140.625,25,test_seen
direction,619,140.625,25,train
direction,620,140.625,25,train
direction,621,140.625,25,train
direction,622,140.625,25,train
direction,623,140.625,25,test_seen
direction,624,146.25,26,train
direction,625,146.25,26,train
direction,626,146.25,26,train
direction,627,146.25,26,test_seen
direction,628,146.25,26,test_seen
direction,629,146.25,26,val_seen
direction,630,146.25,26,train
direction,631,146.25,26,train
direction,632,146.25,26,train
direction,633,146.25,26,train
direction,634,146.25,26,train
direction,635,146.25,26,train
direction,636,146.25,26,train
direction,637,146.25,26,val_seen
direction,638,146.25,26,train
direction,639,146.25,26,train
direction,640,146.25,26,train
direction,641,146.25,26,test_seen
direction,642,146.25,26,train
direction,643,146.25,26,train
direction,644,146.25,26,train
direction,645,146.25,26,val_seen
direction,646,146.25,26,val_seen
direction,647,146.25,26,train
direction,648,151.875,27,test_seen
direction,649,151.875,27,test_seen
direction,650,151.875,27,val_seen
direction,651,151.875,27,train
direction,652,151.875,27,train
direction,653,151.875,27,train
direction,654,151.875,27,test_seen
direction,655,151.875,27,test_seen
direction,656,151.875,27,val_seen
direction,657,151.875,27,val_seen
direction,658,151.875,27,train
direction,659,151.875,27,train
direction,660,151.875,27,train
direction,661,151.875,27,train
direction,662,151.875,27,test_seen
direction,663,151.875,27,train
direction,664,151.875,27,train
direction,665,151.875,27,test_seen
direction,666,151.875,27,test_seen
direction,667,151.875,27,train
direction,668,151.875,27,test_seen
direction,669,151.875,27,val_seen
direction,670,151.875,27,train
direction,671,151.875,27,train
direction,672,157.5,28,train
direction,673,157.5,28,val_seen
direction,674,157.5,28,train
direction,675,157.5,28,train
direction,676,157.5,28,train
direction,677,157.5,28,train
direction,678,157.5,28,val_seen
direction,679,157.5,28,train
direction,680,157.5,28,train
direction,681,157.5,28,train
direction,682,157.5,28,val_seen
direction,683,157.5,28,train
direction,684,157.5,28,train
direction,685,157.5,28,train
direction,686,157.5,28,train
direction,687,157.5,28,train
direction,688,157.5,28,train
direction,689,157.5,28,train
direction,690,157.5,28,train
direction,691,157.5,28,train
direction,692,157.5,28,train
direction,693,157.5,28,train
direction,694,157.5,28,test_seen
direction,695,163.125,29,test_unseen
direction,696,163.125,29,test_unseen
direction,697,163.125,29,test_unseen
direction,698,163.125,29,test_unseen
direction,699,163.125,29,test_unseen
direction,700,163.125,29,test_unseen
direction,701,163.125,29,test_unseen
direction,702,163.125,29,test_unseen
direction,703,163.125,29,test_unseen
direction,704,163.125,29,test_unseen
direction,705,163.125,29,test_unseen
direction,706,163.125,29,test_unseen
direction,707,163.125,29,test_unseen
direction,708,163.125,29,test_unseen
direction,709,163.125,29,test_unseen
direction,710,163.125,29,test_unseen
direction,711,163.125,29,test_unseen
direction,712,163.125,29,test_unseen
direction,713,163.125,29,test_unseen
direction,714,163.125,29,test_unseen
direction,715,163.125,29,test_unseen
direction,716,163.125,29,test_unseen
direction,717,163.125,29,test_unseen
direction,718,168.75,30,train
direction,719,168.75,30,train
direction,720,168.75,30,test_seen
direction,721,168.75,30,val_seen
direction,722,168.75,30,val_seen
direction,723,168.75,30,train
direction,724,168.75,30,val_seen
direction,725,168.75,30,val_seen
direction,726,168.75,30,train
direction,727,168.75,30,train
direction,728,168.75,30,train
direction,729,168.75,30,train
direction,730,168.75,30,train
direction,731,168.75,30,val_seen
direction,732,168.75,30,train
direction,733,168.75,30,train
direction,734,168.75,30,train
direction,735,168.75,30,val_seen
direction,736,168.75,30,train
direction,737,168.75,30,train
direction,738,168.75,30,train
direction,739,168.75,30,val_seen
direction,740,168.75,30,test_seen
direction,741,174.375,31,train
direction,742,174.375,31,train
direction,743,174.375,31,train
direction,744,174.375,31,train
direction,745,174.375,31,train
direction,746,174.375,31,val_seen
direction,747,174.375,31,train
direction,748,174.375,31,train
direction,749,174.375,31,train
direction,750,174.375,31,train
direction,751,174.375,31,train
direction,752,174.375,31,train
direction,753,174.375,31,test_seen
direction,754,174.375,31,train
direction,755,174.375,31,test_seen
direction,756,174.375,31,test_seen
direction,757,174.375,31,train
direction,758,174.375,31,test_seen
direction,759,174.375,31,test_seen
direction,760,174.375,31,train
direction,761,174.375,31,train
direction,762,174.375,31,train
direction,763,174.375,31,val_seen
direction,764,180.0,32,train
direction,765,180.0,32,test_seen
direction,766,180.0,32,train
direction,767,180.0,32,test_seen
direction,768,180.0,32,train
direction,769,180.0,32,train
direction,770,180.0,32,train
direction,771,180.0,32,train
direction,772,180.0,32,train
direction,773,180.0,32,train
direction,774,180.0,32,test_seen
direction,775,180.0,32,train
direction,776,180.0,32,test_seen
direction,777,180.0,32,train
direction,778,180.0,32,test_seen
direction,779,180.0,32,test_seen
direction,780,180.0,32,train
direction,781,180.0,32,val_seen
direction,782,180.0,32,test_seen
direction,783,180.0,32,train
direction,784,180.0,32,test_seen
direction,785,180.0,32,train
direction,786,180.0,32,train
direction,787,185.625,33,train
direction,788,185.625,33,train
direction,789,185.625,33,train
direction,790,185.625,33,train
direction,791,185.625,33,train
direction,792,185.625,33,val_seen
direction,793,185.625,33,test_seen
direction,794,185.625,33,train
direction,795,185.625,33,val_seen
direction,796,185.625,33,train
direction,797,185.625,33,train
direction,798,185.625,33,train
direction,799,185.625,33,train
direction,800,185.625,33,train
direction,801,185.625,33,train
direction,802,185.625,33,train
direction,803,185.625,33,train
direction,804,185.625,33,test_seen
direction,805,185.625,33,train
direction,806,185.625,33,train
direction,807,185.625,33,val_seen
direction,808,185.625,33,train
direction,809,185.625,33,val_seen
direction,810,191.25,34,val_unseen
direction,811,191.25,34,val_unseen
direction,812,191.25,34,val_unseen
direction,813,191.25,34,val_unseen
direction,814,191.25,34,val_unseen
direction,815,191.25,34,val_unseen
direction,816,191.25,34,val_unseen
direction,817,191.25,34,val_unseen
direction,818,191.25,34,val_unseen
direction,819,191.25,34,val_unseen
direction,820,191.25,34,val_unseen
direction,821,191.25,34,val_unseen
direction,822,191.25,34,val_unseen
direction,823,191.25,34,val_unseen
direction,824,191.25,34,val_unseen
direction,825,191.25,34,val_unseen
direction,826,191.25,34,val_unseen
direction,827,191.25,34,val_unseen
direction,828,191.25,34,val_unseen
direction,829,191.25,34,val_unseen
direction,830,191.25,34,val_unseen
direction,831,191.25,34,val_unseen
direction,832,191.25,34,val_unseen
direction,833,196.875,35,val_seen
direction,834,196.875,35,train
direction,835,196.875,35,test_seen
direction,836,196.875,35,train
direction,837,196.875,35,test_seen
direction,838,196.875,35,val_seen
direction,839,196.875,35,train
direction,840,196.875,35,val_seen
direction,841,196.875,35,test_seen
direction,842,196.875,35,val_seen
direction,843,196.875,35,train
direction,844,196.875,35,val_seen
direction,845,196.875,35,train
direction,846,196.875,35,train
direction,847,196.875,35,train
direction,848,196.875,35,test_seen
direction,849,196.875,35,train
direction,850,196.875,35,train
direction,851,196.875,35,train
direction,852,196.875,35,train
direction,853,196.875,35,val_seen
direction,854,196.875,35,train
direction,855,196.875,35,train
direction,856,202.5,36,test_seen
direction,857,202.5,36,train
direction,858,202.5,36,train
direction,859,202.5,36,train
direction,860,202.5,36,train
direction,861,202.5,36,train
direction,862,202.5,36,val_seen
direction,863,202.5,36,train
direction,864,202.5,36,test_seen
direction,865,202.5,36,train
direction,866,202.5,36,test_seen
direction,867,202.5,36,train
direction,868,202.5,36,train
direction,869,202.5,36,train
direction,870,202.5,36,train
direction,871,202.5,36,train
direction,872,202.5,36,train
direction,873,202.5,36,train
direction,874,202.5,36,val_seen
direction,875,202.5,36,train
direction,876,202.5,36,train
direction,877,202.5,36,train
direction,878,202.5,36,val_seen
direction,879,208.125,37,train
direction,880,208.125,37,train
direction,881,208.125,37,train
direction,882,208.125,37,val_seen
direction,883,208.125,37,test_seen
direction,884,208.125,37,train
direction,885,208.125,37,val_seen
direction,886,208.125,37,train
direction,887,208.125,37,train
direction,888,208.125,37,train
direction,889,208.125,37,test_seen
direction,890,208.125,37,train
direction,891,208.125,37,train
direction,892,208.125,37,val_seen
direction,893,208.125,37,train
direction,894,208.125,37,train
direction,895,208.125,37,train
direction,896,208.125,37,train
direction,897,208.125,37,train
direction,898,208.125,37,train
direction,899,208.125,37,val_seen
direction,900,208.125,37,train
direction,901,208.125,37,val_seen
direction,902,213.75,38,val_seen
direction,903,213.75,38,train
direction,904,213.75,38,train
direction,905,213.75,38,train
direction,906,213.75,38,test_seen
direction,907,213.75,38,train
direction,908,213.75,38,train
direction,909,213.75,38,train
direction,910,213.75,38,test_seen
direction,911,213.75,38,train
direction,912,213.75,38,train
direction,913,213.75,38,train
direction,914,213.75,38,train
direction,915,213.75,38,train
direction,916,213.75,38,train
direction,917,213.75,38,val_seen
direction,918,213.75,38,train
direction,919,213.75,38,train
direction,920,213.75,38,train
direction,921,213.75,38,test_seen
direction,922,213.75,38,val_seen
direction,923,213.75,38,train
direction,924,213.75,38,train
direction,925,219.375,39,test_unseen
direction,926,219.375,39,test_unseen
direction,927,219.375,39,test_unseen
direction,928,219.375,39,test_unseen
direction,929,219.375,39,test_unseen
direction,930,219.375,39,test_unseen
direction,931,219.375,39,test_unseen
direction,932,219.375,39,test_unseen
direction,933,219.375,39,test_unseen
direction,934,219.375,39,test_unseen
direction,935,219.375,39,test_unseen
direction,936,219.375,39,test_unseen
direction,937,219.375,39,test_unseen
direction,938,219.375,39,test_unseen
direction,939,219.375,39,test_unseen
direction,940,219.375,39,test_unseen
direction,941,219.375,39,test_unseen
direction,942,219.375,39,test_unseen
direction,943,219.375,39,test_unseen
direction,944,219.375,39,test_unseen
direction,945,219.375,39,test_unseen
direction,946,219.375,39,test_unseen
direction,947,219.375,39,test_unseen
direction,948,225.0,40,train
direction,949,225.0,40,train
direction,950,225.0,40,train
direction,951,225.0,40,train
direction,952,225.0,40,test_seen
direction,953,225.0,40,train
direction,954,225.0,40,val_seen
direction,955,225.0,40,train
direction,956,225.0,40,train
direction,957,225.0,40,test_seen
direction,958,225.0,40,train
direction,959,225.0,40,train
direction,960,225.0,40,train
direction,961,225.0,40,val_seen
direction,962,225.0,40,train
direction,963,225.0,40,test_seen
direction,964,225.0,40,train
direction,965,225.0,40,train
direction,966,225.0,40,train
direction,967,225.0,40,val_seen
direction,968,225.0,40,train
direction,969,225.0,40,train
direction,970,225.0,40,train
direction,971,230.625,41,train
direction,972,230.625,41,val_seen
direction,973,230.625,41,train
direction,974,230.625,41,test_seen
direction,975,230.625,41,train
direction,976,230.625,41,train
direction,977,230.625,41,train
direction,978,230.625,41,train
direction,979,230.625,41,val_seen
direction,980,230.625,41,val_seen
direction,981,230.625,41,train
direction,982,230.625,41,val_seen
direction,983,230.625,41,train
direction,984,230.625,41,test_seen
direction,985,230.625,41,val_seen
direction,986,230.625,41,val_seen
direction,987,230.625,41,train
direction,988,230.625,41,val_seen
direction,989,230.625,41,train
direction,990,230.625,41,train
direction,991,230.625,41,train
direction,992,230.625,41,test_seen
direction,993,230.625,41,test_seen
direction,994,236.25,42,train
direction,995,236.25,42,train
direction,996,236.25,42,train
direction,997,236.25,42,train
direction,998,236.25,42,train
direction,999,236.25,42,train
direction,1000,236.25,42,train
direction,1001,236.25,42,test_seen
direction,1002,236.25,42,train
direction,1003,236.25,42,val_seen
direction,1004,236.25,42,train
direction,1005,236.25,42,train
direction,1006,236.25,42,test_seen
direction,1007,236.25,42,train
direction,1008,236.25,42,train
direction,1009,236.25,42,val_seen
direction,1010,236.25,42,train
direction,1011,236.25,42,train
direction,1012,236.25,42,train
direction,1013,236.25,42,train
direction,1014,236.25,42,train
direction,1015,236.25,42,test_seen
direction,1016,236.25,42,val_seen
direction,1017,241.875,43,train
direction,1018,241.875,43,train
direction,1019,241.875,43,train
direction,1020,241.875,43,train
direction,1021,241.875,43,train
direction,1022,241.875,43,test_seen
direction,1023,241.875,43,train
direction,1024,241.875,43,train
direction,1025,241.875,43,train
direction,1026,241.875,43,train
direction,1027,241.875,43,train
direction,1028,241.875,43,test_seen
direction,1029,241.875,43,train
direction,1030,241.875,43,test_seen
direction,1031,241.875,43,train
direction,1032,241.875,43,train
direction,1033,241.875,43,train
direction,1034,241.875,43,val_seen
direction,1035,241.875,43,train
direction,1036,241.875,43,val_seen
direction,1037,241.875,43,train
direction,1038,241.875,43,test_seen
direction,1039,241.875,43,train
direction,1040,247.5,44,val_seen
direction,1041,247.5,44,test_seen
direction,1042,247.5,44,train
direction,1043,247.5,44,val_seen
direction,1044,247.5,44,train
direction,1045,247.5,44,train
direction,1046,247.5,44,train
direction,1047,247.5,44,test_seen
direction,1048,247.5,44,val_seen
direction,1049,247.5,44,test_seen
direction,1050,247.5,44,train
direction,1051,247.5,44,val_seen
direction,1052,247.5,44,train
direction,1053,247.5,44,train
direction,1054,247.5,44,train
direction,1055,247.5,44,train
direction,1056,247.5,44,train
direction,1057,247.5,44,train
direction,1058,247.5,44,train
direction,1059,247.5,44,train
direction,1060,247.5,44,train
direction,1061,247.5,44,train
direction,1062,247.5,44,train
direction,1063,253.125,45,test_unseen
direction,1064,253.125,45,test_unseen
direction,1065,253.125,45,test_unseen
direction,1066,253.125,45,test_unseen
direction,1067,253.125,45,test_unseen
direction,1068,253.125,45,test_unseen
direction,1069,253.125,45,test_unseen
direction,1070,253.125,45,test_unseen
direction,1071,253.125,45,test_unseen
direction,1072,253.125,45,test_unseen
direction,1073,253.125,45,test_unseen
direction,1074,253.125,45,test_unseen
direction,1075,253.125,45,test_unseen
direction,1076,253.125,45,test_unseen
direction,1077,253.125,45,test_unseen
direction,1078,253.125,45,test_unseen
direction,1079,253.125,45,test_unseen
direction,1080,253.125,45,test_unseen
direction,1081,253.125,45,test_unseen
direction,1082,253.125,45,test_unseen
direction,1083,253.125,45,test_unseen
direction,1084,253.125,45,test_unseen
direction,1085,253.125,45,test_unseen
direction,1086,258.75,46,train
direction,1087,258.75,46,train
direction,1088,258.75,46,val_seen
direction,1089,258.75,46,val_seen
direction,1090,258.75,46,train
direction,1091,258.75,46,train
direction,1092,258.75,46,train
direction,1093,258.75,46,train
direction,1094,258.75,46,train
direction,1095,258.75,46,train
direction,1096,258.75,46,val_seen
direction,1097,258.75,46,test_seen
direction,1098,258.75,46,train
direction,1099,258.75,46,test_seen
direction,1100,258.75,46,train
direction,1101,258.75,46,val_seen
direction,1102,258.75,46,test_seen
direction,1103,258.75,46,train
direction,1104,258.75,46,train
direction,1105,258.75,46,val_seen
direction,1106,258.75,46,train
direction,1107,258.75,46,train
direction,1108,258.75,46,train
direction,1109,264.375,47,train
direction,1110,264.375,47,train
direction,1111,264.375,47,train
direction,1112,264.375,47,train
direction,1113,264.375,47,train
direction,1114,264.375,47,train
direction,1115,264.375,47,train
direction,1116,264.375,47,val_seen
direction,1117,264.375,47,val_seen
direction,1118,264.375,47,train
direction,1119,264.375,47,train
direction,1120,264.375,47,train
direction,1121,264.375,47,test_seen
direction,1122,264.375,47,test_seen
direction,1123,264.375,47,train
direction,1124,264.375,47,test_seen
direction,1125,264.375,47,test_seen
direction,1126,264.375,47,test_seen
direction,1127,264.375,47,val_seen
direction,1128,264.375,47,train
direction,1129,264.375,47,test_seen
direction,1130,264.375,47,test_seen
direction,1131,264.375,47,train
direction,1132,270.0,48,val_seen
direction,1133,270.0,48,val_seen
direction,1134,270.0,48,train
direction,1135,270.0,48,train
direction,1136,270.0,48,train
direction,1137,270.0,48,train
direction,1138,270.0,48,val_seen
direction,1139,270.0,48,test_seen
direction,1140,270.0,48,train
direction,1141,270.0,48,train
direction,1142,270.0,48,train
direction,1143,270.0,48,train
direction,1144,270.0,48,train
direction,1145,270.0,48,train
direction,1146,270.0,48,test_seen
direction,1147,270.0,48,train
direction,1148,270.0,48,val_seen
direction,1149,270.0,48,train
direction,1150,270.0,48,train
direction,1151,270.0,48,train
direction,1152,270.0,48,train
direction,1153,270.0,48,train
direction,1154,270.0,48,train
direction,1155,275.625,49,train
direction,1156,275.625,49,train
direction,1157,275.625,49,val_seen
direction,1158,275.625,49,train
direction,1159,275.625,49,train
direction,1160,275.625,49,test_seen
direction,1161,275.625,49,train
direction,1162,275.625,49,train
direction,1163,275.625,49,train
direction,1164,275.625,49,train
direction,1165,275.625,49,test_seen
direction,1166,275.625,49,test_seen
direction,1167,275.625,49,test_seen
direction,1168,275.625,49,train
direction,1169,275.625,49,val_seen
direction,1170,275.625,49,train
direction,1171,275.625,49,val_seen
direction,1172,275.625,49,train
direction,1173,275.625,49,train
direction,1174,275.625,49,train
direction,1175,275.625,49,test_seen
direction,1176,275.625,49,val_seen
direction,1177,275.625,49,train
direction,1178,281.25,50,val_unseen
direction,1179,281.25,50,val_unseen
direction,1180,281.25,50,val_unseen
direction,1181,281.25,50,val_unseen
direction,1182,281.25,50,val_unseen
direction,1183,281.25,50,val_unseen
direction,1184,281.25,50,val_unseen
direction,1185,281.25,50,val_unseen
direction,1186,281.25,50,val_unseen
direction,1187,281.25,50,val_unseen
direction,1188,281.25,50,val_unseen
direction,1189,281.25,50,val_unseen
direction,1190,281.25,50,val_unseen
direction,1191,281.25,50,val_unseen
direction,1192,281.25,50,val_unseen
direction,1193,281.25,50,val_unseen
direction,1194,281.25,50,val_unseen
direction,1195,281.25,50,val_unseen
direction,1196,281.25,50,val_unseen
direction,1197,281.25,50,val_unseen
direction,1198,281.25,50,val_unseen
direction,1199,281.25,50,val_unseen
direction,1200,281.25,50,val_unseen
direction,1201,286.875,51,train
direction,1202,286.875,51,train
direction,1203,286.875,51,train
direction,1204,286.875,51,train
direction,1205,286.875,51,train
direction,1206,286.875,51,val_seen
direction,1207,286.875,51,val_seen
direction,1208,286.875,51,val_seen
direction,1209,286.875,51,train
direction,1210,286.875,51,test_seen
direction,1211,286.875,51,test_seen
direction,1212,286.875,51,test_seen
direction,1213,286.875,51,val_seen
direction,1214,286.875,51,train
direction,1215,286.875,51,val_seen
direction,1216,286.875,51,train
direction,1217,286.875,51,train
direction,1218,286.875,51,train
direction,1219,286.875,51,train
direction,1220,286.875,51,train
direction,1221,286.875,51,train
direction,1222,286.875,51,train
direction,1223,286.875,51,train
direction,1224,292.5,52,train
direction,1225,292.5,52,val_seen
direction,1226,292.5,52,train
direction,1227,292.5,52,train
direction,1228,292.5,52,train
direction,1229,292.5,52,train
direction,1230,292.5,52,train
direction,1231,292.5,52,train
direction,1232,292.5,52,train
direction,1233,292.5,52,train
direction,1234,292.5,52,test_seen
direction,1235,292.5,52,train
direction,1236,292.5,52,test_seen
direction,1237,292.5,52,train
direction,1238,292.5,52,val_seen
direction,1239,292.5,52,train
direction,1240,292.5,52,val_seen
direction,1241,292.5,52,val_seen
direction,1242,292.5,52,val_seen
direction,1243,292.5,52,train
direction,1244,292.5,52,train
direction,1245,292.5,52,train
direction,1246,292.5,52,train
direction,1247,298.125,53,train
direction,1248,298.125,53,test_seen
direction,1249,298.125,53,test_seen
direction,1250,298.125,53,train
direction,1251,298.125,53,train
direction,1252,298.125,53,train
direction,1253,298.125,53,test_seen
direction,1254,298.125,53,train
direction,1255,298.125,53,train
direction,1256,298.125,53,train
direction,1257,298.125,53,train
direction,1258,298.125,53,train
direction,1259,298.125,53,val_seen
direction,1260,298.125,53,train
direction,1261,298.125,53,train
direction,1262,298.125,53,train
direction,1263,298.125,53,train
direction,1264,298.125,53,train
direction,1265,298.125,53,train
direction,1266,298.125,53,train
direction,1267,298.125,53,train
direction,1268,298.125,53,train
direction,1269,298.125,53,train
direction,1270,303.75,54,test_seen
direction,1271,303.75,54,test_seen
direction,1272,303.75,54,val_seen
direction,1273,303.75,54,train
direction,1274,303.75,54,test_seen
direction,1275,303.75,54,train
direction,1276,303.75,54,val_seen
direction,1277,303.75,54,test_seen
direction,1278,303.75,54,train
direction,1279,303.75,54,train
direction,1280,303.75,54,train
direction,1281,303.75,54,train
direction,1282,303.75,54,train
direction,1283,303.75,54,test_seen
direction,1284,303.75,54,train
direction,1285,303.75,54,train
direction,1286,303.75,54,train
direction,1287,303.75,54,train
direction,1288,303.75,54,test_seen
direction,1289,303.75,54,train
direction,1290,303.75,54,train
direction,1291,303.75,54,train
direction,1292,303.75,54,train
direction,1293,309.375,55,test_unseen
direction,1294,309.375,55,test_unseen
direction,1295,309.375,55,test_unseen
direction,1296,309.375,55,test_unseen
direction,1297,309.375,55,test_unseen
direction,1298,309.375,55,test_unseen
direction,1299,309.375,55,test_unseen
direction,1300,309.375,55,test_unseen
direction,1301,309.375,55,test_unseen
direction,1302,309.375,55,test_unseen
direction,1303,309.375,55,test_unseen
direction,1304,309.375,55,test_unseen
direction,1305,309.375,55,test_unseen
direction,1306,309.375,55,test_unseen
direction,1307,309.375,55,test_unseen
direction,1308,309.375,55,test_unseen
direction,1309,309.375,55,test_unseen
direction,1310,309.375,55,test_unseen
direction,1311,309.375,55,test_unseen
direction,1312,309.375,55,test_unseen
direction,1313,309.375,55,test_unseen
direction,1314,309.375,55,test_unseen
direction,1315,309.375,55,test_unseen
direction,1316,315.0,56,train
direction,1317,315.0,56,train
direction,1318,315.0,56,train
direction,1319,315.0,56,train
direction,1320,315.0,56,train
direction,1321,315.0,56,train
direction,1322,315.0,56,train
direction,1323,315.0,56,train
direction,1324,315.0,56,train
direction,1325,315.0,56,train
direction,1326,315.0,56,train
direction,1327,315.0,56,val_seen
direction,1328,315.0,56,train
direction,1329,315.0,56,train
direction,1330,315.0,56,val_seen
direction,1331,315.0,56,train
direction,1332,315.0,56,test_seen
direction,1333,315.0,56,train
direction,1334,315.0,56,val_seen
direction,1335,315.0,56,test_seen
direction,1336,315.0,56,val_seen
direction,1337,315.0,56,train
direction,1338,315.0,56,train
direction,1339,320.625,57,test_seen
direction,1340,320.625,57,train
direction,1341,320.625,57,train
direction,1342,320.625,57,val_seen
direction,1343,320.625,57,test_seen
direction,1344,320.625,57,val_seen
direction,1345,320.625,57,train
direction,1346,320.625,57,train
direction,1347,320.625,57,test_seen
direction,1348,320.625,57,train
direction,1349,320.625,57,train
direction,1350,320.625,57,train
direction,1351,320.625,57,train
direction,1352,320.625,57,val_seen
direction,1353,320.625,57,train
direction,1354,320.625,57,val_seen
direction,1355,320.625,57,train
direction,1356,320.625,57,train
direction,1357,320.625,57,val_seen
direction,1358,320.625,57,train
direction,1359,320.625,57,train
direction,1360,320.625,57,train
direction,1361,320.625,57,val_seen
direction,1362,326.25,58,train
direction,1363,326.25,58,train
direction,1364,326.25,58,test_seen
direction,1365,326.25,58,val_seen
direction,1366,326.25,58,test_seen
direction,1367,326.25,58,train
direction,1368,326.25,58,train
direction,1369,326.25,58,val_seen
direction,1370,326.25,58,train
direction,1371,326.25,58,train
direction,1372,326.25,58,train
direction,1373,326.25,58,val_seen
direction,1374,326.25,58,train
direction,1375,326.25,58,train
direction,1376,326.25,58,test_seen
direction,1377,326.25,58,train
direction,1378,326.25,58,train
direction,1379,326.25,58,test_seen
direction,1380,326.25,58,test_seen
direction,1381,326.25,58,train
direction,1382,326.25,58,train
direction,1383,326.25,58,val_seen
direction,1384,326.25,58,train
direction,1385,331.875,59,train
direction,1386,331.875,59,train
direction,1387,331.875,59,test_seen
direction,1388,331.875,59,train
direction,1389,331.875,59,test_seen
direction,1390,331.875,59,test_seen
direction,1391,331.875,59,train
direction,1392,331.875,59,train
direction,1393,331.875,59,train
direction,1394,331.875,59,train
direction,1395,331.875,59,val_seen
direction,1396,331.875,59,test_seen
direction,1397,331.875,59,train
direction,1398,331.875,59,val_seen
direction,1399,331.875,59,val_seen
direction,1400,331.875,59,test_seen
direction,1401,331.875,59,test_seen
direction,1402,331.875,59,val_seen
direction,1403,331.875,59,train
direction,1404,331.875,59,train
direction,1405,331.875,59,val_seen
direction,1406,331.875,59,val_seen
direction,1407,331.875,59,train
direction,1408,337.5,60,val_seen
direction,1409,337.5,60,val_seen
direction,1410,337.5,60,train
direction,1411,337.5,60,train
direction,1412,337.5,60,train
direction,1413,337.5,60,train
direction,1414,337.5,60,train
direction,1415,337.5,60,train
direction,1416,337.5,60,train
direction,1417,337.5,60,train
direction,1418,337.5,60,val_seen
direction,1419,337.5,60,train
direction,1420,337.5,60,train
direction,1421,337.5,60,train
direction,1422,337.5,60,train
direction,1423,337.5,60,train
direction,1424,337.5,60,train
direction,1425,337.5,60,train
direction,1426,337.5,60,train
direction,1427,337.5,60,train
direction,1428,337.5,60,train
direction,1429,337.5,60,train
direction,1430,337.5,60,train
direction,1431,343.125,61,test_unseen
direction,1432,343.125,61,test_unseen
direction,1433,343.125,61,test_unseen
direction,1434,343.125,61,test_unseen
direction,1435,343.125,61,test_unseen
direction,1436,343.125,61,test_unseen
direction,1437,343.125,61,test_unseen
direction,1438,343.125,61,test_unseen
direction,1439,343.125,61,test_unseen
direction,1440,343.125,61,test_unseen
direction,1441,343.125,61,test_unseen
direction,1442,343.125,61,test_unseen
direction,1443,343.125,61,test_unseen
direction,1444,343.125,61,test_unseen
direction,1445,343.125,61,test_unseen
direction,1446,343.125,61,test_unseen
direction,1447,343.125,61,test_unseen
direction,1448,343.125,61,test_unseen
direction,1449,343.125,61,test_unseen
direction,1450,343.125,61,test_unseen
direction,1451,343.125,61,test_unseen
direction,1452,343.125,61,test_unseen
direction,1453,343.125,61,test_unseen
direction,1454,348.75,62,train
direction,1455,348.75,62,test_seen
direction,1456,348.75,62,train
direction,1457,348.75,62,train
direction,1458,348.75,62,val_seen
direction,1459,348.75,62,train
direction,1460,348.75,62,train
direction,1461,348.75,62,test_seen
direction,1462,348.75,62,test_seen
direction,1463,348.75,62,test_seen
direction,1464,348.75,62,train
direction,1465,348.75,62,test_seen
direction,1466,348.75,62,val_seen
direction,1467,348.75,62,train
direction,1468,348.75,62,test_seen
direction,1469,348.75,62,train
direction,1470,348.75,62,test_seen
direction,1471,348.75,62,val_seen
direction,1472,348.75,62,test_seen
direction,1473,348.75,62,train
direction,1474,348.75,62,train
direction,1475,348.75,62,train
direction,1476,348.75,62,train
direction,1477,354.375,63,test_seen
direction,1478,354.375,63,train
direction,1479,354.375,63,train
direction,1480,354.375,63,train
direction,1481,354.375,63,train
direction,1482,354.375,63,train
direction,1483,354.375,63,train
direction,1484,354.375,63,train
direction,1485,354.375,63,train
direction,1486,354.375,63,train
direction,1487,354.375,63,train
direction,1488,354.375,63,train
direction,1489,354.375,63,train
direction,1490,354.375,63,train
direction,1491,354.375,63,train
direction,1492,354.375,63,train
direction,1493,354.375,63,train
direction,1494,354.375,63,test_seen
direction,1495,354.375,63,train
direction,1496,354.375,63,test_seen
direction,1497,354.375,63,val_seen
direction,1498,354.375,63,train
direction,1499,354.375,63,train
speed,0,0.25,0,train
speed,1,0.25,0,test_seen
speed,2,0.25,0,train
speed,3,0.25,0,train
speed,4,0.25,0,train
speed,5,0.25,0,val_seen
speed,6,0.25,0,train
speed,7,0.25,0,val_seen
speed,8,0.25,0,train
speed,9,0.25,0,test_seen
speed,10,0.25,0,train
speed,11,0.25,0,train
speed,12,0.25,0,train
speed,13,0.25,0,val_seen
speed,14,0.25,0,test_seen
speed,15,0.25,0,test_seen
speed,16,0.25,0,train
speed,17,0.25,0,val_seen
speed,18,0.25,0,train
speed,19,0.25,0,train
speed,20,0.25,0,train
speed,21,0.25,0,train
speed,22,0.25,0,train
speed,23,0.25,0,train
speed,24,0.30952380952380953,1,test_seen
speed,25,0.30952380952380953,1,train
speed,26,0.30952380952380953,1,train
speed,27,0.30952380952380953,1,train
speed,28,0.30952380952380953,1,train
speed,29,0.30952380952380953,1,train
speed,30,0.30952380952380953,1,train
speed,31,0.30952380952380953,1,train
speed,32,0.30952380952380953,1,test_seen
speed,33,0.30952380952380953,1,val_seen
speed,34,0.30952380952380953,1,train
speed,35,0.30952380952380953,1,train
speed,36,0.30952380952380953,1,test_seen
speed,37,0.30952380952380953,1,train
speed,38,0.30952380952380953,1,train
speed,39,0.30952380952380953,1,test_seen
speed,40,0.30952380952380953,1,val_seen
speed,41,0.30952380952380953,1,val_seen
speed,42,0.30952380952380953,1,train
speed,43,0.30952380952380953,1,train
speed,44,0.30952380952380953,1,train
speed,45,0.30952380952380953,1,val_seen
speed,46,0.30952380952380953,1,train
speed,47,0.30952380952380953,1,train
speed,48,0.36904761904761907,2,train
speed,49,0.36904761904761907,2,train
speed,50,0.36904761904761907,2,train
speed,51,0.36904761904761907,2,test_seen
speed,52,0.36904761904761907,2,train
speed,53,0.36904761904761907,2,train
speed,54,0.36904761904761907,2,test_seen
speed,55,0.36904761904761907,2,train
speed,56,0.36904761904761907,2,train
speed,57,0.36904761904761907,2,train
speed,58,0.36904761904761907,2,train
speed,59,0.36904761904761907,2,val_seen
speed,60,0.36904761904761907,2,val_seen
speed,61,0.36904761904761907,2,val_seen
speed,62,0.36904761904761907,2,train
speed,63,0.36904761904761907,2,train
speed,64,0.36904761904761907,2,train
speed,65,0.36904761904761907,2,val_seen
speed,66,0.36904761904761907,2,test_seen
speed,67,0.36904761904761907,2,train
speed,68,0.36904761904761907,2,train
speed,69,0.36904761904761907,2,test_seen
speed,70,0.36904761904761907,2,train
speed,71,0.36904761904761907,2,train
speed,72,0.42857142857142855,3,train
speed,73,0.42857142857142855,3,train
speed,74,0.42857142857142855,3,test_seen
speed,75,0.42857142857142855,3,train
speed,76,0.42857142857142855,3,test_seen
speed,77,0.42857142857142855,3,train
speed,78,0.42857142857142855,3,val_seen
speed,79,0.42857142857142855,3,train
speed,80,0.42857142857142855,3,train
speed,81,0.42857142857142855,3,val_seen
speed,82,0.42857142857142855,3,train
speed,83,0.42857142857142855,3,train
speed,84,0.42857142857142855,3,test_seen
speed,85,0.42857142857142855,3,train
speed,86,0.42857142857142855,3,val_seen
speed,87,0.42857142857142855,3,val_seen
speed,88,0.42857142857142855,3,train
speed,89,0.42857142857142855,3,train
speed,90,0.42857142857142855,3,test_seen
speed,91,0.42857142857142855,3,train
speed,92,0.42857142857142855,3,train
speed,93,0.42857142857142855,3,train
speed,94,0.42857142857142855,3,train
speed,95,0.42857142857142855,3,train
speed,96,0.4880952380952381,4,test_unseen
speed,97,0.4880952380952381,4,test_unseen
speed,98,0.4880952380952381,4,test_unseen
speed,99,0.4880952380952381,4,test_unseen
speed,100,0.4880952380952381,4,test_unseen
speed,101,0.4880952380952381,4,test_unseen
speed,102,0.4880952380952381,4,test_unseen
speed,103,0.4880952380952381,4,test_unseen
speed,104,0.4880952380952381,4,test_unseen
speed,105,0.4880952380952381,4,test_unseen
speed,106,0.4880952380952381,4,test_unseen
speed,107,0.4880952380952381,4,test_unseen
speed,108,0.4880952380952381,4,test_unseen
speed,109,0.4880952380952381,4,test_unseen
speed,110,0.4880952380952381,4,test_unseen
speed,111,0.4880952380952381,4,test_unseen
speed,112,0.4880952380952381,4,test_unseen
speed,113,0.4880952380952381,4,test_unseen
speed,114,0.4880952380952381,4,test_unseen
speed,115,0.4880952380952381,4,test_unseen
speed,116,0.4880952380952381,4,test_unseen
speed,117,0.4880952380952381,4,test_unseen
speed,118,0.4880952380952381,4,test_unseen
speed,119,0.4880952380952381,4,test_unseen
speed,120,0.5476190476190477,5,train
speed,121,0.5476190476190477,5,train
speed,122,0.5476190476190477,5,train
speed,123,0.5476190476190477,5,train
speed,124,0.5476190476190477,5,test_seen
speed,125,0.5476190476190477,5,train
speed,126,0.5476190476190477,5,test_seen
speed,127,0.5476190476190477,5,val_seen
speed,128,0.5476190476190477,5,val_seen
speed,129,0.5476190476190477,5,train
speed,130,0.5476190476190477,5,train
speed,131,0.5476190476190477,5,train
speed,132,0.5476190476190477,5,val_seen
speed,133,0.5476190476190477,5,train
speed,134,0.5476190476190477,5,test_seen
speed,135,0.5476190476190477,5,val_seen
speed,136,0.5476190476190477,5,train
speed,137,0.5476190476190477,5,train
speed,138,0.5476190476190477,5,test_seen
speed,139,0.5476190476190477,5,train
speed,140,0.5476190476190477,5,train
speed,141,0.5476190476190477,5,train
speed,142,0.5476190476190477,5,train
speed,143,0.5476190476190477,5,train
speed,144,0.6071428571428571,6,val_seen
speed,145,0.6071428571428571,6,test_seen
speed,146,0.6071428571428571,6,test_seen
speed,147,0.6071428571428571,6,train
speed,148,0.6071428571428571,6,train
speed,149,0.6071428571428571,6,train
speed,150,0.6071428571428571,6,train
speed,151,0.6071428571428571,6,train
speed,152,0.6071428571428571,6,train
speed,153,0.6071428571428571,6,train
speed,154,0.6071428571428571,6,train
speed,155,0.6071428571428571,6,train
speed,156,0.6071428571428571,6,train
speed,157,0.6071428571428571,6,val_seen
speed,158,0.6071428571428571,6,val_seen
speed,159,0.6071428571428571,6,train
speed,160,0.6071428571428571,6,train
speed,161,0.6071428571428571,6,test_seen
speed,162,0.6071428571428571,6,val_seen
speed,163,0.6071428571428571,6,train
speed,164,0.6071428571428571,6,train
speed,165,0.6071428571428571,6,train
speed,166,0.6071428571428571,6,train
speed,167,0.6071428571428571,6,test_seen
speed,168,0.6666666666666666,7,test_seen
speed,169,0.6666666666666666,7,train
speed,170,0.6666666666666666,7,train
speed,171,0.6666666666666666,7,test_seen
speed,172,0.6666666666666666,7,val_seen
speed,173,0.6666666666666666,7,train
speed,174,0.6666666666666666,7,train
speed,175,0.6666666666666666,7,train
speed,176,0.6666666666666666,7,train
speed,177,0.6666666666666666,7,test_seen
speed,178,0.6666666666666666,7,train
speed,179,0.6666666666666666,7,val_seen
speed,180,0.6666666666666666,7,train
speed,181,0.6666666666666666,7,train
speed,182,0.6666666666666666,7,train
speed,183,0.6666666666666666,7,train
speed,184,0.6666666666666666,7,test_seen
speed,185,0.6666666666666666,7,train
speed,186,0.6666666666666666,7,val_seen
speed,187,0.6666666666666666,7,train
speed,188,0.6666666666666666,7,train
speed,189,0.6666666666666666,7,train
speed,190,0.6666666666666666,7,val_seen
speed,191,0.6666666666666666,7,train
speed,192,0.7261904761904762,8,train
speed,193,0.7261904761904762,8,train
speed,194,0.7261904761904762,8,train
speed,195,0.7261904761904762,8,test_seen
speed,196,0.7261904761904762,8,train
speed,197,0.7261904761904762,8,train
speed,198,0.7261904761904762,8,val_seen
speed,199,0.7261904761904762,8,train
speed,200,0.7261904761904762,8,train
speed,201,0.7261904761904762,8,train
speed,202,0.7261904761904762,8,val_seen
speed,203,0.7261904761904762,8,test_seen
speed,204,0.7261904761904762,8,train
speed,205,0.7261904761904762,8,test_seen
speed,206,0.7261904761904762,8,train
speed,207,0.7261904761904762,8,val_seen
speed,208,0.7261904761904762,8,train
speed,209,0.7261904761904762,8,val_seen
speed,210,0.7261904761904762,8,train
speed,211,0.7261904761904762,8,test_seen
speed,212,0.7261904761904762,8,train
speed,213,0.7261904761904762,8,train
speed,214,0.7261904761904762,8,train
speed,215,0.7261904761904762,8,train
speed,216,0.7857142857142857,9,val_unseen
speed,217,0.7857142857142857,9,val_unseen
speed,218,0.7857142857142857,9,val_unseen
speed,219,0.7857142857142857,9,val_unseen
speed,220,0.7857142857142857,9,val_unseen
speed,221,0.7857142857142857,9,val_unseen
speed,222,0.7857142857142857,9,val_unseen
speed,223,0.7857142857142857,9,val_unseen
speed,224,0.7857142857142857,9,val_unseen
speed,225,0.7857142857142857,9,val_unseen
speed,226,0.7857142857142857,9,val_unseen
speed,227,0.7857142857142857,9,val_unseen
speed,228,0.7857142857142857,9,val_unseen
speed,229,0.7857142857142857,9,val_unseen
speed,230,0.7857142857142857,9,val_unseen
speed,231,0.7857142857142857,9,val_unseen
speed,232,0.7857142857142857,9,val_unseen
speed,233,0.7857142857142857,9,val_unseen
speed,234,0.7857142857142857,9,val_unseen
speed,235,0.7857142857142857,9,val_unseen
speed,236,0.7857142857142857,9,val_unseen
speed,237,0.7857142857142857,9,val_unseen
speed,238,0.7857142857142857,9,val_unseen
speed,239,0.7857142857142857,9,val_unseen
speed,240,0.8452380952380952,10,train
speed,241,0.8452380952380952,10,train
speed,242,0.8452380952380952,10,test_seen
speed,243,0.8452380952380952,10,val_seen
speed,244,0.8452380952380952,10,test_seen
speed,245,0.8452380952380952,10,val_seen
speed,246,0.8452380952380952,10,train
speed,247,0.8452380952380952,10,train
speed,248,0.8452380952380952,10,train
speed,249,0.8452380952380952,10,test_seen
speed,250,0.8452380952380952,10,train
speed,251,0.8452380952380952,10,train
speed,252,0.8452380952380952,10,val_seen
speed,253,0.8452380952380952,10,test_seen
speed,254,0.8452380952380952,10,train
speed,255,0.8452380952380952,10,train
speed,256,0.8452380952380952,10,train
speed,257,0.8452380952380952,10,train
speed,258,0.8452380952380952,10,train
speed,259,0.8452380952380952,10,train
speed,260,0.8452380952380952,10,val_seen
speed,261,0.8452380952380952,10,train
speed,262,0.8452380952380952,10,train
speed,263,0.8452380952380952,10,train
speed,264,0.9047619047619048,11,train
speed,265,0.9047619047619048,11,train
speed,266,0.9047619047619048,11,test_seen
speed,267,0.9047619047619048,11,train
speed,268,0.9047619047619048,11,train
speed,269,0.9047619047619048,11,val_seen
speed,270,0.9047619047619048,11,train
speed,271,0.9047619047619048,11,val_seen
speed,272,0.9047619047619048,11,train
speed,273,0.9047619047619048,11,train
speed,274,0.9047619047619048,11,train
speed,275,0.9047619047619048,11,test_seen
speed,276,0.9047619047619048,11,train
speed,277,0.9047619047619048,11,test_seen
speed,278,0.9047619047619048,11,train
speed,279,0.9047619047619048,11,train
speed,280,0.9047619047619048,11,train
speed,281,0.9047619047619048,11,val_seen
speed,282,0.9047619047619048,11,val_seen
speed,283,0.9047619047619048,11,train
speed,284,0.9047619047619048,11,train
speed,285,0.9047619047619048,11,train
speed,286,0.9047619047619048,11,test_seen
speed,287,0.9047619047619048,11,train
speed,288,0.9642857142857142,12,train
speed,289,0.9642857142857142,12,train
speed,290,0.9642857142857142,12,train
speed,291,0.9642857142857142,12,train
speed,292,0.9642857142857142,12,val_seen
speed,293,0.9642857142857142,12,train
speed,294,0.9642857142857142,12,train
speed,295,0.9642857142857142,12,train
speed,296,0.9642857142857142,12,val_seen
speed,297,0.9642857142857142,12,train
speed,298,0.9642857142857142,12,test_seen
speed,299,0.9642857142857142,12,train
speed,300,0.9642857142857142,12,val_seen
speed,301,0.9642857142857142,12,train
speed,302,0.9642857142857142,12,train
speed,303,0.9642857142857142,12,train
speed,304,0.9642857142857142,12,test_seen
speed,305,0.9642857142857142,12,train
speed,306,0.9642857142857142,12,train
speed,307,0.9642857142857142,12,test_seen
speed,308,0.9642857142857142,12,train
speed,309,0.9642857142857142,12,train
speed,310,0.9642857142857142,12,val_seen
speed,311,0.9642857142857142,12,test_seen
speed,312,1.0238095238095237,13,train
speed,313,1.0238095238095237,13,val_seen
speed,314,1.0238095238095237,13,test_seen
speed,315,1.0238095238095237,13,train
speed,316,1.0238095238095237,13,train
speed,317,1.0238095238095237,13,train
speed,318,1.0238095238095237,13,train
speed,319,1.0238095238095237,13,train
speed,320,1.0238095238095237,13,val_seen
speed,321,1.0238095238095237,13,test_seen
speed,322,1.0238095238095237,13,train
speed,323,1.0238095238095237,13,test_seen
speed,324,1.0238095238095237,13,val_seen
speed,325,1.0238095238095237,13,train
speed,326,1.0238095238095237,13,train
speed,327,1.0238095238095237,13,train
speed,328,1.0238095238095237,13,train
speed,329,1.0238095238095237,13,train
speed,330,1.0238095238095237,13,train
speed,331,1.0238095238095237,13,val_seen
speed,332,1.0238095238095237,13,train
speed,333,1.0238095238095237,13,test_seen
speed,334,1.0238095238095237,13,train
speed,335,1.0238095238095237,13,train
speed,336,1.0833333333333333,14,test_unseen
speed,337,1.0833333333333333,14,test_unseen
speed,338,1.0833333333333333,14,test_unseen
speed,339,1.0833333333333333,14,test_unseen
speed,340,1.0833333333333333,14,test_unseen
speed,341,1.0833333333333333,14,test_unseen
speed,342,1.0833333333333333,14,test_unseen
speed,343,1.0833333333333333,14,test_unseen
speed,344,1.0833333333333333,14,test_unseen
speed,345,1.0833333333333333,14,test_unseen
speed,346,1.0833333333333333,14,test_unseen
speed,347,1.0833333333333333,14,test_unseen
speed,348,1.0833333333333333,14,test_unseen
speed,349,1.0833333333333333,14,test_unseen
speed,350,1.0833333333333333,14,test_unseen
speed,351,1.0833333333333333,14,test_unseen
speed,352,1.0833333333333333,14,test_unseen
speed,353,1.0833333333333333,14,test_unseen
speed,354,1.0833333333333333,14,test_unseen
speed,355,1.0833333333333333,14,test_unseen
speed,356,1.0833333333333333,14,test_unseen
speed,357,1.0833333333333333,14,test_unseen
speed,358,1.0833333333333333,14,test_unseen
speed,359,1.0833333333333333,14,test_unseen
speed,360,1.1428571428571428,15,train
speed,361,1.1428571428571428,15,train
speed,362,1.1428571428571428,15,train
speed,363,1.1428571428571428,15,val_seen
speed,364,1.1428571428571428,15,val_seen
speed,365,1.1428571428571428,15,train
speed,366,1.1428571428571428,15,train
speed,367,1.1428571428571428,15,train
speed,368,1.1428571428571428,15,train
speed,369,1.1428571428571428,15,test_seen
speed,370,1.1428571428571428,15,val_seen
speed,371,1.1428571428571428,15,train
speed,372,1.1428571428571428,15,train
speed,373,1.1428571428571428,15,train
speed,374,1.1428571428571428,15,train
speed,375,1.1428571428571428,15,val_seen
speed,376,1.1428571428571428,15,train
speed,377,1.1428571428571428,15,train
speed,378,1.1428571428571428,15,test_seen
speed,379,1.1428571428571428,15,train
speed,380,1.1428571428571428,15,train
speed,381,1.1428571428571428,15,train
speed,382,1.1428571428571428,15,test_seen
speed,383,1.1428571428571428,15,test_seen
speed,384,1.2023809523809523,16,train
speed,385,1.2023809523809523,16,val_seen
speed,386,1.2023809523809523,16,test_seen
speed,387,1.2023809523809523,16,train
speed,388,1.2023809523809523,16,val_seen
speed,389,1.2023809523809523,16,train
speed,390,1.2023809523809523,16,test_seen
speed,391,1.2023809523809523,16,train
speed,392,1.2023809523809523,16,train
speed,393,1.2023809523809523,16,train
speed,394,1.2023809523809523,16,val_seen
speed,395,1.2023809523809523,16,train
speed,396,1.2023809523809523,16,train
speed,397,1.2023809523809523,16,val_seen
speed,398,1.2023809523809523,16,test_seen
speed,399,1.2023809523809523,16,train
speed,400,1.2023809523809523,16,train
speed,401,1.2023809523809523,16,train
speed,402,1.2023809523809523,16,train
speed,403,1.2023809523809523,16,train
speed,404,1.2023809523809523,16,train
speed,405,1.2023809523809523,16,train
speed,406,1.2023809523809523,16,train
speed,407,1.2023809523809523,16,test_seen
speed,408,1.2619047619047619,17,test_seen
speed,409,1.2619047619047619,17,train
speed,410,1.2619047619047619,17,train
speed,411,1.2619047619047619,17,train
speed,412,1.2619047619047619,17,val_seen
speed,413,1.2619047619047619,17,test_seen
speed,414,1.2619047619047619,17,train
speed,415,1.2619047619047619,17,train
speed,416,1.2619047619047619,17,test_seen
speed,417,1.2619047619047619,17,val_seen
speed,418,1.2619047619047619,17,val_seen
speed,419,1.2619047619047619,17,train
speed,420,1.2619047619047619,17,train
speed,421,1.2619047619047619,17,train
speed,422,1.2619047619047619,17,train
speed,423,1.2619047619047619,17,train
speed,424,1.2619047619047619,17,test_seen
speed,425,1.2619047619047619,17,train
speed,426,1.2619047619047619,17,train
speed,427,1.2619047619047619,17,train
speed,428,1.2619047619047619,17,val_seen
speed,429,1.2619047619047619,17,train
speed,430,1.2619047619047619,17,train
speed,431,1.2619047619047619,17,train
speed,432,1.3214285714285714,18,val_seen
speed,433,1.3214285714285714,18,train
speed,434,1.3214285714285714,18,train
speed,435,1.3214285714285714,18,train
speed,436,1.3214285714285714,18,train
speed,437,1.3214285714285714,18,train
speed,438,1.3214285714285714,18,val_seen
speed,439,1.3214285714285714,18,val_seen
speed,440,1.3214285714285714,18,train
speed,441,1.3214285714285714,18,test_seen
speed,442,1.3214285714285714,18,test_seen
speed,443,1.3214285714285714,18,train
speed,444,1.3214285714285714,18,test_seen
speed,445,1.3214285714285714,18,val_seen
speed,446,1.3214285714285714,18,train
speed,447,1.3214285714285714,18,train
speed,448,1.3214285714285714,18,train
speed,449,1.3214285714285714,18,train
speed,450,1.3214285714285714,18,train
speed,451,1.3214285714285714,18,train
speed,452,1.3214285714285714,18,train
speed,453,1.3214285714285714,18,train
speed,454,1.3214285714285714,18,train
speed,455,1.3214285714285714,18,test_seen
speed,456,1.380952380952381,19,test_unseen
speed,457,1.380952380952381,19,test_unseen
speed,458,1.380952380952381,19,test_unseen
speed,459,1.380952380952381,19,test_unseen
speed,460,1.380952380952381,19,test_unseen
speed,461,1.380952380952381,19,test_unseen
speed,462,1.380952380952381,19,test_unseen
speed,463,1.380952380952381,19,test_unseen
speed,464,1.380952380952381,19,test_unseen
speed,465,1.380952380952381,19,test_unseen
speed,466,1.380952380952381,19,test_unseen
speed,467,1.380952380952381,19,test_unseen
speed,468,1.380952380952381,19,test_unseen
speed,469,1.380952380952381,19,test_unseen
speed,470,1.380952380952381,19,test_unseen
speed,471,1.380952380952381,19,test_unseen
speed,472,1.380952380952381,19,test_unseen
speed,473,1.380952380952381,19,test_unseen
speed,474,1.380952380952381,19,test_unseen
speed,475,1.380952380952381,19,test_unseen
speed,476,1.380952380952381,19,test_unseen
speed,477,1.380952380952381,19,test_unseen
speed,478,1.380952380952381,19,test_unseen
speed,479,1.380952380952381,19,test_unseen
speed,480,1.4404761904761905,20,test_seen
speed,481,1.4404761904761905,20,train
speed,482,1.4404761904761905,20,train
speed,483,1.4404761904761905,20,train
speed,484,1.4404761904761905,20,train
speed,485,1.4404761904761905,20,test_seen
speed,486,1.4404761904761905,20,train
speed,487,1.4404761904761905,20,train
speed,488,1.4404761904761905,20,train
speed,489,1.4404761904761905,20,val_seen
speed,490,1.4404761904761905,20,val_seen
speed,491,1.4404761904761905,20,train
speed,492,1.4404761904761905,20,train
speed,493,1.4404761904761905,20,train
speed,494,1.4404761904761905,20,val_seen
speed,495,1.4404761904761905,20,train
speed,496,1.4404761904761905,20,train
speed,497,1.4404761904761905,20,train
speed,498,1.4404761904761905,20,train
speed,499,1.4404761904761905,20,train
speed,500,1.4404761904761905,20,test_seen
speed,501,1.4404761904761905,20,test_seen
speed,502,1.4404761904761905,20,val_seen
speed,503,1.4404761904761905,20,train
speed,504,1.5,21,val_seen
speed,505,1.5,21,train
speed,506,1.5,21,train
speed,507,1.5,21,train
speed,508,1.5,21,train
speed,509,1.5,21,train
speed,510,1.5,21,val_seen
speed,511,1.5,21,train
speed,512,1.5,21,train
speed,513,1.5,21,val_seen
speed,514,1.5,21,test_seen
speed,515,1.5,21,train
speed,516,1.5,21,train
speed,517,1.5,21,train
speed,518,1.5,21,train
speed,519,1.5,21,test_seen
speed,520,1.5,21,train
speed,521,1.5,21,train
speed,522,1.5,21,train
speed,523,1.5,21,test_seen
speed,524,1.5,21,test_seen
speed,525,1.5,21,val_seen
speed,526,1.5,21,train
speed,527,1.5,21,train
speed,528,1.5595238095238095,22,train
speed,529,1.5595238095238095,22,train
speed,530,1.5595238095238095,22,train
speed,531,1.5595238095238095,22,train
speed,532,1.5595238095238095,22,train
speed,533,1.5595238095238095,22,train
speed,534,1.5595238095238095,22,val_seen
speed,535,1.5595238095238095,22,train
speed,536,1.5595238095238095,22,train
speed,537,1.5595238095238095,22,val_seen
speed,538,1.5595238095238095,22,train
speed,539,1.5595238095238095,22,train
speed,540,1.5595238095238095,22,test_seen
speed,541,1.5595238095238095,22,val_seen
speed,542,1.5595238095238095,22,train
speed,543,1.5595238095238095,22,test_seen
speed,544,1.5595238095238095,22,train
speed,545,1.5595238095238095,22,train
speed,546,1.5595238095238095,22,test_seen
speed,547,1.5595238095238095,22,train
speed,548,1.5595238095238095,22,test_seen
speed,549,1.5595238095238095,22,train
speed,550,1.5595238095238095,22,train
speed,551,1.5595238095238095,22,val_seen
speed,552,1.619047619047619,23,val_seen
speed,553,1.619047619047619,23,train
speed,554,1.619047619047619,23,test_seen
speed,555,1.619047619047619,23,test_seen
speed,556,1.619047619047619,23,train
speed,557,1.619047619047619,23,train
speed,558,1.619047619047619,23,train
speed,559,1.619047619047619,23,val_seen
speed,560,1.619047619047619,23,train
speed,561,1.619047619047619,23,test_seen
speed,562,1.619047619047619,23,train
speed,563,1.619047619047619,23,train
speed,564,1.619047619047619,23,train
speed,565,1.619047619047619,23,train
speed,566,1.619047619047619,23,train
speed,567,1.619047619047619,23,val_seen
speed,568,1.619047619047619,23,train
speed,569,1.619047619047619,23,train
speed,570,1.619047619047619,23,train
speed,571,1.619047619047619,23,train
speed,572,1.619047619047619,23,val_seen
speed,573,1.619047619047619,23,train
speed,574,1.619047619047619,23,test_seen
speed,575,1.619047619047619,23,train
speed,576,1.6785714285714284,24,val_unseen
speed,577,1.6785714285714284,24,val_unseen
speed,578,1.6785714285714284,24,val_unseen
speed,579,1.6785714285714284,24,val_unseen
speed,580,1.6785714285714284,24,val_unseen
speed,581,1.6785714285714284,24,val_unseen
speed,582,1.6785714285714284,24,val_unseen
speed,583,1.6785714285714284,24,val_unseen
speed,584,1.6785714285714284,24,val_unseen
speed,585,1.6785714285714284,24,val_unseen
speed,586,1.6785714285714284,24,val_unseen
speed,587,1.6785714285714284,24,val_unseen
speed,588,1.6785714285714284,24,val_unseen
speed,589,1.6785714285714284,24,val_unseen
speed,590,1.6785714285714284,24,val_unseen
speed,591,1.6785714285714284,24,val_unseen
speed,592,1.6785714285714284,24,val_unseen
speed,593,1.6785714285714284,24,val_unseen
speed,594,1.6785714285714284,24,val_unseen
speed,595,1.6785714285714284,24,val_unseen
speed,596,1.6785714285714284,24,val_unseen
speed,597,1.6785714285714284,24,val_unseen
speed,598,1.6785714285714284,24,val_unseen
speed,599,1.6785714285714284,24,val_unseen
speed,600,1.738095238095238,25,train
speed,601,1.738095238095238,25,train
speed,602,1.738095238095238,25,train
speed,603,1.738095238095238,25,test_seen
speed,604,1.738095238095238,25,train
speed,605,1.738095238095238,25,train
speed,606,1.738095238095238,25,train
speed,607,1.738095238095238,25,train
speed,608,1.738095238095238,25,train
speed,609,1.738095238095238,25,train
speed,610,1.738095238095238,25,val_seen
speed,611,1.738095238095238,25,test_seen
speed,612,1.738095238095238,25,train
speed,613,1.738095238095238,25,train
speed,614,1.738095238095238,25,train
speed,615,1.738095238095238,25,test_seen
speed,616,1.738095238095238,25,train
speed,617,1.738095238095238,25,train
speed,618,1.738095238095238,25,val_seen
speed,619,1.738095238095238,25,test_seen
speed,620,1.738095238095238,25,train
speed,621,1.738095238095238,25,val_seen
speed,622,1.738095238095238,25,train
speed,623,1.738095238095238,25,val_seen
speed,624,1.7976190476190474,26,val_seen
speed,625,1.7976190476190474,26,train
speed,626,1.7976190476190474,26,train
speed,627,1.7976190476190474,26,test_seen
speed,628,1.7976190476190474,26,val_seen
speed,629,1.7976190476190474,26,train
speed,630,1.7976190476190474,26,train
speed,631,1.7976190476190474,26,test_seen
speed,632,1.7976190476190474,26,train
speed,633,1.7976190476190474,26,train
speed,634,1.7976190476190474,26,val_seen
speed,635,1.7976190476190474,26,train
speed,636,1.7976190476190474,26,train
speed,637,1.7976190476190474,26,train
speed,638,1.7976190476190474,26,train
speed,639,1.7976190476190474,26,test_seen
speed,640,1.7976190476190474,26,train
speed,641,1.7976190476190474,26,val_seen
speed,642,1.7976190476190474,26,train
speed,643,1.7976190476190474,26,train
speed,644,1.7976190476190474,26,train
speed,645,1.7976190476190474,26,train
speed,646,1.7976190476190474,26,train
speed,647,1.7976190476190474,26,test_seen
speed,648,1.857142857142857,27,train
speed,649,1.857142857142857,27,train
speed,650,1.857142857142857,27,test_seen
speed,651,1.857142857142857,27,test_seen
speed,652,1.857142857142857,27,val_seen
speed,653,1.857142857142857,27,train
speed,654,1.857142857142857,27,test_seen
speed,655,1.857142857142857,27,val_seen
speed,656,1.857142857142857,27,val_seen
speed,657,1.857142857142857,27,train
speed,658,1.857142857142857,27,train
speed,659,1.857142857142857,27,train
speed,660,1.857142857142857,27,train
speed,661,1.857142857142857,27,train
speed,662,1.857142857142857,27,train
speed,663,1.857142857142857,27,val_seen
speed,664,1.857142857142857,27,train
speed,665,1.857142857142857,27,train
speed,666,1.857142857142857,27,train
speed,667,1.857142857142857,27,test_seen
speed,668,1.857142857142857,27,train
speed,669,1.857142857142857,27,train
speed,670,1.857142857142857,27,train
speed,671,1.857142857142857,27,train
speed,672,1.9166666666666665,28,train
speed,673,1.9166666666666665,28,train
speed,674,1.9166666666666665,28,train
speed,675,1.9166666666666665,28,train
speed,676,1.9166666666666665,28,train
speed,677,1.9166666666666665,28,test_seen
speed,678,1.9166666666666665,28,train
speed,679,1.9166666666666665,28,train
speed,680,1.9166666666666665,28,test_seen
speed,681,1.9166666666666665,28,train
speed,682,1.9166666666666665,28,train
speed,683,1.9166666666666665,28,train
speed,684,1.9166666666666665,28,val_seen
speed,685,1.9166666666666665,28,train
speed,686,1.9166666666666665,28,val_seen
speed,687,1.9166666666666665,28,train
speed,688,1.9166666666666665,28,train
speed,689,1.9166666666666665,28,val_seen
speed,690,1.9166666666666665,28,test_seen
speed,691,1.9166666666666665,28,train
speed,692,1.9166666666666665,28,val_seen
speed,693,1.9166666666666665,28,train
speed,694,1.9166666666666665,28,train
speed,695,1.9166666666666665,28,test_seen
speed,696,1.976190476190476,29,test_unseen
speed,697,1.976190476190476,29,test_unseen
speed,698,1.976190476190476,29,test_unseen
speed,699,1.976190476190476,29,test_unseen
speed,700,1.976190476190476,29,test_unseen
speed,701,1.976190476190476,29,test_unseen
speed,702,1.976190476190476,29,test_unseen
speed,703,1.976190476190476,29,test_unseen
speed,704,1.976190476190476,29,test_unseen
speed,705,1.976190476190476,29,test_unseen
speed,706,1.976190476190476,29,test_unseen
speed,707,1.976190476190476,29,test_unseen
speed,708,1.976190476190476,29,test_unseen
speed,709,1.976190476190476,29,test_unseen
speed,710,1.976190476190476,29,test_unseen
speed,711,1.976190476190476,29,test_unseen
speed,712,1.976190476190476,29,test_unseen
speed,713,1.976190476190476,29,test_unseen
speed,714,1.976190476190476,29,test_unseen
speed,715,1.976190476190476,29,test_unseen
speed,716,1.976190476190476,29,test_unseen
speed,717,1.976190476190476,29,test_unseen
speed,718,1.976190476190476,29,test_unseen
speed,719,1.976190476190476,29,test_unseen
speed,720,2.0357142857142856,30,train
speed,721,2.0357142857142856,30,train
speed,722,2.0357142857142856,30,train
speed,723,2.0357142857142856,30,val_seen
speed,724,2.0357142857142856,30,train
speed,725,2.0357142857142856,30,train
speed,726,2.0357142857142856,30,train
speed,727,2.0357142857142856,30,test_seen
speed,728,2.0357142857142856,30,train
speed,729,2.0357142857142856,30,train
speed,730,2.0357142857142856,30,test_seen
speed,731,2.0357142857142856,30,train
speed,732,2.0357142857142856,30,test_seen
speed,733,2.0357142857142856,30,train
speed,734,2.0357142857142856,30,train
speed,735,2.0357142857142856,30,test_seen
speed,736,2.0357142857142856,30,train
speed,737,2.0357142857142856,30,val_seen
speed,738,2.0357142857142856,30,train
speed,739,2.0357142857142856,30,train
speed,740,2.0357142857142856,30,val_seen
speed,741,2.0357142857142856,30,val_seen
speed,742,2.0357142857142856,30,train
speed,743,2.0357142857142856,30,train
speed,744,2.095238095238095,31,train
speed,745,2.095238095238095,31,test_seen
speed,746,2.095238095238095,31,val_seen
speed,747,2.095238095238095,31,test_seen
speed,748,2.095238095238095,31,train
speed,749,2.095238095238095,31,train
speed,750,2.095238095238095,31,train
speed,751,2.095238095238095,31,train
speed,752,2.095238095238095,31,train
speed,753,2.095238095238095,31,train
speed,754,2.095238095238095,31,train
speed,755,2.095238095238095,31,train
speed,756,2.095238095238095,31,test_seen
speed,757,2.095238095238095,31,val_seen
speed,758,2.095238095238095,31,val_seen
speed,759,2.095238095238095,31,train
speed,760,2.095238095238095,31,val_seen
speed,761,2.095238095238095,31,train
speed,762,2.095238095238095,31,train
speed,763,2.095238095238095,31,train
speed,764,2.095238095238095,31,test_seen
speed,765,2.095238095238095,31,train
speed,766,2.095238095238095,31,train
speed,767,2.095238095238095,31,train
speed,768,2.1547619047619047,32,val_seen
speed,769,2.1547619047619047,32,train
speed,770,2.1547619047619047,32,test_seen
speed,771,2.1547619047619047,32,train
speed,772,2.1547619047619047,32,train
speed,773,2.1547619047619047,32,train
speed,774,2.1547619047619047,32,train
speed,775,2.1547619047619047,32,train
speed,776,2.1547619047619047,32,train
speed,777,2.1547619047619047,32,test_seen
speed,778,2.1547619047619047,32,test_seen
speed,779,2.1547619047619047,32,train
speed,780,2.1547619047619047,32,train
speed,781,2.1547619047619047,32,train
speed,782,2.1547619047619047,32,val_seen
speed,783,2.1547619047619047,32,test_seen
speed,784,2.1547619047619047,32,val_seen
speed,785,2.1547619047619047,32,train
speed,786,2.1547619047619047,32,train
speed,787,2.1547619047619047,32,train
speed,788,2.1547619047619047,32,train
speed,789,2.1547619047619047,32,val_seen
speed,790,2.1547619047619047,32,train
speed,791,2.1547619047619047,32,train
speed,792,2.2142857142857144,33,train
speed,793,2.2142857142857144,33,val_seen
speed,794,2.2142857142857144,33,train
speed,795,2.2142857142857144,33,test_seen
speed,796,2.2142857142857144,33,val_seen
speed,797,2.2142857142857144,33,train
speed,798,2.2142857142857144,33,train
speed,799,2.2142857142857144,33,train
speed,800,2.2142857142857144,33,val_seen
speed,801,2.2142857142857144,33,train
speed,802,2.2142857142857144,33,train
speed,803,2.2142857142857144,33,train
speed,804,2.2142857142857144,33,train
speed,805,2.2142857142857144,33,train
speed,806,2.2142857142857144,33,train
speed,807,2.2142857142857144,33,val_seen
speed,808,2.2142857142857144,33,test_seen
speed,809,2.2142857142857144,33,train
speed,810,2.2142857142857144,33,test_seen
speed,811,2.2142857142857144,33,test_seen
speed,812,2.2142857142857144,33,train
speed,813,2.2142857142857144,33,train
speed,814,2.2142857142857144,33,train
speed,815,2.2142857142857144,33,train
speed,816,2.2738095238095237,34,test_unseen
speed,817,2.2738095238095237,34,test_unseen
speed,818,2.2738095238095237,34,test_unseen
speed,819,2.2738095238095237,34,test_unseen
speed,820,2.2738095238095237,34,test_unseen
speed,821,2.2738095238095237,34,test_unseen
speed,822,2.2738095238095237,34,test_unseen
speed,823,2.2738095238095237,34,test_unseen
speed,824,2.2738095238095237,34,test_unseen
speed,825,2.2738095238095237,34,test_unseen
speed,826,2.2738095238095237,34,test_unseen
speed,827,2.2738095238095237,34,test_unseen
speed,828,2.2738095238095237,34,test_unseen
speed,829,2.2738095238095237,34,test_unseen
speed,830,2.2738095238095237,34,test_unseen
speed,831,2.2738095238095237,34,test_unseen
speed,832,2.2738095238095237,34,test_unseen
speed,833,2.2738095238095237,34,test_unseen
speed,834,2.2738095238095237,34,test_unseen
speed,835,2.2738095238095237,34,test_unseen
speed,836,2.2738095238095237,34,test_unseen
speed,837,2.2738095238095237,34,test_unseen
speed,838,2.2738095238095237,34,test_unseen
speed,839,2.2738095238095237,34,test_unseen
speed,840,2.333333333333333,35,test_seen
speed,841,2.333333333333333,35,test_seen
speed,842,2.333333333333333,35,train
speed,843,2.333333333333333,35,test_seen
speed,844,2.333333333333333,35,val_seen
speed,845,2.333333333333333,35,val_seen
speed,846,2.333333333333333,35,train
speed,847,2.333333333333333,35,train
speed,848,2.333333333333333,35,test_seen
speed,849,2.333333333333333,35,train
speed,850,2.333333333333333,35,train
speed,851,2.333333333333333,35,train
speed,852,2.333333333333333,35,train
speed,853,2.333333333333333,35,train
speed,854,2.333333333333333,35,train
speed,855,2.333333333333333,35,train
speed,856,2.333333333333333,35,train
speed,857,2.333333333333333,35,train
speed,858,2.333333333333333,35,train
speed,859,2.333333333333333,35,train
speed,860,2.333333333333333,35,train
speed,861,2.333333333333333,35,val_seen
speed,862,2.333333333333333,35,train
speed,863,2.333333333333333,35,val_seen
speed,864,2.392857142857143,36,test_seen
speed,865,2.392857142857143,36,test_seen
speed,866,2.392857142857143,36,train
speed,867,2.392857142857143,36,train
speed,868,2.392857142857143,36,train
speed,869,2.392857142857143,36,train
speed,870,2.392857142857143,36,train
speed,871,2.392857142857143,36,train
speed,872,2.392857142857143,36,train
speed,873,2.392857142857143,36,train
speed,874,2.392857142857143,36,val_seen
speed,875,2.392857142857143,36,test_seen
speed,876,2.392857142857143,36,val_seen
speed,877,2.392857142857143,36,train
speed,878,2.392857142857143,36,train
speed,879,2.392857142857143,36,train
speed,880,2.392857142857143,36,train
speed,881,2.392857142857143,36,train
speed,882,2.392857142857143,36,train
speed,883,2.392857142857143,36,val_seen
speed,884,2.392857142857143,36,train
speed,885,2.392857142857143,36,test_seen
speed,886,2.392857142857143,36,train
speed,887,2.392857142857143,36,val_seen
speed,888,2.452380952380952,37,val_seen
speed,889,2.452380952380952,37,val_seen
speed,890,2.452380952380952,37,test_seen
speed,891,2.452380952380952,37,train
speed,892,2.452380952380952,37,train
speed,893,2.452380952380952,37,train
speed,894,2.452380952380952,37,train
speed,895,2.452380952380952,37,train
speed,896,2.452380952380952,37,train
speed,897,2.452380952380952,37,train
speed,898,2.452380952380952,37,val_seen
speed,899,2.452380952380952,37,train
speed,900,2.452380952380952,37,test_seen
speed,901,2.452380952380952,37,train
speed,902,2.452380952380952,37,train
speed,903,2.452380952380952,37,train
speed,904,2.452380952380952,37,train
speed,905,2.452380952380952,37,train
speed,906,2.452380952380952,37,val_seen
speed,907,2.452380952380952,37,test_seen
speed,908,2.452380952380952,37,train
speed,909,2.452380952380952,37,train
speed,910,2.452380952380952,37,train
speed,911,2.452380952380952,37,test_seen
speed,912,2.511904761904762,38,train
speed,913,2.511904761904762,38,train
speed,914,2.511904761904762,38,train
speed,915,2.511904761904762,38,val_seen
speed,916,2.511904761904762,38,train
speed,917,2.511904761904762,38,val_seen
speed,918,2.511904761904762,38,train
speed,919,2.511904761904762,38,train
speed,920,2.511904761904762,38,test_seen
speed,921,2.511904761904762,38,train
speed,922,2.511904761904762,38,train
speed,923,2.511904761904762,38,train
speed,924,2.511904761904762,38,val_seen
speed,925,2.511904761904762,38,train
speed,926,2.511904761904762,38,train
speed,927,2.511904761904762,38,train
speed,928,2.511904761904762,38,test_seen
speed,929,2.511904761904762,38,train
speed,930,2.511904761904762,38,val_seen
speed,931,2.511904761904762,38,train
speed,932,2.511904761904762,38,test_seen
speed,933,2.511904761904762,38,test_seen
speed,934,2.511904761904762,38,train
speed,935,2.511904761904762,38,train
speed,936,2.571428571428571,39,val_unseen
speed,937,2.571428571428571,39,val_unseen
speed,938,2.571428571428571,39,val_unseen
speed,939,2.571428571428571,39,val_unseen
speed,940,2.571428571428571,39,val_unseen
speed,941,2.571428571428571,39,val_unseen
speed,942,2.571428571428571,39,val_unseen
speed,943,2.571428571428571,39,val_unseen
speed,944,2.571428571428571,39,val_unseen
speed,945,2.571428571428571,39,val_unseen
speed,946,2.571428571428571,39,val_unseen
speed,947,2.571428571428571,39,val_unseen
speed,948,2.571428571428571,39,val_unseen
speed,949,2.571428571428571,39,val_unseen
speed,950,2.571428571428571,39,val_unseen
speed,951,2.571428571428571,39,val_unseen
speed,952,2.571428571428571,39,val_unseen
speed,953,2.571428571428571,39,val_unseen
speed,954,2.571428571428571,39,val_unseen
speed,955,2.571428571428571,39,val_unseen
speed,956,2.571428571428571,39,val_unseen
speed,957,2.571428571428571,39,val_unseen
speed,958,2.571428571428571,39,val_unseen
speed,959,2.571428571428571,39,val_unseen
speed,960,2.630952380952381,40,train
speed,961,2.630952380952381,40,val_seen
speed,962,2.630952380952381,40,train
speed,963,2.630952380952381,40,train
speed,964,2.630952380952381,40,train
speed,965,2.630952380952381,40,test_seen
speed,966,2.630952380952381,40,train
speed,967,2.630952380952381,40,test_seen
speed,968,2.630952380952381,40,train
speed,969,2.630952380952381,40,train
speed,970,2.630952380952381,40,train
speed,971,2.630952380952381,40,val_seen
speed,972,2.630952380952381,40,train
speed,973,2.630952380952381,40,val_seen
speed,974,2.630952380952381,40,test_seen
speed,975,2.630952380952381,40,train
speed,976,2.630952380952381,40,train
speed,977,2.630952380952381,40,train
speed,978,2.630952380952381,40,train
speed,979,2.630952380952381,40,val_seen
speed,980,2.630952380952381,40,train
speed,981,2.630952380952381,40,test_seen
speed,982,2.630952380952381,40,train
speed,983,2.630952380952381,40,train
speed,984,2.6904761904761902,41,train
speed,985,2.6904761904761902,41,train
speed,986,2.6904761904761902,41,train
speed,987,2.6904761904761902,41,train
speed,988,2.6904761904761902,41,train
speed,989,2.6904761904761902,41,val_seen
speed,990,2.6904761904761902,41,train
speed,991,2.6904761904761902,41,test_seen
speed,992,2.6904761904761902,41,train
speed,993,2.6904761904761902,41,train
speed,994,2.6904761904761902,41,train
speed,995,2.6904761904761902,41,test_seen
speed,996,2.6904761904761902,41,val_seen
speed,997,2.6904761904761902,41,val_seen
speed,998,2.6904761904761902,41,test_seen
speed,999,2.6904761904761902,41,val_seen
speed,1000,2.6904761904761902,41,train
speed,1001,2.6904761904761902,41,train
speed,1002,2.6904761904761902,41,train
speed,1003,2.6904761904761902,41,train
speed,1004,2.6904761904761902,41,test_seen
speed,1005,2.6904761904761902,41,train
speed,1006,2.6904761904761902,41,train
speed,1007,2.6904761904761902,41,train
speed,1008,2.75,42,train
speed,1009,2.75,42,train
speed,1010,2.75,42,train
speed,1011,2.75,42,train
speed,1012,2.75,42,train
speed,1013,2.75,42,train
speed,1014,2.75,42,train
speed,1015,2.75,42,val_seen
speed,1016,2.75,42,val_seen
speed,1017,2.75,42,train
speed,1018,2.75,42,train
speed,1019,2.75,42,val_seen
speed,1020,2.75,42,test_seen
speed,1021,2.75,42,train
speed,1022,2.75,42,train
speed,1023,2.75,42,test_seen
speed,1024,2.75,42,val_seen
speed,1025,2.75,42,train
speed,1026,2.75,42,train
speed,1027,2.75,42,test_seen
speed,1028,2.75,42,train
speed,1029,2.75,42,train
speed,1030,2.75,42,train
speed,1031,2.75,42,test_seen
speed,1032,2.8095238095238093,43,test_seen
speed,1033,2.8095238095238093,43,train
speed,1034,2.8095238095238093,43,train
speed,1035,2.8095238095238093,43,train
speed,1036,2.8095238095238093,43,train
speed,1037,2.8095238095238093,43,test_seen
speed,1038,2.8095238095238093,43,val_seen
speed,1039,2.8095238095238093,43,train
speed,1040,2.8095238095238093,43,train
speed,1041,2.8095238095238093,43,train
speed,1042,2.8095238095238093,43,train
speed,1043,2.8095238095238093,43,train
speed,1044,2.8095238095238093,43,train
speed,1045,2.8095238095238093,43,test_seen
speed,1046,2.8095238095238093,43,train
speed,1047,2.8095238095238093,43,train
speed,1048,2.8095238095238093,43,val_seen
speed,1049,2.8095238095238093,43,train
speed,1050,2.8095238095238093,43,train
speed,1051,2.8095238095238093,43,train
speed,1052,2.8095238095238093,43,val_seen
speed,1053,2.8095238095238093,43,val_seen
speed,1054,2.8095238095238093,43,train
speed,1055,2.8095238095238093,43,test_seen
speed,1056,2.869047619047619,44,test_unseen
speed,1057,2.869047619047619,44,test_unseen
speed,1058,2.869047619047619,44,test_unseen
speed,1059,2.869047619047619,44,test_unseen
speed,1060,2.869047619047619,44,test_unseen
speed,1061,2.869047619047619,44,test_unseen
speed,1062,2.869047619047619,44,test_unseen
speed,1063,2.869047619047619,44,test_unseen
speed,1064,2.869047619047619,44,test_unseen
speed,1065,2.869047619047619,44,test_unseen
speed,1066,2.869047619047619,44,test_unseen
speed,1067,2.869047619047619,44,test_unseen
speed,1068,2.869047619047619,44,test_unseen
speed,1069,2.869047619047619,44,test_unseen
speed,1070,2.869047619047619,44,test_unseen
speed,1071,2.869047619047619,44,test_unseen
speed,1072,2.869047619047619,44,test_unseen
speed,1073,2.869047619047619,44,test_unseen
speed,1074,2.869047619047619,44,test_unseen
speed,1075,2.869047619047619,44,test_unseen
speed,1076,2.869047619047619,44,test_unseen
speed,1077,2.869047619047619,44,test_unseen
speed,1078,2.869047619047619,44,test_unseen
speed,1079,2.869047619047619,44,test_unseen
speed,1080,2.9285714285714284,45,val_seen
speed,1081,2.9285714285714284,45,train
speed,1082,2.9285714285714284,45,test_seen
speed,1083,2.9285714285714284,45,train
speed,1084,2.9285714285714284,45,train
speed,1085,2.9285714285714284,45,train
speed,1086,2.9285714285714284,45,train
speed,1087,2.9285714285714284,45,train
speed,1088,2.9285714285714284,45,train
speed,1089,2.9285714285714284,45,train
speed,1090,2.9285714285714284,45,test_seen
speed,1091,2.9285714285714284,45,train
speed,1092,2.9285714285714284,45,train
speed,1093,2.9285714285714284,45,test_seen
speed,1094,2.9285714285714284,45,train
speed,1095,2.9285714285714284,45,val_seen
speed,1096,2.9285714285714284,45,train
speed,1097,2.9285714285714284,45,train
speed,1098,2.9285714285714284,45,train
speed,1099,2.9285714285714284,45,val_seen
speed,1100,2.9285714285714284,45,val_seen
speed,1101,2.9285714285714284,45,train
speed,1102,2.9285714285714284,45,train
speed,1103,2.9285714285714284,45,test_seen
speed,1104,2.988095238095238,46,train
speed,1105,2.988095238095238,46,train
speed,1106,2.988095238095238,46,train
speed,1107,2.988095238095238,46,train
speed,1108,2.988095238095238,46,val_seen
speed,1109,2.988095238095238,46,train
speed,1110,2.988095238095238,46,train
speed,1111,2.988095238095238,46,train
speed,1112,2.988095238095238,46,val_seen
speed,1113,2.988095238095238,46,test_seen
speed,1114,2.988095238095238,46,val_seen
speed,1115,2.988095238095238,46,test_seen
speed,1116,2.988095238095238,46,train
speed,1117,2.988095238095238,46,train
speed,1118,2.988095238095238,46,train
speed,1119,2.988095238095238,46,train
speed,1120,2.988095238095238,46,train
speed,1121,2.988095238095238,46,train
speed,1122,2.988095238095238,46,test_seen
speed,1123,2.988095238095238,46,train
speed,1124,2.988095238095238,46,val_seen
speed,1125,2.988095238095238,46,train
speed,1126,2.988095238095238,46,train
speed,1127,2.988095238095238,46,test_seen
speed,1128,3.0476190476190474,47,val_seen
speed,1129,3.0476190476190474,47,train
speed,1130,3.0476190476190474,47,train
speed,1131,3.0476190476190474,47,train
speed,1132,3.0476190476190474,47,train
speed,1133,3.0476190476190474,47,val_seen
speed,1134,3.0476190476190474,47,train
speed,1135,3.0476190476190474,47,test_seen
speed,1136,3.0476190476190474,47,val_seen
speed,1137,3.0476190476190474,47,train
speed,1138,3.0476190476190474,47,train
speed,1139,3.0476190476190474,47,test_seen
speed,1140,3.0476190476190474,47,train
speed,1141,3.0476190476190474,47,train
speed,1142,3.0476190476190474,47,train
speed,1143,3.0476190476190474,47,train
speed,1144,3.0476190476190474,47,train
speed,1145,3.0476190476190474,47,train
speed,1146,3.0476190476190474,47,test_seen
speed,1147,3.0476190476190474,47,train
speed,1148,3.0476190476190474,47,val_seen
speed,1149,3.0476190476190474,47,train
speed,1150,3.0476190476190474,47,train
speed,1151,3.0476190476190474,47,test_seen
speed,1152,3.1071428571428568,48,test_seen
speed,1153,3.1071428571428568,48,train
speed,1154,3.1071428571428568,48,train
speed,1155,3.1071428571428568,48,train
speed,1156,3.1071428571428568,48,train
speed,1157,3.1071428571428568,48,train
speed,1158,3.1071428571428568,48,val_seen
speed,1159,3.1071428571428568,48,train
speed,1160,3.1071428571428568,48,train
speed,1161,3.1071428571428568,48,val_seen
speed,1162,3.1071428571428568,48,test_seen
speed,1163,3.1071428571428568,48,test_seen
speed,1164,3.1071428571428568,48,val_seen
speed,1165,3.1071428571428568,48,val_seen
speed,1166,3.1071428571428568,48,train
speed,1167,3.1071428571428568,48,train
speed,1168,3.1071428571428568,48,train
speed,1169,3.1071428571428568,48,train
speed,1170,3.1071428571428568,48,train
speed,1171,3.1071428571428568,48,train
speed,1172,3.1071428571428568,48,test_seen
speed,1173,3.1071428571428568,48,train
speed,1174,3.1071428571428568,48,train
speed,1175,3.1071428571428568,48,train
speed,1176,3.1666666666666665,49,test_unseen
speed,1177,3.1666666666666665,49,test_unseen
speed,1178,3.1666666666666665,49,test_unseen
speed,1179,3.1666666666666665,49,test_unseen
speed,1180,3.1666666666666665,49,test_unseen
speed,1181,3.1666666666666665,49,test_unseen
speed,1182,3.1666666666666665,49,test_unseen
speed,1183,3.1666666666666665,49,test_unseen
speed,1184,3.1666666666666665,49,test_unseen
speed,1185,3.1666666666666665,49,test_unseen
speed,1186,3.1666666666666665,49,test_unseen
speed,1187,3.1666666666666665,49,test_unseen
speed,1188,3.1666666666666665,49,test_unseen
speed,1189,3.1666666666666665,49,test_unseen
speed,1190,3.1666666666666665,49,test_unseen
speed,1191,3.1666666666666665,49,test_unseen
speed,1192,3.1666666666666665,49,test_unseen
speed,1193,3.1666666666666665,49,test_unseen
speed,1194,3.1666666666666665,49,test_unseen
speed,1195,3.1666666666666665,49,test_unseen
speed,1196,3.1666666666666665,49,test_unseen
speed,1197,3.1666666666666665,49,test_unseen
speed,1198,3.1666666666666665,49,test_unseen
speed,1199,3.1666666666666665,49,test_unseen
speed,1200,3.226190476190476,50,train
speed,1201,3.226190476190476,50,train
speed,1202,3.226190476190476,50,val_seen
speed,1203,3.226190476190476,50,train
speed,1204,3.226190476190476,50,train
speed,1205,3.226190476190476,50,train
speed,1206,3.226190476190476,50,train
speed,1207,3.226190476190476,50,train
speed,1208,3.226190476190476,50,train
speed,1209,3.226190476190476,50,train
speed,1210,3.226190476190476,50,test_seen
speed,1211,3.226190476190476,50,train
speed,1212,3.226190476190476,50,train
speed,1213,3.226190476190476,50,train
speed,1214,3.226190476190476,50,test_seen
speed,1215,3.226190476190476,50,test_seen
speed,1216,3.226190476190476,50,val_seen
speed,1217,3.226190476190476,50,val_seen
speed,1218,3.226190476190476,50,train
speed,1219,3.226190476190476,50,test_seen
speed,1220,3.226190476190476,50,train
speed,1221,3.226190476190476,50,val_seen
speed,1222,3.226190476190476,50,train
speed,1223,3.226190476190476,50,train
speed,1224,3.2857142857142856,51,train
speed,1225,3.2857142857142856,51,train
speed,1226,3.2857142857142856,51,test_seen
speed,1227,3.2857142857142856,51,test_seen
speed,1228,3.2857142857142856,51,train
speed,1229,3.2857142857142856,51,train
speed,1230,3.2857142857142856,51,train
speed,1231,3.2857142857142856,51,val_seen
speed,1232,3.2857142857142856,51,train
speed,1233,3.2857142857142856,51,test_seen
speed,1234,3.2857142857142856,51,train
speed,1235,3.2857142857142856,51,test_seen
speed,1236,3.2857142857142856,51,train
speed,1237,3.2857142857142856,51,train
speed,1238,3.2857142857142856,51,train
speed,1239,3.2857142857142856,51,train
speed,1240,3.2857142857142856,51,val_seen
speed,1241,3.2857142857142856,51,train
speed,1242,3.2857142857142856,51,train
speed,1243,3.2857142857142856,51,train
speed,1244,3.2857142857142856,51,train
speed,1245,3.2857142857142856,51,val_seen
speed,1246,3.2857142857142856,51,val_seen
speed,1247,3.2857142857142856,51,train
speed,1248,3.345238095238095,52,train
speed,1249,3.345238095238095,52,train
speed,1250,3.345238095238095,52,train
speed,1251,3.345238095238095,52,val_seen
speed,1252,3.345238095238095,52,test_seen
speed,1253,3.345238095238095,52,train
speed,1254,3.345238095238095,52,train
speed,1255,3.345238095238095,52,train
speed,1256,3.345238095238095,52,train
speed,1257,3.345238095238095,52,val_seen
speed,1258,3.345238095238095,52,test_seen
speed,1259,3.345238095238095,52,train
speed,1260,3.345238095238095,52,train
speed,1261,3.345238095238095,52,val_seen
speed,1262,3.345238095238095,52,test_seen
speed,1263,3.345238095238095,52,train
speed,1264,3.345238095238095,52,train
speed,1265,3.345238095238095,52,val_seen
speed,1266,3.345238095238095,52,train
speed,1267,3.345238095238095,52,train
speed,1268,3.345238095238095,52,train
speed,1269,3.345238095238095,52,train
speed,1270,3.345238095238095,52,test_seen
speed,1271,3.345238095238095,52,train
speed,1272,3.4047619047619047,53,train
speed,1273,3.4047619047619047,53,train
speed,1274,3.4047619047619047,53,train
speed,1275,3.4047619047619047,53,train
speed,1276,3.4047619047619047,53,train
speed,1277,3.4047619047619047,53,test_seen
speed,1278,3.4047619047619047,53,train
speed,1279,3.4047619047619047,53,test_seen
speed,1280,3.4047619047619047,53,val_seen
speed,1281,3.4047619047619047,53,val_seen
speed,1282,3.4047619047619047,53,train
speed,1283,3.4047619047619047,53,val_seen
speed,1284,3.4047619047619047,53,train
speed,1285,3.4047619047619047,53,train
speed,1286,3.4047619047619047,53,train
speed,1287,3.4047619047619047,53,train
speed,1288,3.4047619047619047,53,train
speed,1289,3.4047619047619047,53,val_seen
speed,1290,3.4047619047619047,53,train
speed,1291,3.4047619047619047,53,train
speed,1292,3.4047619047619047,53,test_seen
speed,1293,3.4047619047619047,53,test_seen
speed,1294,3.4047619047619047,53,train
speed,1295,3.4047619047619047,53,train
speed,1296,3.464285714285714,54,val_unseen
speed,1297,3.464285714285714,54,val_unseen
speed,1298,3.464285714285714,54,val_unseen
speed,1299,3.464285714285714,54,val_unseen
speed,1300,3.464285714285714,54,val_unseen
speed,1301,3.464285714285714,54,val_unseen
speed,1302,3.464285714285714,54,val_unseen
speed,1303,3.464285714285714,54,val_unseen
speed,1304,3.464285714285714,54,val_unseen
speed,1305,3.464285714285714,54,val_unseen
speed,1306,3.464285714285714,54,val_unseen
speed,1307,3.464285714285714,54,val_unseen
speed,1308,3.464285714285714,54,val_unseen
speed,1309,3.464285714285714,54,val_unseen
speed,1310,3.464285714285714,54,val_unseen
speed,1311,3.464285714285714,54,val_unseen
speed,1312,3.464285714285714,54,val_unseen
speed,1313,3.464285714285714,54,val_unseen
speed,1314,3.464285714285714,54,val_unseen
speed,1315,3.464285714285714,54,val_unseen
speed,1316,3.464285714285714,54,val_unseen
speed,1317,3.464285714285714,54,val_unseen
speed,1318,3.464285714285714,54,val_unseen
speed,1319,3.464285714285714,54,val_unseen
speed,1320,3.5238095238095237,55,val_seen
speed,1321,3.5238095238095237,55,train
speed,1322,3.5238095238095237,55,train
speed,1323,3.5238095238095237,55,test_seen
speed,1324,3.5238095238095237,55,train
speed,1325,3.5238095238095237,55,train
speed,1326,3.5238095238095237,55,train
speed,1327,3.5238095238095237,55,train
speed,1328,3.5238095238095237,55,train
speed,1329,3.5238095238095237,55,train
speed,1330,3.5238095238095237,55,test_seen
speed,1331,3.5238095238095237,55,train
speed,1332,3.5238095238095237,55,test_seen
speed,1333,3.5238095238095237,55,val_seen
speed,1334,3.5238095238095237,55,train
speed,1335,3.5238095238095237,55,val_seen
speed,1336,3.5238095238095237,55,test_seen
speed,1337,3.5238095238095237,55,val_seen
speed,1338,3.5238095238095237,55,train
speed,1339,3.5238095238095237,55,train
speed,1340,3.5238095238095237,55,train
speed,1341,3.5238095238095237,55,train
speed,1342,3.5238095238095237,55,train
speed,1343,3.5238095238095237,55,train
speed,1344,3.583333333333333,56,train
speed,1345,3.583333333333333,56,val_seen
speed,1346,3.583333333333333,56,test_seen
speed,1347,3.583333333333333,56,train
speed,1348,3.583333333333333,56,val_seen
speed,1349,3.583333333333333,56,train
speed,1350,3.583333333333333,56,train
speed,1351,3.583333333333333,56,train
speed,1352,3.583333333333333,56,test_seen
speed,1353,3.583333333333333,56,train
speed,1354,3.583333333333333,56,test_seen
speed,1355,3.583333333333333,56,val_seen
speed,1356,3.583333333333333,56,train
speed,1357,3.583333333333333,56,train
speed,1358,3.583333333333333,56,train
speed,1359,3.583333333333333,56,train
speed,1360,3.583333333333333,56,test_seen
speed,1361,3.583333333333333,56,train
speed,1362,3.583333333333333,56,train
speed,1363,3.583333333333333,56,val_seen
speed,1364,3.583333333333333,56,train
speed,1365,3.583333333333333,56,train
speed,1366,3.583333333333333,56,train
speed,1367,3.583333333333333,56,train
speed,1368,3.642857142857143,57,train
speed,1369,3.642857142857143,57,test_seen
speed,1370,3.642857142857143,57,train
speed,1371,3.642857142857143,57,train
speed,1372,3.642857142857143,57,test_seen
speed,1373,3.642857142857143,57,train
speed,1374,3.642857142857143,57,train
speed,1375,3.642857142857143,57,train
speed,1376,3.642857142857143,57,val_seen
speed,1377,3.642857142857143,57,train
speed,1378,3.642857142857143,57,test_seen
speed,1379,3.642857142857143,57,test_seen
speed,1380,3.642857142857143,57,train
speed,1381,3.642857142857143,57,train
speed,1382,3.642857142857143,57,train
speed,1383,3.642857142857143,57,train
speed,1384,3.642857142857143,57,train
speed,1385,3.642857142857143,57,val_seen
speed,1386,3.642857142857143,57,train
speed,1387,3.642857142857143,57,train
speed,1388,3.642857142857143,57,train
speed,1389,3.642857142857143,57,val_seen
speed,1390,3.642857142857143,57,train
speed,1391,3.642857142857143,57,val_seen
speed,1392,3.702380952380952,58,test_seen
speed,1393,3.702380952380952,58,train
speed,1394,3.702380952380952,58,train
speed,1395,3.702380952380952,58,train
speed,1396,3.702380952380952,58,train
speed,1397,3.702380952380952,58,val_seen
speed,1398,3.702380952380952,58,train
speed,1399,3.702380952380952,58,val_seen
speed,1400,3.702380952380952,58,val_seen
speed,1401,3.702380952380952,58,train
speed,1402,3.702380952380952,58,train
speed,1403,3.702380952380952,58,train
speed,1404,3.702380952380952,58,test_seen
speed,1405,3.702380952380952,58,train
speed,1406,3.702380952380952,58,train
speed,1407,3.702380952380952,58,train
speed,1408,3.702380952380952,58,val_seen
speed,1409,3.702380952380952,58,train
speed,1410,3.702380952380952,58,test_seen
speed,1411,3.702380952380952,58,train
speed,1412,3.702380952380952,58,train
speed,1413,3.702380952380952,58,test_seen
speed,1414,3.702380952380952,58,train
speed,1415,3.702380952380952,58,train
speed,1416,3.761904761904762,59,test_unseen
speed,1417,3.761904761904762,59,test_unseen
speed,1418,3.761904761904762,59,test_unseen
speed,1419,3.761904761904762,59,test_unseen
speed,1420,3.761904761904762,59,test_unseen
speed,1421,3.761904761904762,59,test_unseen
speed,1422,3.761904761904762,59,test_unseen
speed,1423,3.761904761904762,59,test_unseen
speed,1424,3.761904761904762,59,test_unseen
speed,1425,3.761904761904762,59,test_unseen
speed,1426,3.761904761904762,59,test_unseen
speed,1427,3.761904761904762,59,test_unseen
speed,1428,3.761904761904762,59,test_unseen
speed,1429,3.761904761904762,59,test_unseen
speed,1430,3.761904761904762,59,test_unseen
speed,1431,3.761904761904762,59,test_unseen
speed,1432,3.761904761904762,59,test_unseen
speed,1433,3.761904761904762,59,test_unseen
speed,1434,3.761904761904762,59,test_unseen
speed,1435,3.761904761904762,59,test_unseen
speed,1436,3.761904761904762,59,test_unseen
speed,1437,3.761904761904762,59,test_unseen
speed,1438,3.761904761904762,59,test_unseen
speed,1439,3.761904761904762,59,test_unseen
speed,1440,3.821428571428571,60,train
speed,1441,3.821428571428571,60,val_seen
speed,1442,3.821428571428571,60,train
speed,1443,3.821428571428571,60,train
speed,1444,3.821428571428571,60,train
speed,1445,3.821428571428571,60,test_seen
speed,1446,3.821428571428571,60,train
speed,1447,3.821428571428571,60,train
speed,1448,3.821428571428571,60,train
speed,1449,3.821428571428571,60,train
speed,1450,3.821428571428571,60,train
speed,1451,3.821428571428571,60,train
speed,1452,3.821428571428571,60,test_seen
speed,1453,3.821428571428571,60,test_seen
speed,1454,3.821428571428571,60,train
speed,1455,3.821428571428571,60,val_seen
speed,1456,3.821428571428571,60,test_seen
speed,1457,3.821428571428571,60,train
speed,1458,3.821428571428571,60,train
speed,1459,3.821428571428571,60,train
speed,1460,3.821428571428571,60,train
speed,1461,3.821428571428571,60,val_seen
speed,1462,3.821428571428571,60,train
speed,1463,3.821428571428571,60,val_seen
speed,1464,3.880952380952381,61,test_seen
speed,1465,3.880952380952381,61,val_seen
speed,1466,3.880952380952381,61,train
speed,1467,3.880952380952381,61,train
speed,1468,3.880952380952381,61,train
speed,1469,3.880952380952381,61,train
speed,1470,3.880952380952381,61,val_seen
speed,1471,3.880952380952381,61,train
speed,1472,3.880952380952381,61,train
speed,1473,3.880952380952381,61,train
speed,1474,3.880952380952381,61,val_seen
speed,1475,3.880952380952381,61,test_seen
speed,1476,3.880952380952381,61,test_seen
speed,1477,3.880952380952381,61,test_seen
speed,1478,3.880952380952381,61,train
speed,1479,3.880952380952381,61,train
speed,1480,3.880952380952381,61,train
speed,1481,3.880952380952381,61,train
speed,1482,3.880952380952381,61,val_seen
speed,1483,3.880952380952381,61,train
speed,1484,3.880952380952381,61,train
speed,1485,3.880952380952381,61,train
speed,1486,3.880952380952381,61,train
speed,1487,3.880952380952381,61,train
speed,1488,3.9404761904761902,62,train
speed,1489,3.9404761904761902,62,train
speed,1490,3.9404761904761902,62,val_seen
speed,1491,3.9404761904761902,62,test_seen
speed,1492,3.9404761904761902,62,train
speed,1493,3.9404761904761902,62,train
speed,1494,3.9404761904761902,62,train
speed,1495,3.9404761904761902,62,test_seen
speed,1496,3.9404761904761902,62,train
speed,1497,3.9404761904761902,62,train
speed,1498,3.9404761904761902,62,train
speed,1499,3.9404761904761902,62,train
speed,1500,3.9404761904761902,62,test_seen
speed,1501,3.9404761904761902,62,train
speed,1502,3.9404761904761902,62,train
speed,1503,3.9404761904761902,62,val_seen
speed,1504,3.9404761904761902,62,train
speed,1505,3.9404761904761902,62,train
speed,1506,3.9404761904761902,62,train
speed,1507,3.9404761904761902,62,train
speed,1508,3.9404761904761902,62,test_seen
speed,1509,3.9404761904761902,62,val_seen
speed,1510,3.9404761904761902,62,train
speed,1511,3.9404761904761902,62,val_seen
speed,1512,4.0,63,val_seen
speed,1513,4.0,63,train
speed,1514,4.0,63,train
speed,1515,4.0,63,test_seen
speed,1516,4.0,63,train
speed,1517,4.0,63,train
speed,1518,4.0,63,val_seen
speed,1519,4.0,63,train
speed,1520,4.0,63,train
speed,1521,4.0,63,test_seen
speed,1522,4.0,63,test_seen
speed,1523,4.0,63,train
speed,1524,4.0,63,train
speed,1525,4.0,63,val_seen
speed,1526,4.0,63,test_seen
speed,1527,4.0,63,train
speed,1528,4.0,63,train
speed,1529,4.0,63,train
speed,1530,4.0,63,train
speed,1531,4.0,63,train
speed,1532,4.0,63,train
speed,1533,4.0,63,train
speed,1534,4.0,63,val_seen
speed,1535,4.0,63,train
acceleration,0,0.25,0,train
acceleration,1,0.25,0,test_seen
acceleration,2,0.25,0,train
acceleration,3,0.25,0,train
acceleration,4,0.25,0,train
acceleration,5,0.25,0,val_seen
acceleration,6,0.25,0,train
acceleration,7,0.25,0,val_seen
acceleration,8,0.25,0,train
acceleration,9,0.25,0,test_seen
acceleration,10,0.25,0,train
acceleration,11,0.25,0,train
acceleration,12,0.25,0,train
acceleration,13,0.25,0,val_seen
acceleration,14,0.25,0,test_seen
acceleration,15,0.25,0,test_seen
acceleration,16,0.25,0,train
acceleration,17,0.25,0,val_seen
acceleration,18,0.25,0,train
acceleration,19,0.25,0,train
acceleration,20,0.25,0,train
acceleration,21,0.25,0,train
acceleration,22,0.25,0,train
acceleration,23,0.25,0,train
acceleration,24,0.40476190476190477,1,test_seen
acceleration,25,0.40476190476190477,1,train
acceleration,26,0.40476190476190477,1,train
acceleration,27,0.40476190476190477,1,train
acceleration,28,0.40476190476190477,1,train
acceleration,29,0.40476190476190477,1,train
acceleration,30,0.40476190476190477,1,train
acceleration,31,0.40476190476190477,1,train
acceleration,32,0.40476190476190477,1,test_seen
acceleration,33,0.40476190476190477,1,val_seen
acceleration,34,0.40476190476190477,1,train
acceleration,35,0.40476190476190477,1,train
acceleration,36,0.40476190476190477,1,test_seen
acceleration,37,0.40476190476190477,1,train
acceleration,38,0.40476190476190477,1,train
acceleration,39,0.40476190476190477,1,test_seen
acceleration,40,0.40476190476190477,1,val_seen
acceleration,41,0.40476190476190477,1,val_seen
acceleration,42,0.40476190476190477,1,train
acceleration,43,0.40476190476190477,1,train
acceleration,44,0.40476190476190477,1,train
acceleration,45,0.40476190476190477,1,val_seen
acceleration,46,0.40476190476190477,1,train
acceleration,47,0.40476190476190477,1,train
acceleration,48,0.5595238095238095,2,train
acceleration,49,0.5595238095238095,2,train
acceleration,50,0.5595238095238095,2,train
acceleration,51,0.5595238095238095,2,test_seen
acceleration,52,0.5595238095238095,2,train
acceleration,53,0.5595238095238095,2,train
acceleration,54,0.5595238095238095,2,test_seen
acceleration,55,0.5595238095238095,2,train
acceleration,56,0.5595238095238095,2,train
acceleration,57,0.5595238095238095,2,train
acceleration,58,0.5595238095238095,2,train
acceleration,59,0.5595238095238095,2,val_seen
acceleration,60,0.5595238095238095,2,val_seen
acceleration,61,0.5595238095238095,2,val_seen
acceleration,62,0.5595238095238095,2,train
acceleration,63,0.5595238095238095,2,train
acceleration,64,0.5595238095238095,2,train
acceleration,65,0.5595238095238095,2,val_seen
acceleration,66,0.5595238095238095,2,test_seen
acceleration,67,0.5595238095238095,2,train
acceleration,68,0.5595238095238095,2,train
acceleration,69,0.5595238095238095,2,test_seen
acceleration,70,0.5595238095238095,2,train
acceleration,71,0.5595238095238095,2,train
acceleration,72,0.7142857142857143,3,train
acceleration,73,0.7142857142857143,3,train
acceleration,74,0.7142857142857143,3,test_seen
acceleration,75,0.7142857142857143,3,train
acceleration,76,0.7142857142857143,3,test_seen
acceleration,77,0.7142857142857143,3,train
acceleration,78,0.7142857142857143,3,val_seen
acceleration,79,0.7142857142857143,3,train
acceleration,80,0.7142857142857143,3,train
acceleration,81,0.7142857142857143,3,val_seen
acceleration,82,0.7142857142857143,3,train
acceleration,83,0.7142857142857143,3,train
acceleration,84,0.7142857142857143,3,test_seen
acceleration,85,0.7142857142857143,3,train
acceleration,86,0.7142857142857143,3,val_seen
acceleration,87,0.7142857142857143,3,val_seen
acceleration,88,0.7142857142857143,3,train
acceleration,89,0.7142857142857143,3,train
acceleration,90,0.7142857142857143,3,test_seen
acceleration,91,0.7142857142857143,3,train
acceleration,92,0.7142857142857143,3,train
acceleration,93,0.7142857142857143,3,train
acceleration,94,0.7142857142857143,3,train
acceleration,95,0.7142857142857143,3,train
acceleration,96,0.8690476190476191,4,test_unseen
acceleration,97,0.8690476190476191,4,test_unseen
acceleration,98,0.8690476190476191,4,test_unseen
acceleration,99,0.8690476190476191,4,test_unseen
acceleration,100,0.8690476190476191,4,test_unseen
acceleration,101,0.8690476190476191,4,test_unseen
acceleration,102,0.8690476190476191,4,test_unseen
acceleration,103,0.8690476190476191,4,test_unseen
acceleration,104,0.8690476190476191,4,test_unseen
acceleration,105,0.8690476190476191,4,test_unseen
acceleration,106,0.8690476190476191,4,test_unseen
acceleration,107,0.8690476190476191,4,test_unseen
acceleration,108,0.8690476190476191,4,test_unseen
acceleration,109,0.8690476190476191,4,test_unseen
acceleration,110,0.8690476190476191,4,test_unseen
acceleration,111,0.8690476190476191,4,test_unseen
acceleration,112,0.8690476190476191,4,test_unseen
acceleration,113,0.8690476190476191,4,test_unseen
acceleration,114,0.8690476190476191,4,test_unseen
acceleration,115,0.8690476190476191,4,test_unseen
acceleration,116,0.8690476190476191,4,test_unseen
acceleration,117,0.8690476190476191,4,test_unseen
acceleration,118,0.8690476190476191,4,test_unseen
acceleration,119,0.8690476190476191,4,test_unseen
acceleration,120,1.0238095238095237,5,train
acceleration,121,1.0238095238095237,5,train
acceleration,122,1.0238095238095237,5,train
acceleration,123,1.0238095238095237,5,train
acceleration,124,1.0238095238095237,5,test_seen
acceleration,125,1.0238095238095237,5,train
acceleration,126,1.0238095238095237,5,test_seen
acceleration,127,1.0238095238095237,5,val_seen
acceleration,128,1.0238095238095237,5,val_seen
acceleration,129,1.0238095238095237,5,train
acceleration,130,1.0238095238095237,5,train
acceleration,131,1.0238095238095237,5,train
acceleration,132,1.0238095238095237,5,val_seen
acceleration,133,1.0238095238095237,5,train
acceleration,134,1.0238095238095237,5,test_seen
acceleration,135,1.0238095238095237,5,val_seen
acceleration,136,1.0238095238095237,5,train
acceleration,137,1.0238095238095237,5,train
acceleration,138,1.0238095238095237,5,test_seen
acceleration,139,1.0238095238095237,5,train
acceleration,140,1.0238095238095237,5,train
acceleration,141,1.0238095238095237,5,train
acceleration,142,1.0238095238095237,5,train
acceleration,143,1.0238095238095237,5,train
acceleration,144,1.1785714285714286,6,val_seen
acceleration,145,1.1785714285714286,6,test_seen
acceleration,146,1.1785714285714286,6,test_seen
acceleration,147,1.1785714285714286,6,train
acceleration,148,1.1785714285714286,6,train
acceleration,149,1.1785714285714286,6,train
acceleration,150,1.1785714285714286,6,train
acceleration,151,1.1785714285714286,6,train
acceleration,152,1.1785714285714286,6,train
acceleration,153,1.1785714285714286,6,train
acceleration,154,1.1785714285714286,6,train
acceleration,155,1.1785714285714286,6,train
acceleration,156,1.1785714285714286,6,train
acceleration,157,1.1785714285714286,6,val_seen
acceleration,158,1.1785714285714286,6,val_seen
acceleration,159,1.1785714285714286,6,train
acceleration,160,1.1785714285714286,6,train
acceleration,161,1.1785714285714286,6,test_seen
acceleration,162,1.1785714285714286,6,val_seen
acceleration,163,1.1785714285714286,6,train
acceleration,164,1.1785714285714286,6,train
acceleration,165,1.1785714285714286,6,train
acceleration,166,1.1785714285714286,6,train
acceleration,167,1.1785714285714286,6,test_seen
acceleration,168,1.3333333333333335,7,test_seen
acceleration,169,1.3333333333333335,7,train
acceleration,170,1.3333333333333335,7,train
acceleration,171,1.3333333333333335,7,test_seen
acceleration,172,1.3333333333333335,7,val_seen
acceleration,173,1.3333333333333335,7,train
acceleration,174,1.3333333333333335,7,train
acceleration,175,1.3333333333333335,7,train
acceleration,176,1.3333333333333335,7,train
acceleration,177,1.3333333333333335,7,test_seen
acceleration,178,1.3333333333333335,7,train
acceleration,179,1.3333333333333335,7,val_seen
acceleration,180,1.3333333333333335,7,train
acceleration,181,1.3333333333333335,7,train
acceleration,182,1.3333333333333335,7,train
acceleration,183,1.3333333333333335,7,train
acceleration,184,1.3333333333333335,7,test_seen
acceleration,185,1.3333333333333335,7,train
acceleration,186,1.3333333333333335,7,val_seen
acceleration,187,1.3333333333333335,7,train
acceleration,188,1.3333333333333335,7,train
acceleration,189,1.3333333333333335,7,train
acceleration,190,1.3333333333333335,7,val_seen
acceleration,191,1.3333333333333335,7,train
acceleration,192,1.4880952380952381,8,train
acceleration,193,1.4880952380952381,8,train
acceleration,194,1.4880952380952381,8,train
acceleration,195,1.4880952380952381,8,test_seen
acceleration,196,1.4880952380952381,8,train
acceleration,197,1.4880952380952381,8,train
acceleration,198,1.4880952380952381,8,val_seen
acceleration,199,1.4880952380952381,8,train
acceleration,200,1.4880952380952381,8,train
acceleration,201,1.4880952380952381,8,train
acceleration,202,1.4880952380952381,8,val_seen
acceleration,203,1.4880952380952381,8,test_seen
acceleration,204,1.4880952380952381,8,train
acceleration,205,1.4880952380952381,8,test_seen
acceleration,206,1.4880952380952381,8,train
acceleration,207,1.4880952380952381,8,val_seen
acceleration,208,1.4880952380952381,8,train
acceleration,209,1.4880952380952381,8,val_seen
acceleration,210,1.4880952380952381,8,train
acceleration,211,1.4880952380952381,8,test_seen
acceleration,212,1.4880952380952381,8,train
acceleration,213,1.4880952380952381,8,train
acceleration,214,1.4880952380952381,8,train
acceleration,215,1.4880952380952381,8,train
acceleration,216,1.6428571428571428,9,val_unseen
acceleration,217,1.6428571428571428,9,val_unseen
acceleration,218,1.6428571428571428,9,val_unseen
acceleration,219,1.6428571428571428,9,val_unseen
acceleration,220,1.6428571428571428,9,val_unseen
acceleration,221,1.6428571428571428,9,val_unseen
acceleration,222,1.6428571428571428,9,val_unseen
acceleration,223,1.6428571428571428,9,val_unseen
acceleration,224,1.6428571428571428,9,val_unseen
acceleration,225,1.6428571428571428,9,val_unseen
acceleration,226,1.6428571428571428,9,val_unseen
acceleration,227,1.6428571428571428,9,val_unseen
acceleration,228,1.6428571428571428,9,val_unseen
acceleration,229,1.6428571428571428,9,val_unseen
acceleration,230,1.6428571428571428,9,val_unseen
acceleration,231,1.6428571428571428,9,val_unseen
acceleration,232,1.6428571428571428,9,val_unseen
acceleration,233,1.6428571428571428,9,val_unseen
acceleration,234,1.6428571428571428,9,val_unseen
acceleration,235,1.6428571428571428,9,val_unseen
acceleration,236,1.6428571428571428,9,val_unseen
acceleration,237,1.6428571428571428,9,val_unseen
acceleration,238,1.6428571428571428,9,val_unseen
acceleration,239,1.6428571428571428,9,val_unseen
acceleration,240,1.7976190476190477,10,train
acceleration,241,1.7976190476190477,10,train
acceleration,242,1.7976190476190477,10,test_seen
acceleration,243,1.7976190476190477,10,val_seen
acceleration,244,1.7976190476190477,10,test_seen
acceleration,245,1.7976190476190477,10,val_seen
acceleration,246,1.7976190476190477,10,train
acceleration,247,1.7976190476190477,10,train
acceleration,248,1.7976190476190477,10,train
acceleration,249,1.7976190476190477,10,test_seen
acceleration,250,1.7976190476190477,10,train
acceleration,251,1.7976190476190477,10,train
acceleration,252,1.7976190476190477,10,val_seen
acceleration,253,1.7976190476190477,10,test_seen
acceleration,254,1.7976190476190477,10,train
acceleration,255,1.7976190476190477,10,train
acceleration,256,1.7976190476190477,10,train
acceleration,257,1.7976190476190477,10,train
acceleration,258,1.7976190476190477,10,train
acceleration,259,1.7976190476190477,10,train
acceleration,260,1.7976190476190477,10,val_seen
acceleration,261,1.7976190476190477,10,train
acceleration,262,1.7976190476190477,10,train
acceleration,263,1.7976190476190477,10,train
acceleration,264,1.9523809523809526,11,train
acceleration,265,1.9523809523809526,11,train
acceleration,266,1.9523809523809526,11,test_seen
acceleration,267,1.9523809523809526,11,train
acceleration,268,1.9523809523809526,11,train
acceleration,269,1.9523809523809526,11,val_seen
acceleration,270,1.9523809523809526,11,train
acceleration,271,1.9523809523809526,11,val_seen
acceleration,272,1.9523809523809526,11,train
acceleration,273,1.9523809523809526,11,train
acceleration,274,1.9523809523809526,11,train
acceleration,275,1.9523809523809526,11,test_seen
acceleration,276,1.9523809523809526,11,train
acceleration,277,1.9523809523809526,11,test_seen
acceleration,278,1.9523809523809526,11,train
acceleration,279,1.9523809523809526,11,train
acceleration,280,1.9523809523809526,11,train
acceleration,281,1.9523809523809526,11,val_seen
acceleration,282,1.9523809523809526,11,val_seen
acceleration,283,1.9523809523809526,11,train
acceleration,284,1.9523809523809526,11,train
acceleration,285,1.9523809523809526,11,train
acceleration,286,1.9523809523809526,11,test_seen
acceleration,287,1.9523809523809526,11,train
acceleration,288,2.107142857142857,12,train
acceleration,289,2.107142857142857,12,train
acceleration,290,2.107142857142857,12,train
acceleration,291,2.107142857142857,12,train
acceleration,292,2.107142857142857,12,val_seen
acceleration,293,2.107142857142857,12,train
acceleration,294,2.107142857142857,12,train
acceleration,295,2.107142857142857,12,train
acceleration,296,2.107142857142857,12,val_seen
acceleration,297,2.107142857142857,12,train
acceleration,298,2.107142857142857,12,test_seen
acceleration,299,2.107142857142857,12,train
acceleration,300,2.107142857142857,12,val_seen
acceleration,301,2.107142857142857,12,train
acceleration,302,2.107142857142857,12,train
acceleration,303,2.107142857142857,12,train
acceleration,304,2.107142857142857,12,test_seen
acceleration,305,2.107142857142857,12,train
acceleration,306,2.107142857142857,12,train
acceleration,307,2.107142857142857,12,test_seen
acceleration,308,2.107142857142857,12,train
acceleration,309,2.107142857142857,12,train
acceleration,310,2.107142857142857,12,val_seen
acceleration,311,2.107142857142857,12,test_seen
acceleration,312,2.261904761904762,13,train
acceleration,313,2.261904761904762,13,val_seen
acceleration,314,2.261904761904762,13,test_seen
acceleration,315,2.261904761904762,13,train
acceleration,316,2.261904761904762,13,train
acceleration,317,2.261904761904762,13,train
acceleration,318,2.261904761904762,13,train
acceleration,319,2.261904761904762,13,train
acceleration,320,2.261904761904762,13,val_seen
acceleration,321,2.261904761904762,13,test_seen
acceleration,322,2.261904761904762,13,train
acceleration,323,2.261904761904762,13,test_seen
acceleration,324,2.261904761904762,13,val_seen
acceleration,325,2.261904761904762,13,train
acceleration,326,2.261904761904762,13,train
acceleration,327,2.261904761904762,13,train
acceleration,328,2.261904761904762,13,train
acceleration,329,2.261904761904762,13,train
acceleration,330,2.261904761904762,13,train
acceleration,331,2.261904761904762,13,val_seen
acceleration,332,2.261904761904762,13,train
acceleration,333,2.261904761904762,13,test_seen
acceleration,334,2.261904761904762,13,train
acceleration,335,2.261904761904762,13,train
acceleration,336,2.416666666666667,14,test_unseen
acceleration,337,2.416666666666667,14,test_unseen
acceleration,338,2.416666666666667,14,test_unseen
acceleration,339,2.416666666666667,14,test_unseen
acceleration,340,2.416666666666667,14,test_unseen
acceleration,341,2.416666666666667,14,test_unseen
acceleration,342,2.416666666666667,14,test_unseen
acceleration,343,2.416666666666667,14,test_unseen
acceleration,344,2.416666666666667,14,test_unseen
acceleration,345,2.416666666666667,14,test_unseen
acceleration,346,2.416666666666667,14,test_unseen
acceleration,347,2.416666666666667,14,test_unseen
acceleration,348,2.416666666666667,14,test_unseen
acceleration,349,2.416666666666667,14,test_unseen
acceleration,350,2.416666666666667,14,test_unseen
acceleration,351,2.416666666666667,14,test_unseen
acceleration,352,2.416666666666667,14,test_unseen
acceleration,353,2.416666666666667,14,test_unseen
acceleration,354,2.416666666666667,14,test_unseen
acceleration,355,2.416666666666667,14,test_unseen
acceleration,356,2.416666666666667,14,test_unseen
acceleration,357,2.416666666666667,14,test_unseen
acceleration,358,2.416666666666667,14,test_unseen
acceleration,359,2.416666666666667,14,test_unseen
acceleration,360,2.5714285714285716,15,train
acceleration,361,2.5714285714285716,15,train
acceleration,362,2.5714285714285716,15,train
acceleration,363,2.5714285714285716,15,val_seen
acceleration,364,2.5714285714285716,15,val_seen
acceleration,365,2.5714285714285716,15,train
acceleration,366,2.5714285714285716,15,train
acceleration,367,2.5714285714285716,15,train
acceleration,368,2.5714285714285716,15,train
acceleration,369,2.5714285714285716,15,test_seen
acceleration,370,2.5714285714285716,15,val_seen
acceleration,371,2.5714285714285716,15,train
acceleration,372,2.5714285714285716,15,train
acceleration,373,2.5714285714285716,15,train
acceleration,374,2.5714285714285716,15,train
acceleration,375,2.5714285714285716,15,val_seen
acceleration,376,2.5714285714285716,15,train
acceleration,377,2.5714285714285716,15,train
acceleration,378,2.5714285714285716,15,test_seen
acceleration,379,2.5714285714285716,15,train
acceleration,380,2.5714285714285716,15,train
acceleration,381,2.5714285714285716,15,train
acceleration,382,2.5714285714285716,15,test_seen
acceleration,383,2.5714285714285716,15,test_seen
acceleration,384,2.7261904761904763,16,train
acceleration,385,2.7261904761904763,16,val_seen
acceleration,386,2.7261904761904763,16,test_seen
acceleration,387,2.7261904761904763,16,train
acceleration,388,2.7261904761904763,16,val_seen
acceleration,389,2.7261904761904763,16,train
acceleration,390,2.7261904761904763,16,test_seen
acceleration,391,2.7261904761904763,16,train
acceleration,392,2.7261904761904763,16,train
acceleration,393,2.7261904761904763,16,train
acceleration,394,2.7261904761904763,16,val_seen
acceleration,395,2.7261904761904763,16,train
acceleration,396,2.7261904761904763,16,train
acceleration,397,2.7261904761904763,16,val_seen
acceleration,398,2.7261904761904763,16,test_seen
acceleration,399,2.7261904761904763,16,train
acceleration,400,2.7261904761904763,16,train
acceleration,401,2.7261904761904763,16,train
acceleration,402,2.7261904761904763,16,train
acceleration,403,2.7261904761904763,16,train
acceleration,404,2.7261904761904763,16,train
acceleration,405,2.7261904761904763,16,train
acceleration,406,2.7261904761904763,16,train
acceleration,407,2.7261904761904763,16,test_seen
acceleration,408,2.880952380952381,17,test_seen
acceleration,409,2.880952380952381,17,train
acceleration,410,2.880952380952381,17,train
acceleration,411,2.880952380952381,17,train
acceleration,412,2.880952380952381,17,val_seen
acceleration,413,2.880952380952381,17,test_seen
acceleration,414,2.880952380952381,17,train
acceleration,415,2.880952380952381,17,train
acceleration,416,2.880952380952381,17,test_seen
acceleration,417,2.880952380952381,17,val_seen
acceleration,418,2.880952380952381,17,val_seen
acceleration,419,2.880952380952381,17,train
acceleration,420,2.880952380952381,17,train
acceleration,421,2.880952380952381,17,train
acceleration,422,2.880952380952381,17,train
acceleration,423,2.880952380952381,17,train
acceleration,424,2.880952380952381,17,test_seen
acceleration,425,2.880952380952381,17,train
acceleration,426,2.880952380952381,17,train
acceleration,427,2.880952380952381,17,train
acceleration,428,2.880952380952381,17,val_seen
acceleration,429,2.880952380952381,17,train
acceleration,430,2.880952380952381,17,train
acceleration,431,2.880952380952381,17,train
acceleration,432,3.0357142857142856,18,val_seen
acceleration,433,3.0357142857142856,18,train
acceleration,434,3.0357142857142856,18,train
acceleration,435,3.0357142857142856,18,train
acceleration,436,3.0357142857142856,18,train
acceleration,437,3.0357142857142856,18,train
acceleration,438,3.0357142857142856,18,val_seen
acceleration,439,3.0357142857142856,18,val_seen
acceleration,440,3.0357142857142856,18,train
acceleration,441,3.0357142857142856,18,test_seen
acceleration,442,3.0357142857142856,18,test_seen
acceleration,443,3.0357142857142856,18,train
acceleration,444,3.0357142857142856,18,test_seen
acceleration,445,3.0357142857142856,18,val_seen
acceleration,446,3.0357142857142856,18,train
acceleration,447,3.0357142857142856,18,train
acceleration,448,3.0357142857142856,18,train
acceleration,449,3.0357142857142856,18,train
acceleration,450,3.0357142857142856,18,train
acceleration,451,3.0357142857142856,18,train
acceleration,452,3.0357142857142856,18,train
acceleration,453,3.0357142857142856,18,train
acceleration,454,3.0357142857142856,18,train
acceleration,455,3.0357142857142856,18,test_seen
acceleration,456,3.1904761904761907,19,test_unseen
acceleration,457,3.1904761904761907,19,test_unseen
acceleration,458,3.1904761904761907,19,test_unseen
acceleration,459,3.1904761904761907,19,test_unseen
acceleration,460,3.1904761904761907,19,test_unseen
acceleration,461,3.1904761904761907,19,test_unseen
acceleration,462,3.1904761904761907,19,test_unseen
acceleration,463,3.1904761904761907,19,test_unseen
acceleration,464,3.1904761904761907,19,test_unseen
acceleration,465,3.1904761904761907,19,test_unseen
acceleration,466,3.1904761904761907,19,test_unseen
acceleration,467,3.1904761904761907,19,test_unseen
acceleration,468,3.1904761904761907,19,test_unseen
acceleration,469,3.1904761904761907,19,test_unseen
acceleration,470,3.1904761904761907,19,test_unseen
acceleration,471,3.1904761904761907,19,test_unseen
acceleration,472,3.1904761904761907,19,test_unseen
acceleration,473,3.1904761904761907,19,test_unseen
acceleration,474,3.1904761904761907,19,test_unseen
acceleration,475,3.1904761904761907,19,test_unseen
acceleration,476,3.1904761904761907,19,test_unseen
acceleration,477,3.1904761904761907,19,test_unseen
acceleration,478,3.1904761904761907,19,test_unseen
acceleration,479,3.1904761904761907,19,test_unseen
acceleration,480,3.3452380952380953,20,test_seen
acceleration,481,3.3452380952380953,20,train
acceleration,482,3.3452380952380953,20,train
acceleration,483,3.3452380952380953,20,train
acceleration,484,3.3452380952380953,20,train
acceleration,485,3.3452380952380953,20,test_seen
acceleration,486,3.3452380952380953,20,train
acceleration,487,3.3452380952380953,20,train
acceleration,488,3.3452380952380953,20,train
acceleration,489,3.3452380952380953,20,val_seen
acceleration,490,3.3452380952380953,20,val_seen
acceleration,491,3.3452380952380953,20,train
acceleration,492,3.3452380952380953,20,train
acceleration,493,3.3452380952380953,20,train
acceleration,494,3.3452380952380953,20,val_seen
acceleration,495,3.3452380952380953,20,train
acceleration,496,3.3452380952380953,20,train
acceleration,497,3.3452380952380953,20,train
acceleration,498,3.3452380952380953,20,train
acceleration,499,3.3452380952380953,20,train
acceleration,500,3.3452380952380953,20,test_seen
acceleration,501,3.3452380952380953,20,test_seen
acceleration,502,3.3452380952380953,20,val_seen
acceleration,503,3.3452380952380953,20,train
acceleration,504,3.5,21,val_seen
acceleration,505,3.5,21,train
acceleration,506,3.5,21,train
acceleration,507,3.5,21,train
acceleration,508,3.5,21,train
acceleration,509,3.5,21,train
acceleration,510,3.5,21,val_seen
acceleration,511,3.5,21,train
acceleration,512,3.5,21,train
acceleration,513,3.5,21,val_seen
acceleration,514,3.5,21,test_seen
acceleration,515,3.5,21,train
acceleration,516,3.5,21,train
acceleration,517,3.5,21,train
acceleration,518,3.5,21,train
acceleration,519,3.5,21,test_seen
acceleration,520,3.5,21,train
acceleration,521,3.5,21,train
acceleration,522,3.5,21,train
acceleration,523,3.5,21,test_seen
acceleration,524,3.5,21,test_seen
acceleration,525,3.5,21,val_seen
acceleration,526,3.5,21,train
acceleration,527,3.5,21,train
acceleration,528,3.654761904761905,22,train
acceleration,529,3.654761904761905,22,train
acceleration,530,3.654761904761905,22,train
acceleration,531,3.654761904761905,22,train
acceleration,532,3.654761904761905,22,train
acceleration,533,3.654761904761905,22,train
acceleration,534,3.654761904761905,22,val_seen
acceleration,535,3.654761904761905,22,train
acceleration,536,3.654761904761905,22,train
acceleration,537,3.654761904761905,22,val_seen
acceleration,538,3.654761904761905,22,train
acceleration,539,3.654761904761905,22,train
acceleration,540,3.654761904761905,22,test_seen
acceleration,541,3.654761904761905,22,val_seen
acceleration,542,3.654761904761905,22,train
acceleration,543,3.654761904761905,22,test_seen
acceleration,544,3.654761904761905,22,train
acceleration,545,3.654761904761905,22,train
acceleration,546,3.654761904761905,22,test_seen
acceleration,547,3.654761904761905,22,train
acceleration,548,3.654761904761905,22,test_seen
acceleration,549,3.654761904761905,22,train
acceleration,550,3.654761904761905,22,train
acceleration,551,3.654761904761905,22,val_seen
acceleration,552,3.8095238095238098,23,val_seen
acceleration,553,3.8095238095238098,23,train
acceleration,554,3.8095238095238098,23,test_seen
acceleration,555,3.8095238095238098,23,test_seen
acceleration,556,3.8095238095238098,23,train
acceleration,557,3.8095238095238098,23,train
acceleration,558,3.8095238095238098,23,train
acceleration,559,3.8095238095238098,23,val_seen
acceleration,560,3.8095238095238098,23,train
acceleration,561,3.8095238095238098,23,test_seen
acceleration,562,3.8095238095238098,23,train
acceleration,563,3.8095238095238098,23,train
acceleration,564,3.8095238095238098,23,train
acceleration,565,3.8095238095238098,23,train
acceleration,566,3.8095238095238098,23,train
acceleration,567,3.8095238095238098,23,val_seen
acceleration,568,3.8095238095238098,23,train
acceleration,569,3.8095238095238098,23,train
acceleration,570,3.8095238095238098,23,train
acceleration,571,3.8095238095238098,23,train
acceleration,572,3.8095238095238098,23,val_seen
acceleration,573,3.8095238095238098,23,train
acceleration,574,3.8095238095238098,23,test_seen
acceleration,575,3.8095238095238098,23,train
acceleration,576,3.9642857142857144,24,val_unseen
acceleration,577,3.9642857142857144,24,val_unseen
acceleration,578,3.9642857142857144,24,val_unseen
acceleration,579,3.9642857142857144,24,val_unseen
acceleration,580,3.9642857142857144,24,val_unseen
acceleration,581,3.9642857142857144,24,val_unseen
acceleration,582,3.9642857142857144,24,val_unseen
acceleration,583,3.9642857142857144,24,val_unseen
acceleration,584,3.9642857142857144,24,val_unseen
acceleration,585,3.9642857142857144,24,val_unseen
acceleration,586,3.9642857142857144,24,val_unseen
acceleration,587,3.9642857142857144,24,val_unseen
acceleration,588,3.9642857142857144,24,val_unseen
acceleration,589,3.9642857142857144,24,val_unseen
acceleration,590,3.9642857142857144,24,val_unseen
acceleration,591,3.9642857142857144,24,val_unseen
acceleration,592,3.9642857142857144,24,val_unseen
acceleration,593,3.9642857142857144,24,val_unseen
acceleration,594,3.9642857142857144,24,val_unseen
acceleration,595,3.9642857142857144,24,val_unseen
acceleration,596,3.9642857142857144,24,val_unseen
acceleration,597,3.9642857142857144,24,val_unseen
acceleration,598,3.9642857142857144,24,val_unseen
acceleration,599,3.9642857142857144,24,val_unseen
acceleration,600,4.119047619047619,25,train
acceleration,601,4.119047619047619,25,train
acceleration,602,4.119047619047619,25,train
acceleration,603,4.119047619047619,25,test_seen
acceleration,604,4.119047619047619,25,train
acceleration,605,4.119047619047619,25,train
acceleration,606,4.119047619047619,25,train
acceleration,607,4.119047619047619,25,train
acceleration,608,4.119047619047619,25,train
acceleration,609,4.119047619047619,25,train
acceleration,610,4.119047619047619,25,val_seen
acceleration,611,4.119047619047619,25,test_seen
acceleration,612,4.119047619047619,25,train
acceleration,613,4.119047619047619,25,train
acceleration,614,4.119047619047619,25,train
acceleration,615,4.119047619047619,25,test_seen
acceleration,616,4.119047619047619,25,train
acceleration,617,4.119047619047619,25,train
acceleration,618,4.119047619047619,25,val_seen
acceleration,619,4.119047619047619,25,test_seen
acceleration,620,4.119047619047619,25,train
acceleration,621,4.119047619047619,25,val_seen
acceleration,622,4.119047619047619,25,train
acceleration,623,4.119047619047619,25,val_seen
acceleration,624,4.273809523809524,26,val_seen
acceleration,625,4.273809523809524,26,train
acceleration,626,4.273809523809524,26,train
acceleration,627,4.273809523809524,26,test_seen
acceleration,628,4.273809523809524,26,val_seen
acceleration,629,4.273809523809524,26,train
acceleration,630,4.273809523809524,26,train
acceleration,631,4.273809523809524,26,test_seen
acceleration,632,4.273809523809524,26,train
acceleration,633,4.273809523809524,26,train
acceleration,634,4.273809523809524,26,val_seen
acceleration,635,4.273809523809524,26,train
acceleration,636,4.273809523809524,26,train
acceleration,637,4.273809523809524,26,train
acceleration,638,4.273809523809524,26,train
acceleration,639,4.273809523809524,26,test_seen
acceleration,640,4.273809523809524,26,train
acceleration,641,4.273809523809524,26,val_seen
acceleration,642,4.273809523809524,26,train
acceleration,643,4.273809523809524,26,train
acceleration,644,4.273809523809524,26,train
acceleration,645,4.273809523809524,26,train
acceleration,646,4.273809523809524,26,train
acceleration,647,4.273809523809524,26,test_seen
acceleration,648,4.428571428571429,27,train
acceleration,649,4.428571428571429,27,train
acceleration,650,4.428571428571429,27,test_seen
acceleration,651,4.428571428571429,27,test_seen
acceleration,652,4.428571428571429,27,val_seen
acceleration,653,4.428571428571429,27,train
acceleration,654,4.428571428571429,27,test_seen
acceleration,655,4.428571428571429,27,val_seen
acceleration,656,4.428571428571429,27,val_seen
acceleration,657,4.428571428571429,27,train
acceleration,658,4.428571428571429,27,train
acceleration,659,4.428571428571429,27,train
acceleration,660,4.428571428571429,27,train
acceleration,661,4.428571428571429,27,train
acceleration,662,4.428571428571429,27,train
acceleration,663,4.428571428571429,27,val_seen
acceleration,664,4.428571428571429,27,train
acceleration,665,4.428571428571429,27,train
acceleration,666,4.428571428571429,27,train
acceleration,667,4.428571428571429,27,test_seen
acceleration,668,4.428571428571429,27,train
acceleration,669,4.428571428571429,27,train
acceleration,670,4.428571428571429,27,train
acceleration,671,4.428571428571429,27,train
acceleration,672,4.583333333333334,28,train
acceleration,673,4.583333333333334,28,train
acceleration,674,4.583333333333334,28,train
acceleration,675,4.583333333333334,28,train
acceleration,676,4.583333333333334,28,train
acceleration,677,4.583333333333334,28,test_seen
acceleration,678,4.583333333333334,28,train
acceleration,679,4.583333333333334,28,train
acceleration,680,4.583333333333334,28,test_seen
acceleration,681,4.583333333333334,28,train
acceleration,682,4.583333333333334,28,train
acceleration,683,4.583333333333334,28,train
acceleration,684,4.583333333333334,28,val_seen
acceleration,685,4.583333333333334,28,train
acceleration,686,4.583333333333334,28,val_seen
acceleration,687,4.583333333333334,28,train
acceleration,688,4.583333333333334,28,train
acceleration,689,4.583333333333334,28,val_seen
acceleration,690,4.583333333333334,28,test_seen
acceleration,691,4.583333333333334,28,train
acceleration,692,4.583333333333334,28,val_seen
acceleration,693,4.583333333333334,28,train
acceleration,694,4.583333333333334,28,train
acceleration,695,4.583333333333334,28,test_seen
acceleration,696,4.738095238095238,29,test_unseen
acceleration,697,4.738095238095238,29,test_unseen
acceleration,698,4.738095238095238,29,test_unseen
acceleration,699,4.738095238095238,29,test_unseen
acceleration,700,4.738095238095238,29,test_unseen
acceleration,701,4.738095238095238,29,test_unseen
acceleration,702,4.738095238095238,29,test_unseen
acceleration,703,4.738095238095238,29,test_unseen
acceleration,704,4.738095238095238,29,test_unseen
acceleration,705,4.738095238095238,29,test_unseen
acceleration,706,4.738095238095238,29,test_unseen
acceleration,707,4.738095238095238,29,test_unseen
acceleration,708,4.738095238095238,29,test_unseen
acceleration,709,4.738095238095238,29,test_unseen
acceleration,710,4.738095238095238,29,test_unseen
acceleration,711,4.738095238095238,29,test_unseen
acceleration,712,4.738095238095238,29,test_unseen
acceleration,713,4.738095238095238,29,test_unseen
acceleration,714,4.738095238095238,29,test_unseen
acceleration,715,4.738095238095238,29,test_unseen
acceleration,716,4.738095238095238,29,test_unseen
acceleration,717,4.738095238095238,29,test_unseen
acceleration,718,4.738095238095238,29,test_unseen
acceleration,719,4.738095238095238,29,test_unseen
acceleration,720,4.892857142857143,30,train
acceleration,721,4.892857142857143,30,train
acceleration,722,4.892857142857143,30,train
acceleration,723,4.892857142857143,30,val_seen
acceleration,724,4.892857142857143,30,train
acceleration,725,4.892857142857143,30,train
acceleration,726,4.892857142857143,30,train
acceleration,727,4.892857142857143,30,test_seen
acceleration,728,4.892857142857143,30,train
acceleration,729,4.892857142857143,30,train
acceleration,730,4.892857142857143,30,test_seen
acceleration,731,4.892857142857143,30,train
acceleration,732,4.892857142857143,30,test_seen
acceleration,733,4.892857142857143,30,train
acceleration,734,4.892857142857143,30,train
acceleration,735,4.892857142857143,30,test_seen
acceleration,736,4.892857142857143,30,train
acceleration,737,4.892857142857143,30,val_seen
acceleration,738,4.892857142857143,30,train
acceleration,739,4.892857142857143,30,train
acceleration,740,4.892857142857143,30,val_seen
acceleration,741,4.892857142857143,30,val_seen
acceleration,742,4.892857142857143,30,train
acceleration,743,4.892857142857143,30,train
acceleration,744,5.0476190476190474,31,train
acceleration,745,5.0476190476190474,31,test_seen
acceleration,746,5.0476190476190474,31,val_seen
acceleration,747,5.0476190476190474,31,test_seen
acceleration,748,5.0476190476190474,31,train
acceleration,749,5.0476190476190474,31,train
acceleration,750,5.0476190476190474,31,train
acceleration,751,5.0476190476190474,31,train
acceleration,752,5.0476190476190474,31,train
acceleration,753,5.0476190476190474,31,train
acceleration,754,5.0476190476190474,31,train
acceleration,755,5.0476190476190474,31,train
acceleration,756,5.0476190476190474,31,test_seen
acceleration,757,5.0476190476190474,31,val_seen
acceleration,758,5.0476190476190474,31,val_seen
acceleration,759,5.0476190476190474,31,train
acceleration,760,5.0476190476190474,31,val_seen
acceleration,761,5.0476190476190474,31,train
acceleration,762,5.0476190476190474,31,train
acceleration,763,5.0476190476190474,31,train
acceleration,764,5.0476190476190474,31,test_seen
acceleration,765,5.0476190476190474,31,train
acceleration,766,5.0476190476190474,31,train
acceleration,767,5.0476190476190474,31,train
acceleration,768,5.2023809523809526,32,val_seen
acceleration,769,5.2023809523809526,32,train
acceleration,770,5.2023809523809526,32,test_seen
acceleration,771,5.2023809523809526,32,train
acceleration,772,5.2023809523809526,32,train
acceleration,773,5.2023809523809526,32,train
acceleration,774,5.2023809523809526,32,train
acceleration,775,5.2023809523809526,32,train
acceleration,776,5.2023809523809526,32,train
acceleration,777,5.2023809523809526,32,test_seen
acceleration,778,5.2023809523809526,32,test_seen
acceleration,779,5.2023809523809526,32,train
acceleration,780,5.2023809523809526,32,train
acceleration,781,5.2023809523809526,32,train
acceleration,782,5.2023809523809526,32,val_seen
acceleration,783,5.2023809523809526,32,test_seen
acceleration,784,5.2023809523809526,32,val_seen
acceleration,785,5.2023809523809526,32,train
acceleration,786,5.2023809523809526,32,train
acceleration,787,5.2023809523809526,32,train
acceleration,788,5.2023809523809526,32,train
acceleration,789,5.2023809523809526,32,val_seen
acceleration,790,5.2023809523809526,32,train
acceleration,791,5.2023809523809526,32,train
acceleration,792,5.357142857142858,33,train
acceleration,793,5.357142857142858,33,val_seen
acceleration,794,5.357142857142858,33,train
acceleration,795,5.357142857142858,33,test_seen
acceleration,796,5.357142857142858,33,val_seen
acceleration,797,5.357142857142858,33,train
acceleration,798,5.357142857142858,33,train
acceleration,799,5.357142857142858,33,train
acceleration,800,5.357142857142858,33,val_seen
acceleration,801,5.357142857142858,33,train
acceleration,802,5.357142857142858,33,train
acceleration,803,5.357142857142858,33,train
acceleration,804,5.357142857142858,33,train
acceleration,805,5.357142857142858,33,train
acceleration,806,5.357142857142858,33,train
acceleration,807,5.357142857142858,33,val_seen
acceleration,808,5.357142857142858,33,test_seen
acceleration,809,5.357142857142858,33,train
acceleration,810,5.357142857142858,33,test_seen
acceleration,811,5.357142857142858,33,test_seen
acceleration,812,5.357142857142858,33,train
acceleration,813,5.357142857142858,33,train
acceleration,814,5.357142857142858,33,train
acceleration,815,5.357142857142858,33,train
acceleration,816,5.511904761904762,34,test_unseen
acceleration,817,5.511904761904762,34,test_unseen
acceleration,818,5.511904761904762,34,test_unseen
acceleration,819,5.511904761904762,34,test_unseen
acceleration,820,5.511904761904762,34,test_unseen
acceleration,821,5.511904761904762,34,test_unseen
acceleration,822,5.511904761904762,34,test_unseen
acceleration,823,5.511904761904762,34,test_unseen
acceleration,824,5.511904761904762,34,test_unseen
acceleration,825,5.511904761904762,34,test_unseen
acceleration,826,5.511904761904762,34,test_unseen
acceleration,827,5.511904761904762,34,test_unseen
acceleration,828,5.511904761904762,34,test_unseen
acceleration,829,5.511904761904762,34,test_unseen
acceleration,830,5.511904761904762,34,test_unseen
acceleration,831,5.511904761904762,34,test_unseen
acceleration,832,5.511904761904762,34,test_unseen
acceleration,833,5.511904761904762,34,test_unseen
acceleration,834,5.511904761904762,34,test_unseen
acceleration,835,5.511904761904762,34,test_unseen
acceleration,836,5.511904761904762,34,test_unseen
acceleration,837,5.511904761904762,34,test_unseen
acceleration,838,5.511904761904762,34,test_unseen
acceleration,839,5.511904761904762,34,test_unseen
acceleration,840,5.666666666666667,35,test_seen
acceleration,841,5.666666666666667,35,test_seen
acceleration,842,5.666666666666667,35,train
acceleration,843,5.666666666666667,35,test_seen
acceleration,844,5.666666666666667,35,val_seen
acceleration,845,5.666666666666667,35,val_seen
acceleration,846,5.666666666666667,35,train
acceleration,847,5.666666666666667,35,train
acceleration,848,5.666666666666667,35,test_seen
acceleration,849,5.666666666666667,35,train
acceleration,850,5.666666666666667,35,train
acceleration,851,5.666666666666667,35,train
acceleration,852,5.666666666666667,35,train
acceleration,853,5.666666666666667,35,train
acceleration,854,5.666666666666667,35,train
acceleration,855,5.666666666666667,35,train
acceleration,856,5.666666666666667,35,train
acceleration,857,5.666666666666667,35,train
acceleration,858,5.666666666666667,35,train
acceleration,859,5.666666666666667,35,train
acceleration,860,5.666666666666667,35,train
acceleration,861,5.666666666666667,35,val_seen
acceleration,862,5.666666666666667,35,train
acceleration,863,5.666666666666667,35,val_seen
acceleration,864,5.821428571428571,36,test_seen
acceleration,865,5.821428571428571,36,test_seen
acceleration,866,5.821428571428571,36,train
acceleration,867,5.821428571428571,36,train
acceleration,868,5.821428571428571,36,train
acceleration,869,5.821428571428571,36,train
acceleration,870,5.821428571428571,36,train
acceleration,871,5.821428571428571,36,train
acceleration,872,5.821428571428571,36,train
acceleration,873,5.821428571428571,36,train
acceleration,874,5.821428571428571,36,val_seen
acceleration,875,5.821428571428571,36,test_seen
acceleration,876,5.821428571428571,36,val_seen
acceleration,877,5.821428571428571,36,train
acceleration,878,5.821428571428571,36,train
acceleration,879,5.821428571428571,36,train
acceleration,880,5.821428571428571,36,train
acceleration,881,5.821428571428571,36,train
acceleration,882,5.821428571428571,36,train
acceleration,883,5.821428571428571,36,val_seen
acceleration,884,5.821428571428571,36,train
acceleration,885,5.821428571428571,36,test_seen
acceleration,886,5.821428571428571,36,train
acceleration,887,5.821428571428571,36,val_seen
acceleration,888,5.976190476190476,37,val_seen
acceleration,889,5.976190476190476,37,val_seen
acceleration,890,5.976190476190476,37,test_seen
acceleration,891,5.976190476190476,37,train
acceleration,892,5.976190476190476,37,train
acceleration,893,5.976190476190476,37,train
acceleration,894,5.976190476190476,37,train
acceleration,895,5.976190476190476,37,train
acceleration,896,5.976190476190476,37,train
acceleration,897,5.976190476190476,37,train
acceleration,898,5.976190476190476,37,val_seen
acceleration,899,5.976190476190476,37,train
acceleration,900,5.976190476190476,37,test_seen
acceleration,901,5.976190476190476,37,train
acceleration,902,5.976190476190476,37,train
acceleration,903,5.976190476190476,37,train
acceleration,904,5.976190476190476,37,train
acceleration,905,5.976190476190476,37,train
acceleration,906,5.976190476190476,37,val_seen
acceleration,907,5.976190476190476,37,test_seen
acceleration,908,5.976190476190476,37,train
acceleration,909,5.976190476190476,37,train
acceleration,910,5.976190476190476,37,train
acceleration,911,5.976190476190476,37,test_seen
acceleration,912,6.130952380952381,38,train
acceleration,913,6.130952380952381,38,train
acceleration,914,6.130952380952381,38,train
acceleration,915,6.130952380952381,38,val_seen
acceleration,916,6.130952380952381,38,train
acceleration,917,6.130952380952381,38,val_seen
acceleration,918,6.130952380952381,38,train
acceleration,919,6.130952380952381,38,train
acceleration,920,6.130952380952381,38,test_seen
acceleration,921,6.130952380952381,38,train
acceleration,922,6.130952380952381,38,train
acceleration,923,6.130952380952381,38,train
acceleration,924,6.130952380952381,38,val_seen
acceleration,925,6.130952380952381,38,train
acceleration,926,6.130952380952381,38,train
acceleration,927,6.130952380952381,38,train
acceleration,928,6.130952380952381,38,test_seen
acceleration,929,6.130952380952381,38,train
acceleration,930,6.130952380952381,38,val_seen
acceleration,931,6.130952380952381,38,train
acceleration,932,6.130952380952381,38,test_seen
acceleration,933,6.130952380952381,38,test_seen
acceleration,934,6.130952380952381,38,train
acceleration,935,6.130952380952381,38,train
acceleration,936,6.285714285714286,39,val_unseen
acceleration,937,6.285714285714286,39,val_unseen
acceleration,938,6.285714285714286,39,val_unseen
acceleration,939,6.285714285714286,39,val_unseen
acceleration,940,6.285714285714286,39,val_unseen
acceleration,941,6.285714285714286,39,val_unseen
acceleration,942,6.285714285714286,39,val_unseen
acceleration,943,6.285714285714286,39,val_unseen
acceleration,944,6.285714285714286,39,val_unseen
acceleration,945,6.285714285714286,39,val_unseen
acceleration,946,6.285714285714286,39,val_unseen
acceleration,947,6.285714285714286,39,val_unseen
acceleration,948,6.285714285714286,39,val_unseen
acceleration,949,6.285714285714286,39,val_unseen
acceleration,950,6.285714285714286,39,val_unseen
acceleration,951,6.285714285714286,39,val_unseen
acceleration,952,6.285714285714286,39,val_unseen
acceleration,953,6.285714285714286,39,val_unseen
acceleration,954,6.285714285714286,39,val_unseen
acceleration,955,6.285714285714286,39,val_unseen
acceleration,956,6.285714285714286,39,val_unseen
acceleration,957,6.285714285714286,39,val_unseen
acceleration,958,6.285714285714286,39,val_unseen
acceleration,959,6.285714285714286,39,val_unseen
acceleration,960,6.440476190476191,40,train
acceleration,961,6.440476190476191,40,val_seen
acceleration,962,6.440476190476191,40,train
acceleration,963,6.440476190476191,40,train
acceleration,964,6.440476190476191,40,train
acceleration,965,6.440476190476191,40,test_seen
acceleration,966,6.440476190476191,40,train
acceleration,967,6.440476190476191,40,test_seen
acceleration,968,6.440476190476191,40,train
acceleration,969,6.440476190476191,40,train
acceleration,970,6.440476190476191,40,train
acceleration,971,6.440476190476191,40,val_seen
acceleration,972,6.440476190476191,40,train
acceleration,973,6.440476190476191,40,val_seen
acceleration,974,6.440476190476191,40,test_seen
acceleration,975,6.440476190476191,40,train
acceleration,976,6.440476190476191,40,train
acceleration,977,6.440476190476191,40,train
acceleration,978,6.440476190476191,40,train
acceleration,979,6.440476190476191,40,val_seen
acceleration,980,6.440476190476191,40,train
acceleration,981,6.440476190476191,40,test_seen
acceleration,982,6.440476190476191,40,train
acceleration,983,6.440476190476191,40,train
acceleration,984,6.595238095238096,41,train
acceleration,985,6.595238095238096,41,train
acceleration,986,6.595238095238096,41,train
acceleration,987,6.595238095238096,41,train
acceleration,988,6.595238095238096,41,train
acceleration,989,6.595238095238096,41,val_seen
acceleration,990,6.595238095238096,41,train
acceleration,991,6.595238095238096,41,test_seen
acceleration,992,6.595238095238096,41,train
acceleration,993,6.595238095238096,41,train
acceleration,994,6.595238095238096,41,train
acceleration,995,6.595238095238096,41,test_seen
acceleration,996,6.595238095238096,41,val_seen
acceleration,997,6.595238095238096,41,val_seen
acceleration,998,6.595238095238096,41,test_seen
acceleration,999,6.595238095238096,41,val_seen
acceleration,1000,6.595238095238096,41,train
acceleration,1001,6.595238095238096,41,train
acceleration,1002,6.595238095238096,41,train
acceleration,1003,6.595238095238096,41,train
acceleration,1004,6.595238095238096,41,test_seen
acceleration,1005,6.595238095238096,41,train
acceleration,1006,6.595238095238096,41,train
acceleration,1007,6.595238095238096,41,train
acceleration,1008,6.75,42,train
acceleration,1009,6.75,42,train
acceleration,1010,6.75,42,train
acceleration,1011,6.75,42,train
acceleration,1012,6.75,42,train
acceleration,1013,6.75,42,train
acceleration,1014,6.75,42,train
acceleration,1015,6.75,42,val_seen
acceleration,1016,6.75,42,val_seen
acceleration,1017,6.75,42,train
acceleration,1018,6.75,42,train
acceleration,1019,6.75,42,val_seen
acceleration,1020,6.75,42,test_seen
acceleration,1021,6.75,42,train
acceleration,1022,6.75,42,train
acceleration,1023,6.75,42,test_seen
acceleration,1024,6.75,42,val_seen
acceleration,1025,6.75,42,train
acceleration,1026,6.75,42,train
acceleration,1027,6.75,42,test_seen
acceleration,1028,6.75,42,train
acceleration,1029,6.75,42,train
acceleration,1030,6.75,42,train
acceleration,1031,6.75,42,test_seen
acceleration,1032,6.904761904761905,43,test_seen
acceleration,1033,6.904761904761905,43,train
acceleration,1034,6.904761904761905,43,train
acceleration,1035,6.904761904761905,43,train
acceleration,1036,6.904761904761905,43,train
acceleration,1037,6.904761904761905,43,test_seen
acceleration,1038,6.904761904761905,43,val_seen
acceleration,1039,6.904761904761905,43,train
acceleration,1040,6.904761904761905,43,train
acceleration,1041,6.904761904761905,43,train
acceleration,1042,6.904761904761905,43,train
acceleration,1043,6.904761904761905,43,train
acceleration,1044,6.904761904761905,43,train
acceleration,1045,6.904761904761905,43,test_seen
acceleration,1046,6.904761904761905,43,train
acceleration,1047,6.904761904761905,43,train
acceleration,1048,6.904761904761905,43,val_seen
acceleration,1049,6.904761904761905,43,train
acceleration,1050,6.904761904761905,43,train
acceleration,1051,6.904761904761905,43,train
acceleration,1052,6.904761904761905,43,val_seen
acceleration,1053,6.904761904761905,43,val_seen
acceleration,1054,6.904761904761905,43,train
acceleration,1055,6.904761904761905,43,test_seen
acceleration,1056,7.05952380952381,44,test_unseen
acceleration,1057,7.05952380952381,44,test_unseen
acceleration,1058,7.05952380952381,44,test_unseen
acceleration,1059,7.05952380952381,44,test_unseen
acceleration,1060,7.05952380952381,44,test_unseen
acceleration,1061,7.05952380952381,44,test_unseen
acceleration,1062,7.05952380952381,44,test_unseen
acceleration,1063,7.05952380952381,44,test_unseen
acceleration,1064,7.05952380952381,44,test_unseen
acceleration,1065,7.05952380952381,44,test_unseen
acceleration,1066,7.05952380952381,44,test_unseen
acceleration,1067,7.05952380952381,44,test_unseen
acceleration,1068,7.05952380952381,44,test_unseen
acceleration,1069,7.05952380952381,44,test_unseen
acceleration,1070,7.05952380952381,44,test_unseen
acceleration,1071,7.05952380952381,44,test_unseen
acceleration,1072,7.05952380952381,44,test_unseen
acceleration,1073,7.05952380952381,44,test_unseen
acceleration,1074,7.05952380952381,44,test_unseen
acceleration,1075,7.05952380952381,44,test_unseen
acceleration,1076,7.05952380952381,44,test_unseen
acceleration,1077,7.05952380952381,44,test_unseen
acceleration,1078,7.05952380952381,44,test_unseen
acceleration,1079,7.05952380952381,44,test_unseen
acceleration,1080,7.214285714285714,45,val_seen
acceleration,1081,7.214285714285714,45,train
acceleration,1082,7.214285714285714,45,test_seen
acceleration,1083,7.214285714285714,45,train
acceleration,1084,7.214285714285714,45,train
acceleration,1085,7.214285714285714,45,train
acceleration,1086,7.214285714285714,45,train
acceleration,1087,7.214285714285714,45,train
acceleration,1088,7.214285714285714,45,train
acceleration,1089,7.214285714285714,45,train
acceleration,1090,7.214285714285714,45,test_seen
acceleration,1091,7.214285714285714,45,train
acceleration,1092,7.214285714285714,45,train
acceleration,1093,7.214285714285714,45,test_seen
acceleration,1094,7.214285714285714,45,train
acceleration,1095,7.214285714285714,45,val_seen
acceleration,1096,7.214285714285714,45,train
acceleration,1097,7.214285714285714,45,train
acceleration,1098,7.214285714285714,45,train
acceleration,1099,7.214285714285714,45,val_seen
acceleration,1100,7.214285714285714,45,val_seen
acceleration,1101,7.214285714285714,45,train
acceleration,1102,7.214285714285714,45,train
acceleration,1103,7.214285714285714,45,test_seen
acceleration,1104,7.3690476190476195,46,train
acceleration,1105,7.3690476190476195,46,train
acceleration,1106,7.3690476190476195,46,train
acceleration,1107,7.3690476190476195,46,train
acceleration,1108,7.3690476190476195,46,val_seen
acceleration,1109,7.3690476190476195,46,train
acceleration,1110,7.3690476190476195,46,train
acceleration,1111,7.3690476190476195,46,train
acceleration,1112,7.3690476190476195,46,val_seen
acceleration,1113,7.3690476190476195,46,test_seen
acceleration,1114,7.3690476190476195,46,val_seen
acceleration,1115,7.3690476190476195,46,test_seen
acceleration,1116,7.3690476190476195,46,train
acceleration,1117,7.3690476190476195,46,train
acceleration,1118,7.3690476190476195,46,train
acceleration,1119,7.3690476190476195,46,train
acceleration,1120,7.3690476190476195,46,train
acceleration,1121,7.3690476190476195,46,train
acceleration,1122,7.3690476190476195,46,test_seen
acceleration,1123,7.3690476190476195,46,train
acceleration,1124,7.3690476190476195,46,val_seen
acceleration,1125,7.3690476190476195,46,train
acceleration,1126,7.3690476190476195,46,train
acceleration,1127,7.3690476190476195,46,test_seen
acceleration,1128,7.523809523809524,47,val_seen
acceleration,1129,7.523809523809524,47,train
acceleration,1130,7.523809523809524,47,train
acceleration,1131,7.523809523809524,47,train
acceleration,1132,7.523809523809524,47,train
acceleration,1133,7.523809523809524,47,val_seen
acceleration,1134,7.523809523809524,47,train
acceleration,1135,7.523809523809524,47,test_seen
acceleration,1136,7.523809523809524,47,val_seen
acceleration,1137,7.523809523809524,47,train
acceleration,1138,7.523809523809524,47,train
acceleration,1139,7.523809523809524,47,test_seen
acceleration,1140,7.523809523809524,47,train
acceleration,1141,7.523809523809524,47,train
acceleration,1142,7.523809523809524,47,train
acceleration,1143,7.523809523809524,47,train
acceleration,1144,7.523809523809524,47,train
acceleration,1145,7.523809523809524,47,train
acceleration,1146,7.523809523809524,47,test_seen
acceleration,1147,7.523809523809524,47,train
acceleration,1148,7.523809523809524,47,val_seen
acceleration,1149,7.523809523809524,47,train
acceleration,1150,7.523809523809524,47,train
acceleration,1151,7.523809523809524,47,test_seen
acceleration,1152,7.678571428571429,48,test_seen
acceleration,1153,7.678571428571429,48,train
acceleration,1154,7.678571428571429,48,train
acceleration,1155,7.678571428571429,48,train
acceleration,1156,7.678571428571429,48,train
acceleration,1157,7.678571428571429,48,train
acceleration,1158,7.678571428571429,48,val_seen
acceleration,1159,7.678571428571429,48,train
acceleration,1160,7.678571428571429,48,train
acceleration,1161,7.678571428571429,48,val_seen
acceleration,1162,7.678571428571429,48,test_seen
acceleration,1163,7.678571428571429,48,test_seen
acceleration,1164,7.678571428571429,48,val_seen
acceleration,1165,7.678571428571429,48,val_seen
acceleration,1166,7.678571428571429,48,train
acceleration,1167,7.678571428571429,48,train
acceleration,1168,7.678571428571429,48,train
acceleration,1169,7.678571428571429,48,train
acceleration,1170,7.678571428571429,48,train
acceleration,1171,7.678571428571429,48,train
acceleration,1172,7.678571428571429,48,test_seen
acceleration,1173,7.678571428571429,48,train
acceleration,1174,7.678571428571429,48,train
acceleration,1175,7.678571428571429,48,train
acceleration,1176,7.833333333333334,49,test_unseen
acceleration,1177,7.833333333333334,49,test_unseen
acceleration,1178,7.833333333333334,49,test_unseen
acceleration,1179,7.833333333333334,49,test_unseen
acceleration,1180,7.833333333333334,49,test_unseen
acceleration,1181,7.833333333333334,49,test_unseen
acceleration,1182,7.833333333333334,49,test_unseen
acceleration,1183,7.833333333333334,49,test_unseen
acceleration,1184,7.833333333333334,49,test_unseen
acceleration,1185,7.833333333333334,49,test_unseen
acceleration,1186,7.833333333333334,49,test_unseen
acceleration,1187,7.833333333333334,49,test_unseen
acceleration,1188,7.833333333333334,49,test_unseen
acceleration,1189,7.833333333333334,49,test_unseen
acceleration,1190,7.833333333333334,49,test_unseen
acceleration,1191,7.833333333333334,49,test_unseen
acceleration,1192,7.833333333333334,49,test_unseen
acceleration,1193,7.833333333333334,49,test_unseen
acceleration,1194,7.833333333333334,49,test_unseen
acceleration,1195,7.833333333333334,49,test_unseen
acceleration,1196,7.833333333333334,49,test_unseen
acceleration,1197,7.833333333333334,49,test_unseen
acceleration,1198,7.833333333333334,49,test_unseen
acceleration,1199,7.833333333333334,49,test_unseen
acceleration,1200,7.988095238095238,50,train
acceleration,1201,7.988095238095238,50,train
acceleration,1202,7.988095238095238,50,val_seen
acceleration,1203,7.988095238095238,50,train
acceleration,1204,7.988095238095238,50,train
acceleration,1205,7.988095238095238,50,train
acceleration,1206,7.988095238095238,50,train
acceleration,1207,7.988095238095238,50,train
acceleration,1208,7.988095238095238,50,train
acceleration,1209,7.988095238095238,50,train
acceleration,1210,7.988095238095238,50,test_seen
acceleration,1211,7.988095238095238,50,train
acceleration,1212,7.988095238095238,50,train
acceleration,1213,7.988095238095238,50,train
acceleration,1214,7.988095238095238,50,test_seen
acceleration,1215,7.988095238095238,50,test_seen
acceleration,1216,7.988095238095238,50,val_seen
acceleration,1217,7.988095238095238,50,val_seen
acceleration,1218,7.988095238095238,50,train
acceleration,1219,7.988095238095238,50,test_seen
acceleration,1220,7.988095238095238,50,train
acceleration,1221,7.988095238095238,50,val_seen
acceleration,1222,7.988095238095238,50,train
acceleration,1223,7.988095238095238,50,train
acceleration,1224,8.142857142857142,51,train
acceleration,1225,8.142857142857142,51,train
acceleration,1226,8.142857142857142,51,test_seen
acceleration,1227,8.142857142857142,51,test_seen
acceleration,1228,8.142857142857142,51,train
acceleration,1229,8.142857142857142,51,train
acceleration,1230,8.142857142857142,51,train
acceleration,1231,8.142857142857142,51,val_seen
acceleration,1232,8.142857142857142,51,train
acceleration,1233,8.142857142857142,51,test_seen
acceleration,1234,8.142857142857142,51,train
acceleration,1235,8.142857142857142,51,test_seen
acceleration,1236,8.142857142857142,51,train
acceleration,1237,8.142857142857142,51,train
acceleration,1238,8.142857142857142,51,train
acceleration,1239,8.142857142857142,51,train
acceleration,1240,8.142857142857142,51,val_seen
acceleration,1241,8.142857142857142,51,train
acceleration,1242,8.142857142857142,51,train
acceleration,1243,8.142857142857142,51,train
acceleration,1244,8.142857142857142,51,train
acceleration,1245,8.142857142857142,51,val_seen
acceleration,1246,8.142857142857142,51,val_seen
acceleration,1247,8.142857142857142,51,train
acceleration,1248,8.297619047619047,52,train
acceleration,1249,8.297619047619047,52,train
acceleration,1250,8.297619047619047,52,train
acceleration,1251,8.297619047619047,52,val_seen
acceleration,1252,8.297619047619047,52,test_seen
acceleration,1253,8.297619047619047,52,train
acceleration,1254,8.297619047619047,52,train
acceleration,1255,8.297619047619047,52,train
acceleration,1256,8.297619047619047,52,train
acceleration,1257,8.297619047619047,52,val_seen
acceleration,1258,8.297619047619047,52,test_seen
acceleration,1259,8.297619047619047,52,train
acceleration,1260,8.297619047619047,52,train
acceleration,1261,8.297619047619047,52,val_seen
acceleration,1262,8.297619047619047,52,test_seen
acceleration,1263,8.297619047619047,52,train
acceleration,1264,8.297619047619047,52,train
acceleration,1265,8.297619047619047,52,val_seen
acceleration,1266,8.297619047619047,52,train
acceleration,1267,8.297619047619047,52,train
acceleration,1268,8.297619047619047,52,train
acceleration,1269,8.297619047619047,52,train
acceleration,1270,8.297619047619047,52,test_seen
acceleration,1271,8.297619047619047,52,train
acceleration,1272,8.452380952380953,53,train
acceleration,1273,8.452380952380953,53,train
acceleration,1274,8.452380952380953,53,train
acceleration,1275,8.452380952380953,53,train
acceleration,1276,8.452380952380953,53,train
acceleration,1277,8.452380952380953,53,test_seen
acceleration,1278,8.452380952380953,53,train
acceleration,1279,8.452380952380953,53,test_seen
acceleration,1280,8.452380952380953,53,val_seen
acceleration,1281,8.452380952380953,53,val_seen
acceleration,1282,8.452380952380953,53,train
acceleration,1283,8.452380952380953,53,val_seen
acceleration,1284,8.452380952380953,53,train
acceleration,1285,8.452380952380953,53,train
acceleration,1286,8.452380952380953,53,train
acceleration,1287,8.452380952380953,53,train
acceleration,1288,8.452380952380953,53,train
acceleration,1289,8.452380952380953,53,val_seen
acceleration,1290,8.452380952380953,53,train
acceleration,1291,8.452380952380953,53,train
acceleration,1292,8.452380952380953,53,test_seen
acceleration,1293,8.452380952380953,53,test_seen
acceleration,1294,8.452380952380953,53,train
acceleration,1295,8.452380952380953,53,train
acceleration,1296,8.607142857142858,54,val_unseen
acceleration,1297,8.607142857142858,54,val_unseen
acceleration,1298,8.607142857142858,54,val_unseen
acceleration,1299,8.607142857142858,54,val_unseen
acceleration,1300,8.607142857142858,54,val_unseen
acceleration,1301,8.607142857142858,54,val_unseen
acceleration,1302,8.607142857142858,54,val_unseen
acceleration,1303,8.607142857142858,54,val_unseen
acceleration,1304,8.607142857142858,54,val_unseen
acceleration,1305,8.607142857142858,54,val_unseen
acceleration,1306,8.607142857142858,54,val_unseen
acceleration,1307,8.607142857142858,54,val_unseen
acceleration,1308,8.607142857142858,54,val_unseen
acceleration,1309,8.607142857142858,54,val_unseen
acceleration,1310,8.607142857142858,54,val_unseen
acceleration,1311,8.607142857142858,54,val_unseen
acceleration,1312,8.607142857142858,54,val_unseen
acceleration,1313,8.607142857142858,54,val_unseen
acceleration,1314,8.607142857142858,54,val_unseen
acceleration,1315,8.607142857142858,54,val_unseen
acceleration,1316,8.607142857142858,54,val_unseen
acceleration,1317,8.607142857142858,54,val_unseen
acceleration,1318,8.607142857142858,54,val_unseen
acceleration,1319,8.607142857142858,54,val_unseen
acceleration,1320,8.761904761904763,55,val_seen
acceleration,1321,8.761904761904763,55,train
acceleration,1322,8.761904761904763,55,train
acceleration,1323,8.761904761904763,55,test_seen
acceleration,1324,8.761904761904763,55,train
acceleration,1325,8.761904761904763,55,train
acceleration,1326,8.761904761904763,55,train
acceleration,1327,8.761904761904763,55,train
acceleration,1328,8.761904761904763,55,train
acceleration,1329,8.761904761904763,55,train
acceleration,1330,8.761904761904763,55,test_seen
acceleration,1331,8.761904761904763,55,train
acceleration,1332,8.761904761904763,55,test_seen
acceleration,1333,8.761904761904763,55,val_seen
acceleration,1334,8.761904761904763,55,train
acceleration,1335,8.761904761904763,55,val_seen
acceleration,1336,8.761904761904763,55,test_seen
acceleration,1337,8.761904761904763,55,val_seen
acceleration,1338,8.761904761904763,55,train
acceleration,1339,8.761904761904763,55,train
acceleration,1340,8.761904761904763,55,train
acceleration,1341,8.761904761904763,55,train
acceleration,1342,8.761904761904763,55,train
acceleration,1343,8.761904761904763,55,train
acceleration,1344,8.916666666666668,56,train
acceleration,1345,8.916666666666668,56,val_seen
acceleration,1346,8.916666666666668,56,test_seen
acceleration,1347,8.916666666666668,56,train
acceleration,1348,8.916666666666668,56,val_seen
acceleration,1349,8.916666666666668,56,train
acceleration,1350,8.916666666666668,56,train
acceleration,1351,8.916666666666668,56,train
acceleration,1352,8.916666666666668,56,test_seen
acceleration,1353,8.916666666666668,56,train
acceleration,1354,8.916666666666668,56,test_seen
acceleration,1355,8.916666666666668,56,val_seen
acceleration,1356,8.916666666666668,56,train
acceleration,1357,8.916666666666668,56,train
acceleration,1358,8.916666666666668,56,train
acceleration,1359,8.916666666666668,56,train
acceleration,1360,8.916666666666668,56,test_seen
acceleration,1361,8.916666666666668,56,train
acceleration,1362,8.916666666666668,56,train
acceleration,1363,8.916666666666668,56,val_seen
acceleration,1364,8.916666666666668,56,train
acceleration,1365,8.916666666666668,56,train
acceleration,1366,8.916666666666668,56,train
acceleration,1367,8.916666666666668,56,train
acceleration,1368,9.071428571428571,57,train
acceleration,1369,9.071428571428571,57,test_seen
acceleration,1370,9.071428571428571,57,train
acceleration,1371,9.071428571428571,57,train
acceleration,1372,9.071428571428571,57,test_seen
acceleration,1373,9.071428571428571,57,train
acceleration,1374,9.071428571428571,57,train
acceleration,1375,9.071428571428571,57,train
acceleration,1376,9.071428571428571,57,val_seen
acceleration,1377,9.071428571428571,57,train
acceleration,1378,9.071428571428571,57,test_seen
acceleration,1379,9.071428571428571,57,test_seen
acceleration,1380,9.071428571428571,57,train
acceleration,1381,9.071428571428571,57,train
acceleration,1382,9.071428571428571,57,train
acceleration,1383,9.071428571428571,57,train
acceleration,1384,9.071428571428571,57,train
acceleration,1385,9.071428571428571,57,val_seen
acceleration,1386,9.071428571428571,57,train
acceleration,1387,9.071428571428571,57,train
acceleration,1388,9.071428571428571,57,train
acceleration,1389,9.071428571428571,57,val_seen
acceleration,1390,9.071428571428571,57,train
acceleration,1391,9.071428571428571,57,val_seen
acceleration,1392,9.226190476190476,58,test_seen
acceleration,1393,9.226190476190476,58,train
acceleration,1394,9.226190476190476,58,train
acceleration,1395,9.226190476190476,58,train
acceleration,1396,9.226190476190476,58,train
acceleration,1397,9.226190476190476,58,val_seen
acceleration,1398,9.226190476190476,58,train
acceleration,1399,9.226190476190476,58,val_seen
acceleration,1400,9.226190476190476,58,val_seen
acceleration,1401,9.226190476190476,58,train
acceleration,1402,9.226190476190476,58,train
acceleration,1403,9.226190476190476,58,train
acceleration,1404,9.226190476190476,58,test_seen
acceleration,1405,9.226190476190476,58,train
acceleration,1406,9.226190476190476,58,train
acceleration,1407,9.226190476190476,58,train
acceleration,1408,9.226190476190476,58,val_seen
acceleration,1409,9.226190476190476,58,train
acceleration,1410,9.226190476190476,58,test_seen
acceleration,1411,9.226190476190476,58,train
acceleration,1412,9.226190476190476,58,train
acceleration,1413,9.226190476190476,58,test_seen
acceleration,1414,9.226190476190476,58,train
acceleration,1415,9.226190476190476,58,train
acceleration,1416,9.380952380952381,59,test_unseen
acceleration,1417,9.380952380952381,59,test_unseen
acceleration,1418,9.380952380952381,59,test_unseen
acceleration,1419,9.380952380952381,59,test_unseen
acceleration,1420,9.380952380952381,59,test_unseen
acceleration,1421,9.380952380952381,59,test_unseen
acceleration,1422,9.380952380952381,59,test_unseen
acceleration,1423,9.380952380952381,59,test_unseen
acceleration,1424,9.380952380952381,59,test_unseen
acceleration,1425,9.380952380952381,59,test_unseen
acceleration,1426,9.380952380952381,59,test_unseen
acceleration,1427,9.380952380952381,59,test_unseen
acceleration,1428,9.380952380952381,59,test_unseen
acceleration,1429,9.380952380952381,59,test_unseen
acceleration,1430,9.380952380952381,59,test_unseen
acceleration,1431,9.380952380952381,59,test_unseen
acceleration,1432,9.380952380952381,59,test_unseen
acceleration,1433,9.380952380952381,59,test_unseen
acceleration,1434,9.380952380952381,59,test_unseen
acceleration,1435,9.380952380952381,59,test_unseen
acceleration,1436,9.380952380952381,59,test_unseen
acceleration,1437,9.380952380952381,59,test_unseen
acceleration,1438,9.380952380952381,59,test_unseen
acceleration,1439,9.380952380952381,59,test_unseen
acceleration,1440,9.535714285714286,60,train
acceleration,1441,9.535714285714286,60,val_seen
acceleration,1442,9.535714285714286,60,train
acceleration,1443,9.535714285714286,60,train
acceleration,1444,9.535714285714286,60,train
acceleration,1445,9.535714285714286,60,test_seen
acceleration,1446,9.535714285714286,60,train
acceleration,1447,9.535714285714286,60,train
acceleration,1448,9.535714285714286,60,train
acceleration,1449,9.535714285714286,60,train
acceleration,1450,9.535714285714286,60,train
acceleration,1451,9.535714285714286,60,train
acceleration,1452,9.535714285714286,60,test_seen
acceleration,1453,9.535714285714286,60,test_seen
acceleration,1454,9.535714285714286,60,train
acceleration,1455,9.535714285714286,60,val_seen
acceleration,1456,9.535714285714286,60,test_seen
acceleration,1457,9.535714285714286,60,train
acceleration,1458,9.535714285714286,60,train
acceleration,1459,9.535714285714286,60,train
acceleration,1460,9.535714285714286,60,train
acceleration,1461,9.535714285714286,60,val_seen
acceleration,1462,9.535714285714286,60,train
acceleration,1463,9.535714285714286,60,val_seen
acceleration,1464,9.690476190476192,61,test_seen
acceleration,1465,9.690476190476192,61,val_seen
acceleration,1466,9.690476190476192,61,train
acceleration,1467,9.690476190476192,61,train
acceleration,1468,9.690476190476192,61,train
acceleration,1469,9.690476190476192,61,train
acceleration,1470,9.690476190476192,61,val_seen
acceleration,1471,9.690476190476192,61,train
acceleration,1472,9.690476190476192,61,train
acceleration,1473,9.690476190476192,61,train
acceleration,1474,9.690476190476192,61,val_seen
acceleration,1475,9.690476190476192,61,test_seen
acceleration,1476,9.690476190476192,61,test_seen
acceleration,1477,9.690476190476192,61,test_seen
acceleration,1478,9.690476190476192,61,train
acceleration,1479,9.690476190476192,61,train
acceleration,1480,9.690476190476192,61,train
acceleration,1481,9.690476190476192,61,train
acceleration,1482,9.690476190476192,61,val_seen
acceleration,1483,9.690476190476192,61,train
acceleration,1484,9.690476190476192,61,train
acceleration,1485,9.690476190476192,61,train
acceleration,1486,9.690476190476192,61,train
acceleration,1487,9.690476190476192,61,train
acceleration,1488,9.845238095238095,62,train
acceleration,1489,9.845238095238095,62,train
acceleration,1490,9.845238095238095,62,val_seen
acceleration,1491,9.845238095238095,62,test_seen
acceleration,1492,9.845238095238095,62,train
acceleration,1493,9.845238095238095,62,train
acceleration,1494,9.845238095238095,62,train
acceleration,1495,9.845238095238095,62,test_seen
acceleration,1496,9.845238095238095,62,train
acceleration,1497,9.845238095238095,62,train
acceleration,1498,9.845238095238095,62,train
acceleration,1499,9.845238095238095,62,train
acceleration,1500,9.845238095238095,62,test_seen
acceleration,1501,9.845238095238095,62,train
acceleration,1502,9.845238095238095,62,train
acceleration,1503,9.845238095238095,62,val_seen
acceleration,1504,9.845238095238095,62,train
acceleration,1505,9.845238095238095,62,train
acceleration,1506,9.845238095238095,62,train
acceleration,1507,9.845238095238095,62,train
acceleration,1508,9.845238095238095,62,test_seen
acceleration,1509,9.845238095238095,62,val_seen
acceleration,1510,9.845238095238095,62,train
acceleration,1511,9.845238095238095,62,val_seen
acceleration,1512,10.0,63,val_seen
acceleration,1513,10.0,63,train
acceleration,1514,10.0,63,train
acceleration,1515,10.0,63,test_seen
acceleration,1516,10.0,63,train
acceleration,1517,10.0,63,train
acceleration,1518,10.0,63,val_seen
acceleration,1519,10.0,63,train
acceleration,1520,10.0,63,train
acceleration,1521,10.0,63,test_seen
acceleration,1522,10.0,63,test_seen
acceleration,1523,10.0,63,train
acceleration,1524,10.0,63,train
acceleration,1525,10.0,63,val_seen
acceleration,1526,10.0,63,test_seen
acceleration,1527,10.0,63,train
acceleration,1528,10.0,63,train
acceleration,1529,10.0,63,train
acceleration,1530,10.0,63,train
acceleration,1531,10.0,63,train
acceleration,1532,10.0,63,train
acceleration,1533,10.0,63,train
acceleration,1534,10.0,63,val_seen
acceleration,1535,10.0,63,train
