dataset,id,label,exit,clipped,sub_patch_motion,frozen_start,frames_without_disk,frames_touching_border,predicted_displacement_px,tracked_displacement_px,still_frames,within_tubelet_0_px,within_tubelet_1_px,within_tubelet_2_px,within_tubelet_3_px,within_tubelet_4_px,within_tubelet_5_px,within_tubelet_6_px,within_tubelet_7_px
direction,0,0.0,0,0,0,0,0,0,20.0,19.9486,0,1.3333,1.3333,1.3333,1.3333,1.3333,1.3333,1.3333,1.3333
direction,1,0.0,0,0,0,0,0,0,25.0,25.0686,2,0.1111,0.5556,1.0,1.4444,1.8889,2.3333,2.7778,3.2222
direction,2,0.0,0,0,0,0,0,0,60.0,60.0112,0,4.0,4.0,4.0,4.0,4.0,4.0,4.0,4.0
direction,3,0.0,0,0,0,0,0,0,50.0,50.0313,1,0.2222,1.1111,2.0,2.8889,3.7778,4.6667,5.5556,6.4444
direction,4,0.0,0,1,0,0,0,1,100.0,93.0798,0,6.6667,6.6667,6.6667,6.6667,6.6667,6.6667,6.6667,6.6667
direction,5,0.0,0,0,1,1,0,0,12.5,12.0,3,0.0556,0.2778,0.5,0.7222,0.9444,1.1667,1.3889,1.6111
direction,6,0.0,1,1,0,0,3,2,140.0,93.9429,0,9.3333,9.3333,9.3333,9.3333,9.3333,9.3333,9.3333,9.3333
direction,7,0.0,0,0,0,0,0,0,37.5,37.0256,1,0.1667,0.8333,1.5,2.1667,2.8333,3.5,4.1667,4.8333
direction,8,0.0,0,0,0,0,0,0,40.0,40.0,0,2.6667,2.6667,2.6667,2.6667,2.6667,2.6667,2.6667,2.6667
direction,9,0.0,0,0,0,0,0,0,62.5,62.0287,1,0.2778,1.3889,2.5,3.6111,4.7222,5.8333,6.9444,8.0556
direction,10,0.0,0,0,0,0,0,0,80.0,79.9889,0,5.3333,5.3333,5.3333,5.3333,5.3333,5.3333,5.3333,5.3333
direction,11,0.0,0,0,0,0,0,0,25.0,24.9202,2,0.1111,0.5556,1.0,1.4444,1.8889,2.3333,2.7778,3.2222
direction,12,0.0,0,0,0,0,0,0,120.0,120.0,0,8.0,8.0,8.0,8.0,8.0,8.0,8.0,8.0
direction,13,0.0,0,0,0,0,0,0,50.0,50.0,1,0.2222,1.1111,2.0,2.8889,3.7778,4.6667,5.5556,6.4444
direction,14,0.0,0,0,0,0,0,0,20.0,20.0228,0,1.3333,1.3333,1.3333,1.3333,1.3333,1.3333,1.3333,1.3333
direction,15,0.0,0,0,1,1,0,0,12.5,11.9744,3,0.0556,0.2778,0.5,0.7222,0.9444,1.1667,1.3889,1.6111
direction,16,0.0,0,0,0,0,0,0,60.0,60.0,0,4.0,4.0,4.0,4.0,4.0,4.0,4.0,4.0
direction,17,0.0,0,0,0,0,0,0,37.5,38.0286,1,0.1667,0.8333,1.5,2.1667,2.8333,3.5,4.1667,4.8333
direction,18,0.0,0,0,0,0,0,0,100.0,100.0256,0,6.6667,6.6667,6.6667,6.6667,6.6667,6.6667,6.6667,6.6667
direction,19,0.0,0,0,0,0,0,0,62.5,62.8252,0,0.2778,1.3889,2.5,3.6111,4.7222,5.8333,6.9444,8.0556
direction,20,0.0,1,1,0,0,3,3,140.0,84.0,0,9.3333,9.3333,9.3333,9.3333,9.3333,9.3333,9.3333,9.3333
direction,21,0.0,0,0,0,0,0,0,25.0,24.9313,0,0.1111,0.5556,1.0,1.4444,1.8889,2.3333,2.7778,3.2222
direction,22,0.0,0,0,0,0,0,0,40.0,39.9887,0,2.6667,2.6667,2.6667,2.6667,2.6667,2.6667,2.6667,2.6667
direction,23,0.0,0,0,0,0,0,0,50.0,50.0112,1,0.2222,1.1111,2.0,2.8889,3.7778,4.6667,5.5556,6.4444
direction,24,5.625,0,0,0,0,0,0,80.0,79.4992,0,5.3333,5.3333,5.3333,5.3333,5.3333,5.3333,5.3333,5.3333
direction,25,5.625,0,0,1,1,0,0,12.5,12.1023,4,0.0556,0.2778,0.5,0.7222,0.9444,1.1667,1.3889,1.6111
direction,26,5.625,0,0,0,0,0,0,120.0,119.6803,0,8.0,8.0,8.0,8.0,8.0,8.0,8.0,8.0
direction,27,5.625,0,0,0,0,0,0,37.5,37.2806,1,0.1667,0.8333,1.5,2.1667,2.8333,3.5,4.1667,4.8333
direction,28,5.625,0,0,0,0,0,0,20.0,20.1711,0,1.3333,1.3333,1.3333,1.3333,1.3333,1.3333,1.3333,1.3333
direction,29,5.625,0,0,0,0,0,0,62.5,62.3141,0,0.2778,1.3889,2.5,3.6111,4.7222,5.8333,6.9444,8.0556
direction,30,5.625,0,0,0,0,0,0,60.0,60.2426,0,4.0,4.0,4.0,4.0,4.0,4.0,4.0,4.0
direction,31,5.625,0,0,0,0,0,0,25.0,25.2026,2,0.1111,0.5556,1.0,1.4444,1.8889,2.3333,2.7778,3.2222
direction,32,5.625,1,1,0,0,3,3,100.0,60.2895,0,6.6667,6.6667,6.6667,6.6667,6.6667,6.6667,6.6667,6.6667
direction,33,5.625,0,0,0,0,0,0,50.0,49.3232,2,0.2222,1.1111,2.0,2.8889,3.7778,4.6667,5.5556,6.4444
direction,34,5.625,1,1,0,0,4,2,140.0,84.2883,0,9.3333,9.3333,9.3333,9.3333,9.3333,9.3333,9.3333,9.3333
direction,35,5.625,0,0,1,1,0,0,12.5,12.1294,4,0.0556,0.2778,0.5,0.7222,0.9444,1.1667,1.3889,1.6111
direction,36,5.625,0,0,0,0,0,0,40.0,40.1723,0,2.6667,2.6667,2.6667,2.6667,2.6667,2.6667,2.6667,2.6667
direction,37,5.625,0,0,0,0,0,0,37.5,37.2678,1,0.1667,0.8333,1.5,2.1667,2.8333,3.5,4.1667,4.8333
direction,38,5.625,0,0,0,0,0,0,80.0,79.2997,0,5.3333,5.3333,5.3333,5.3333,5.3333,5.3333,5.3333,5.3333
direction,39,5.625,0,0,0,0,0,0,62.5,62.2602,1,0.2778,1.3889,2.5,3.6111,4.7222,5.8333,6.9444,8.0556
direction,40,5.625,0,0,0,0,0,0,120.0,119.6392,0,8.0,8.0,8.0,8.0,8.0,8.0,8.0,8.0
direction,41,5.625,0,0,0,0,0,0,25.0,25.2078,1,0.1111,0.5556,1.0,1.4444,1.8889,2.3333,2.7778,3.2222
direction,42,5.625,0,0,0,0,0,0,20.0,20.1275,0,1.3333,1.3333,1.3333,1.3333,1.3333,1.3333,1.3333,1.3333
direction,43,5.625,0,0,0,0,0,0,50.0,50.1985,1,0.2222,1.1111,2.0,2.8889,3.7778,4.6667,5.5556,6.4444
direction,44,5.625,0,0,0,0,0,0,60.0,60.3382,0,4.0,4.0,4.0,4.0,4.0,4.0,4.0,4.0
direction,45,5.625,0,0,1,1,0,0,12.5,12.05,4,0.0556,0.2778,0.5,0.7222,0.9444,1.1667,1.3889,1.6111
direction,46,5.625,1,1,0,0,3,3,100.0,59.1679,0,6.6667,6.6667,6.6667,6.6667,6.6667,6.6667,6.6667,6.6667
direction,47,5.625,0,0,0,0,0,0,37.5,37.301,2,0.1667,0.8333,1.5,2.1667,2.8333,3.5,4.1667,4.8333
direction,48,11.25,1,1,0,0,1,2,140.0,112.2049,0,9.3333,9.3333,9.3333,9.3333,9.3333,9.3333,9.3333,9.3333
direction,49,11.25,0,0,0,0,0,0,62.5,62.2956,1,0.2778,1.3889,2.5,3.6111,4.7222,5.8333,6.9444,8.0556
direction,50,11.25,0,0,0,0,0,0,40.0,39.9036,0,2.6667,2.6667,2.6667,2.6667,2.6667,2.6667,2.6667,2.6667
direction,51,11.25,0,0,0,0,0,0,25.0,24.3075,2,0.1111,0.5556,1.0,1.4444,1.8889,2.3333,2.7778,3.2222
direction,52,11.25,0,0,0,0,0,0,80.0,80.5839,0,5.3333,5.3333,5.3333,5.3333,5.3333,5.3333,5.3333,5.3333
direction,53,11.25,0,0,0,0,0,0,50.0,49.8816,1,0.2222,1.1111,2.0,2.8889,3.7778,4.6667,5.5556,6.4444
direction,54,11.25,0,1,0,0,0,3,120.0,97.0261,0,8.0,8.0,8.0,8.0,8.0,8.0,8.0,8.0
direction,55,11.25,0,0,1,1,0,0,12.5,12.4137,3,0.0556,0.2778,0.5,0.7222,0.9444,1.1667,1.3889,1.6111
direction,56,11.25,0,0,0,0,0,0,20.0,19.5252,0,1.3333,1.3333,1.3333,1.3333,1.3333,1.3333,1.3333,1.3333
direction,57,11.25,0,0,0,0,0,0,37.5,37.9326,2,0.1667,0.8333,1.5,2.1667,2.8333,3.5,4.1667,4.8333
direction,58,11.25,0,0,0,0,0,0,60.0,60.1589,0,4.0,4.0,4.0,4.0,4.0,4.0,4.0,4.0
direction,59,11.25,0,0,0,0,0,0,62.5,62.2746,1,0.2778,1.3889,2.5,3.6111,4.7222,5.8333,6.9444,8.0556
direction,60,11.25,0,1,0,0,0,1,100.0,93.7673,0,6.6667,6.6667,6.6667,6.6667,6.6667,6.6667,6.6667,6.6667
direction,61,11.25,0,0,0,0,0,0,25.0,25.4194,0,0.1111,0.5556,1.0,1.4444,1.8889,2.3333,2.7778,3.2222
direction,62,11.25,0,0,0,0,0,0,140.0,139.7401,0,9.3333,9.3333,9.3333,9.3333,9.3333,9.3333,9.3333,9.3333
direction,63,11.25,0,0,0,0,0,0,50.0,49.8542,1,0.2222,1.1111,2.0,2.8889,3.7778,4.6667,5.5556,6.4444
direction,64,11.25,0,0,0,0,0,0,40.0,39.7926,0,2.6667,2.6667,2.6667,2.6667,2.6667,2.6667,2.6667,2.6667
direction,65,11.25,0,0,1,0,0,0,12.5,12.39,1,0.0556,0.2778,0.5,0.7222,0.9444,1.1667,1.3889,1.6111
direction,66,11.25,0,0,0,0,0,0,80.0,80.3483,0,5.3333,5.3333,5.3333,5.3333,5.3333,5.3333,5.3333,5.3333
direction,67,11.25,0,0,0,0,0,0,37.5,36.8823,2,0.1667,0.8333,1.5,2.1667,2.8333,3.5,4.1667,4.8333
direction,68,11.25,1,1,0,0,2,2,120.0,87.652,0,8.0,8.0,8.0,8.0,8.0,8.0,8.0,8.0
direction,69,11.25,0,0,0,0,0,0,62.5,62.2478,1,0.2778,1.3889,2.5,3.6111,4.7222,5.8333,6.9444,8.0556
direction,70,11.25,0,0,0,0,0,0,20.0,20.3737,0,1.3333,1.3333,1.3333,1.3333,1.3333,1.3333,1.3333,1.3333
direction,71,11.25,0,0,0,0,0,0,25.0,25.4285,2,0.1111,0.5556,1.0,1.4444,1.8889,2.3333,2.7778,3.2222
direction,72,16.875,0,1,0,0,0,1,60.0,56.2701,0,4.0,4.0,4.0,4.0,4.0,4.0,4.0,4.0
direction,73,16.875,0,0,0,0,0,0,50.0,49.2506,2,0.2222,1.1111,2.0,2.8889,3.7778,4.6667,5.5556,6.4444
direction,74,16.875,0,0,0,0,0,0,100.0,100.2376,0,6.6667,6.6667,6.6667,6.6667,6.6667,6.6667,6.6667,6.6667
direction,75,16.875,0,0,1,0,0,0,12.5,12.3471,2,0.0556,0.2778,0.5,0.7222,0.9444,1.1667,1.3889,1.6111
direction,76,16.875,1,1,0,0,1,3,140.0,102.1926,0,9.3333,9.3333,9.3333,9.3333,9.3333,9.3333,9.3333,9.3333
direction,77,16.875,0,0,0,0,0,0,37.5,36.7225,1,0.1667,0.8333,1.5,2.1667,2.8333,3.5,4.1667,4.8333
direction,78,16.875,0,0,0,0,0,0,40.0,39.7997,0,2.6667,2.6667,2.6667,2.6667,2.6667,2.6667,2.6667,2.6667
direction,79,16.875,0,0,0,0,0,0,62.5,61.7464,1,0.2778,1.3889,2.5,3.6111,4.7222,5.8333,6.9444,8.0556
direction,80,16.875,0,0,0,0,0,0,80.0,80.2465,0,5.3333,5.3333,5.3333,5.3333,5.3333,5.3333,5.3333,5.3333
direction,81,16.875,0,0,0,0,0,0,25.0,24.9558,2,0.1111,0.5556,1.0,1.4444,1.8889,2.3333,2.7778,3.2222
direction,82,16.875,0,0,0,0,0,0,120.0,119.8709,0,8.0,8.0,8.0,8.0,8.0,8.0,8.0,8.0
direction,83,16.875,0,0,0,0,0,0,50.0,49.144,2,0.2222,1.1111,2.0,2.8889,3.7778,4.6667,5.5556,6.4444
direction,84,16.875,0,0,0,0,0,0,20.0,20.5462,0,1.3333,1.3333,1.3333,1.3333,1.3333,1.3333,1.3333,1.3333
direction,85,16.875,0,0,1,1,0,0,12.5,12.679,4,0.0556,0.2778,0.5,0.7222,0.9444,1.1667,1.3889,1.6111
direction,86,16.875,0,0,0,0,0,0,60.0,59.4157,0,4.0,4.0,4.0,4.0,4.0,4.0,4.0,4.0
direction,87,16.875,0,0,0,0,0,0,37.5,37.6822,0,0.1667,0.8333,1.5,2.1667,2.8333,3.5,4.1667,4.8333
direction,88,16.875,1,1,0,0,1,3,100.0,73.348,0,6.6667,6.6667,6.6667,6.6667,6.6667,6.6667,6.6667,6.6667
direction,89,16.875,0,0,0,0,0,0,62.5,62.6754,1,0.2778,1.3889,2.5,3.6111,4.7222,5.8333,6.9444,8.0556
direction,90,16.875,1,1,0,0,3,3,140.0,83.5764,0,9.3333,9.3333,9.3333,9.3333,9.3333,9.3333,9.3333,9.3333
direction,91,16.875,0,0,0,0,0,0,25.0,25.2945,1,0.1111,0.5556,1.0,1.4444,1.8889,2.3333,2.7778,3.2222
direction,92,16.875,0,0,0,0,0,0,40.0,40.7453,0,2.6667,2.6667,2.6667,2.6667,2.6667,2.6667,2.6667,2.6667
direction,93,16.875,0,0,0,0,0,0,50.0,49.2411,2,0.2222,1.1111,2.0,2.8889,3.7778,4.6667,5.5556,6.4444
direction,94,16.875,0,0,0,0,0,0,80.0,79.3793,0,5.3333,5.3333,5.3333,5.3333,5.3333,5.3333,5.3333,5.3333
direction,95,16.875,0,0,1,1,0,0,12.5,12.6737,3,0.0556,0.2778,0.5,0.7222,0.9444,1.1667,1.3889,1.6111
direction,96,22.5,0,0,0,0,0,0,120.0,120.0791,0,8.0,8.0,8.0,8.0,8.0,8.0,8.0,8.0
direction,97,22.5,0,0,0,0,0,0,37.5,37.7658,1,0.1667,0.8333,1.5,2.1667,2.8333,3.5,4.1667,4.8333
direction,98,22.5,0,0,0,0,0,0,20.0,19.3704,0,1.3333,1.3333,1.3333,1.3333,1.3333,1.3333,1.3333,1.3333
direction,99,22.5,0,0,0,0,0,0,62.5,62.7388,1,0.2778,1.3889,2.5,3.6111,4.7222,5.8333,6.9444,8.0556
direction,100,22.5,0,0,0,0,0,0,60.0,60.5696,0,4.0,4.0,4.0,4.0,4.0,4.0,4.0,4.0
direction,101,22.5,0,0,0,0,0,0,25.0,25.9982,0,0.1111,0.5556,1.0,1.4444,1.8889,2.3333,2.7778,3.2222
direction,102,22.5,0,1,0,0,0,2,100.0,86.5695,0,6.6667,6.6667,6.6667,6.6667,6.6667,6.6667,6.6667,6.6667
direction,103,22.5,0,0,0,0,0,0,50.0,49.8219,1,0.2222,1.1111,2.0,2.8889,3.7778,4.6667,5.5556,6.4444
direction,104,22.5,1,1,0,0,5,3,140.0,64.9933,0,9.3333,9.3333,9.3333,9.3333,9.3333,9.3333,9.3333,9.3333
direction,105,22.5,0,0,1,0,0,0,12.5,12.6608,1,0.0556,0.2778,0.5,0.7222,0.9444,1.1667,1.3889,1.6111
direction,106,22.5,0,0,0,0,0,0,40.0,40.4275,0,2.6667,2.6667,2.6667,2.6667,2.6667,2.6667,2.6667,2.6667
direction,107,22.5,0,0,0,0,0,0,37.5,36.7556,2,0.1667,0.8333,1.5,2.1667,2.8333,3.5,4.1667,4.8333
direction,108,22.5,0,0,0,0,0,0,80.0,79.8499,0,5.3333,5.3333,5.3333,5.3333,5.3333,5.3333,5.3333,5.3333
direction,109,22.5,0,0,0,0,0,0,62.5,62.7481,0,0.2778,1.3889,2.5,3.6111,4.7222,5.8333,6.9444,8.0556
direction,110,22.5,0,0,0,0,0,0,120.0,120.0917,0,8.0,8.0,8.0,8.0,8.0,8.0,8.0,8.0
direction,111,22.5,0,0,0,0,0,0,25.0,25.1751,2,0.1111,0.5556,1.0,1.4444,1.8889,2.3333,2.7778,3.2222
direction,112,22.5,0,0,0,0,0,0,20.0,19.3449,0,1.3333,1.3333,1.3333,1.3333,1.3333,1.3333,1.3333,1.3333
direction,113,22.5,0,0,0,0,0,0,50.0,49.765,2,0.2222,1.1111,2.0,2.8889,3.7778,4.6667,5.5556,6.4444
direction,114,22.5,0,0,0,0,0,0,60.0,59.1265,0,4.0,4.0,4.0,4.0,4.0,4.0,4.0,4.0
direction,115,22.5,0,0,1,1,0,0,12.5,12.916,3,0.0556,0.2778,0.5,0.7222,0.9444,1.1667,1.3889,1.6111
direction,116,22.5,1,1,0,0,1,3,100.0,72.5347,0,6.6667,6.6667,6.6667,6.6667,6.6667,6.6667,6.6667,6.6667
direction,117,22.5,0,0,0,0,0,0,37.5,38.1939,0,0.1667,0.8333,1.5,2.1667,2.8333,3.5,4.1667,4.8333
direction,118,22.5,0,0,0,0,0,0,140.0,139.5638,0,9.3333,9.3333,9.3333,9.3333,9.3333,9.3333,9.3333,9.3333
direction,119,22.5,0,0,0,0,0,0,62.5,62.6982,1,0.2778,1.3889,2.5,3.6111,4.7222,5.8333,6.9444,8.0556
direction,120,28.125,0,0,0,0,0,0,40.0,40.6367,0,2.6667,2.6667,2.6667,2.6667,2.6667,2.6667,2.6667,2.6667
direction,121,28.125,0,0,0,0,0,0,25.0,25.0261,1,0.1111,0.5556,1.0,1.4444,1.8889,2.3333,2.7778,3.2222
direction,122,28.125,0,0,0,0,0,0,80.0,79.6692,0,5.3333,5.3333,5.3333,5.3333,5.3333,5.3333,5.3333,5.3333
direction,123,28.125,0,0,0,0,0,0,50.0,49.5734,0,0.2222,1.1111,2.0,2.8889,3.7778,4.6667,5.5556,6.4444
direction,124,28.125,0,0,0,0,0,0,120.0,120.2857,0,8.0,8.0,8.0,8.0,8.0,8.0,8.0,8.0
direction,125,28.125,0,0,1,1,0,0,12.5,12.4067,3,0.0556,0.2778,0.5,0.7222,0.9444,1.1667,1.3889,1.6111
direction,126,28.125,0,0,0,0,0,0,20.0,20.6022,0,1.3333,1.3333,1.3333,1.3333,1.3333,1.3333,1.3333,1.3333
direction,127,28.125,0,0,0,0,0,0,37.5,37.1984,2,0.1667,0.8333,1.5,2.1667,2.8333,3.5,4.1667,4.8333
direction,128,28.125,0,0,0,0,0,0,60.0,59.8391,0,4.0,4.0,4.0,4.0,4.0,4.0,4.0,4.0
direction,129,28.125,0,0,0,0,0,0,62.5,62.6409,0,0.2778,1.3889,2.5,3.6111,4.7222,5.8333,6.9444,8.0556
direction,130,28.125,1,1,0,0,3,3,100.0,60.0336,0,6.6667,6.6667,6.6667,6.6667,6.6667,6.6667,6.6667,6.6667
direction,131,28.125,0,0,0,0,0,0,25.0,24.6273,1,0.1111,0.5556,1.0,1.4444,1.8889,2.3333,2.7778,3.2222
direction,132,28.125,1,1,0,0,1,3,140.0,102.9234,0,9.3333,9.3333,9.3333,9.3333,9.3333,9.3333,9.3333,9.3333
direction,133,28.125,0,0,0,0,0,0,50.0,50.0906,1,0.2222,1.1111,2.0,2.8889,3.7778,4.6667,5.5556,6.4444
direction,134,28.125,0,0,0,0,0,0,40.0,39.9922,0,2.6667,2.6667,2.6667,2.6667,2.6667,2.6667,2.6667,2.6667
direction,135,28.125,0,0,1,1,0,0,12.5,12.6058,3,0.0556,0.2778,0.5,0.7222,0.9444,1.1667,1.3889,1.6111
direction,136,28.125,0,1,0,0,0,4,80.0,59.1088,0,5.3333,5.3333,5.3333,5.3333,5.3333,5.3333,5.3333,5.3333
direction,137,28.125,0,0,0,0,0,0,37.5,37.0257,1,0.1667,0.8333,1.5,2.1667,2.8333,3.5,4.1667,4.8333
direction,138,28.125,0,0,0,0,0,0,120.0,119.8384,0,8.0,8.0,8.0,8.0,8.0,8.0,8.0,8.0
direction,139,28.125,0,0,0,0,0,0,62.5,62.2612,0,0.2778,1.3889,2.5,3.6111,4.7222,5.8333,6.9444,8.0556
direction,140,28.125,0,0,0,0,0,0,20.0,19.1366,0,1.3333,1.3333,1.3333,1.3333,1.3333,1.3333,1.3333,1.3333
direction,141,28.125,0,0,0,0,0,0,25.0,25.0576,2,0.1111,0.5556,1.0,1.4444,1.8889,2.3333,2.7778,3.2222
direction,142,28.125,0,0,0,0,0,0,60.0,59.9892,0,4.0,4.0,4.0,4.0,4.0,4.0,4.0,4.0
direction,143,28.125,0,0,0,0,0,0,50.0,49.6104,1,0.2222,1.1111,2.0,2.8889,3.7778,4.6667,5.5556,6.4444
direction,144,33.75,0,0,0,0,0,0,100.0,100.0588,0,6.6667,6.6667,6.6667,6.6667,6.6667,6.6667,6.6667,6.6667
direction,145,33.75,0,0,1,0,0,0,12.5,13.0035,1,0.0556,0.2778,0.5,0.7222,0.9444,1.1667,1.3889,1.6111
direction,146,33.75,1,1,0,0,5,2,140.0,74.8936,0,9.3333,9.3333,9.3333,9.3333,9.3333,9.3333,9.3333,9.3333
direction,147,33.75,0,0,0,0,0,0,37.5,36.9586,2,0.1667,0.8333,1.5,2.1667,2.8333,3.5,4.1667,4.8333
direction,148,33.75,0,0,0,0,0,0,40.0,40.5256,0,2.6667,2.6667,2.6667,2.6667,2.6667,2.6667,2.6667,2.6667
direction,149,33.75,0,0,0,0,0,0,62.5,62.1302,0,0.2778,1.3889,2.5,3.6111,4.7222,5.8333,6.9444,8.0556
direction,150,33.75,0,0,0,0,0,0,80.0,80.076,0,5.3333,5.3333,5.3333,5.3333,5.3333,5.3333,5.3333,5.3333
direction,151,33.75,0,0,0,0,0,0,25.0,25.1509,1,0.1111,0.5556,1.0,1.4444,1.8889,2.3333,2.7778,3.2222
direction,152,33.75,0,0,0,0,0,0,120.0,120.4223,0,8.0,8.0,8.0,8.0,8.0,8.0,8.0,8.0
direction,153,33.75,0,0,0,0,0,0,50.0,49.577,1,0.2222,1.1111,2.0,2.8889,3.7778,4.6667,5.5556,6.4444
direction,154,33.75,0,0,0,0,0,0,20.0,19.9883,0,1.3333,1.3333,1.3333,1.3333,1.3333,1.3333,1.3333,1.3333
direction,155,33.75,0,0,1,0,0,0,12.5,12.9595,1,0.0556,0.2778,0.5,0.7222,0.9444,1.1667,1.3889,1.6111
direction,156,33.75,0,0,0,0,0,0,60.0,59.6817,0,4.0,4.0,4.0,4.0,4.0,4.0,4.0,4.0
direction,157,33.75,0,0,0,0,0,0,37.5,37.5144,2,0.1667,0.8333,1.5,2.1667,2.8333,3.5,4.1667,4.8333
direction,158,33.75,0,0,0,0,0,0,100.0,100.0887,0,6.6667,6.6667,6.6667,6.6667,6.6667,6.6667,6.6667,6.6667
direction,159,33.75,0,0,0,0,0,0,62.5,62.7154,0,0.2778,1.3889,2.5,3.6111,4.7222,5.8333,6.9444,8.0556
direction,160,33.75,1,1,0,0,3,3,140.0,83.773,0,9.3333,9.3333,9.3333,9.3333,9.3333,9.3333,9.3333,9.3333
direction,161,33.75,0,0,0,0,0,0,25.0,25.1674,0,0.1111,0.5556,1.0,1.4444,1.8889,2.3333,2.7778,3.2222
direction,162,33.75,0,0,0,0,0,0,40.0,40.5454,0,2.6667,2.6667,2.6667,2.6667,2.6667,2.6667,2.6667,2.6667
direction,163,33.75,0,0,0,0,0,0,50.0,50.0128,0,0.2222,1.1111,2.0,2.8889,3.7778,4.6667,5.5556,6.4444
direction,164,33.75,0,1,0,0,0,1,80.0,74.3348,0,5.3333,5.3333,5.3333,5.3333,5.3333,5.3333,5.3333,5.3333
direction,165,33.75,0,0,1,1,0,0,12.5,12.2009,4,0.0556,0.2778,0.5,0.7222,0.9444,1.1667,1.3889,1.6111
direction,166,33.75,0,0,0,0,0,0,120.0,120.3871,0,8.0,8.0,8.0,8.0,8.0,8.0,8.0,8.0
direction,167,33.75,0,0,0,0,0,0,37.5,37.4041,0,0.1667,0.8333,1.5,2.1667,2.8333,3.5,4.1667,4.8333
direction,168,39.375,0,0,0,0,0,0,20.0,19.2994,0,1.3333,1.3333,1.3333,1.3333,1.3333,1.3333,1.3333,1.3333
direction,169,39.375,0,0,0,0,0,0,62.5,62.4882,1,0.2778,1.3889,2.5,3.6111,4.7222,5.8333,6.9444,8.0556
direction,170,39.375,0,0,0,0,0,0,60.0,60.3928,0,4.0,4.0,4.0,4.0,4.0,4.0,4.0,4.0
direction,171,39.375,0,0,0,0,0,0,25.0,24.7621,2,0.1111,0.5556,1.0,1.4444,1.8889,2.3333,2.7778,3.2222
direction,172,39.375,0,0,0,0,0,0,100.0,99.3888,0,6.6667,6.6667,6.6667,6.6667,6.6667,6.6667,6.6667,6.6667
direction,173,39.375,0,0,0,0,0,0,50.0,49.6967,2,0.2222,1.1111,2.0,2.8889,3.7778,4.6667,5.5556,6.4444
direction,174,39.375,0,1,0,0,0,2,140.0,120.6395,0,9.3333,9.3333,9.3333,9.3333,9.3333,9.3333,9.3333,9.3333
direction,175,39.375,0,0,1,0,0,0,12.5,12.7484,2,0.0556,0.2778,0.5,0.7222,0.9444,1.1667,1.3889,1.6111
direction,176,39.375,0,0,0,0,0,0,40.0,39.9153,0,2.6667,2.6667,2.6667,2.6667,2.6667,2.6667,2.6667,2.6667
direction,177,39.375,0,0,0,0,0,0,37.5,36.9605,1,0.1667,0.8333,1.5,2.1667,2.8333,3.5,4.1667,4.8333
direction,178,39.375,0,0,0,0,0,0,80.0,80.1985,0,5.3333,5.3333,5.3333,5.3333,5.3333,5.3333,5.3333,5.3333
direction,179,39.375,0,0,0,0,0,0,62.5,62.4717,1,0.2778,1.3889,2.5,3.6111,4.7222,5.8333,6.9444,8.0556
direction,180,39.375,0,0,0,0,0,0,120.0,120.1679,0,8.0,8.0,8.0,8.0,8.0,8.0,8.0,8.0
direction,181,39.375,0,0,0,0,0,0,25.0,25.561,0,0.1111,0.5556,1.0,1.4444,1.8889,2.3333,2.7778,3.2222
direction,182,39.375,0,0,0,0,0,0,20.0,19.1638,0,1.3333,1.3333,1.3333,1.3333,1.3333,1.3333,1.3333,1.3333
direction,183,39.375,0,0,0,0,0,0,50.0,49.7609,1,0.2222,1.1111,2.0,2.8889,3.7778,4.6667,5.5556,6.4444
direction,184,39.375,0,0,0,0,0,0,60.0,60.372,0,4.0,4.0,4.0,4.0,4.0,4.0,4.0,4.0
direction,185,39.375,0,0,1,1,0,0,12.5,12.8732,3,0.0556,0.2778,0.5,0.7222,0.9444,1.1667,1.3889,1.6111
direction,186,39.375,0,1,0,0,0,1,100.0,93.0482,0,6.6667,6.6667,6.6667,6.6667,6.6667,6.6667,6.6667,6.6667
direction,187,39.375,0,0,0,0,0,0,37.5,36.9579,1,0.1667,0.8333,1.5,2.1667,2.8333,3.5,4.1667,4.8333
direction,188,39.375,1,1,0,0,3,3,140.0,83.8655,0,9.3333,9.3333,9.3333,9.3333,9.3333,9.3333,9.3333,9.3333
direction,189,39.375,0,0,0,0,0,0,62.5,63.333,1,0.2778,1.3889,2.5,3.6111,4.7222,5.8333,6.9444,8.0556
direction,190,39.375,0,0,0,0,0,0,40.0,40.5339,0,2.6667,2.6667,2.6667,2.6667,2.6667,2.6667,2.6667,2.6667
direction,191,39.375,0,0,0,0,0,0,25.0,24.7765,2,0.1111,0.5556,1.0,1.4444,1.8889,2.3333,2.7778,3.2222
direction,192,45.0,0,0,0,0,0,0,80.0,79.9187,0,5.3333,5.3333,5.3333,5.3333,5.3333,5.3333,5.3333,5.3333
direction,193,45.0,0,0,0,0,0,0,50.0,49.6127,1,0.2222,1.1111,2.0,2.8889,3.7778,4.6667,5.5556,6.4444
direction,194,45.0,0,0,0,0,0,0,120.0,119.4465,0,8.0,8.0,8.0,8.0,8.0,8.0,8.0,8.0
direction,195,45.0,0,0,1,0,0,0,12.5,12.6638,2,0.0556,0.2778,0.5,0.7222,0.9444,1.1667,1.3889,1.6111
direction,196,45.0,0,0,0,0,0,0,20.0,19.7787,0,1.3333,1.3333,1.3333,1.3333,1.3333,1.3333,1.3333,1.3333
direction,197,45.0,0,0,0,0,0,0,37.5,37.5468,1,0.1667,0.8333,1.5,2.1667,2.8333,3.5,4.1667,4.8333
direction,198,45.0,0,0,0,0,0,0,60.0,60.8375,0,4.0,4.0,4.0,4.0,4.0,4.0,4.0,4.0
direction,199,45.0,0,0,0,0,0,0,62.5,62.9476,0,0.2778,1.3889,2.5,3.6111,4.7222,5.8333,6.9444,8.0556
direction,200,45.0,0,0,0,0,0,0,100.0,99.7349,0,6.6667,6.6667,6.6667,6.6667,6.6667,6.6667,6.6667,6.6667
direction,201,45.0,0,0,0,0,0,0,25.0,24.6509,1,0.1111,0.5556,1.0,1.4444,1.8889,2.3333,2.7778,3.2222
direction,202,45.0,0,1,0,0,0,1,140.0,130.0753,0,9.3333,9.3333,9.3333,9.3333,9.3333,9.3333,9.3333,9.3333
direction,203,45.0,0,0,0,0,0,0,50.0,50.1392,1,0.2222,1.1111,2.0,2.8889,3.7778,4.6667,5.5556,6.4444
direction,204,45.0,0,0,0,0,0,0,40.0,39.6261,0,2.6667,2.6667,2.6667,2.6667,2.6667,2.6667,2.6667,2.6667
direction,205,45.0,0,0,1,0,0,0,12.5,12.7239,1,0.0556,0.2778,0.5,0.7222,0.9444,1.1667,1.3889,1.6111
direction,206,45.0,0,0,0,0,0,0,80.0,80.6852,0,5.3333,5.3333,5.3333,5.3333,5.3333,5.3333,5.3333,5.3333
direction,207,45.0,0,0,0,0,0,0,37.5,38.2966,0,0.1667,0.8333,1.5,2.1667,2.8333,3.5,4.1667,4.8333
direction,208,45.0,0,1,0,0,0,1,120.0,112.4147,0,8.0,8.0,8.0,8.0,8.0,8.0,8.0,8.0
direction,209,45.0,0,0,0,0,0,0,62.5,62.2335,1,0.2778,1.3889,2.5,3.6111,4.7222,5.8333,6.9444,8.0556
direction,210,45.0,0,0,0,0,0,0,20.0,19.7726,0,1.3333,1.3333,1.3333,1.3333,1.3333,1.3333,1.3333,1.3333
direction,211,45.0,0,0,0,0,0,0,25.0,24.7551,0,0.1111,0.5556,1.0,1.4444,1.8889,2.3333,2.7778,3.2222
direction,212,45.0,0,0,0,0,0,0,60.0,60.0512,0,4.0,4.0,4.0,4.0,4.0,4.0,4.0,4.0
direction,213,45.0,0,0,0,0,0,0,50.0,50.2274,0,0.2222,1.1111,2.0,2.8889,3.7778,4.6667,5.5556,6.4444
direction,214,45.0,0,1,0,0,0,3,100.0,79.8091,0,6.6667,6.6667,6.6667,6.6667,6.6667,6.6667,6.6667,6.6667
direction,215,45.0,0,0,1,1,0,0,12.5,11.9869,3,0.0556,0.2778,0.5,0.7222,0.9444,1.1667,1.3889,1.6111
direction,216,50.625,1,1,0,0,4,3,140.0,74.6072,0,9.3333,9.3333,9.3333,9.3333,9.3333,9.3333,9.3333,9.3333
direction,217,50.625,0,0,0,0,0,0,37.5,37.713,2,0.1667,0.8333,1.5,2.1667,2.8333,3.5,4.1667,4.8333
direction,218,50.625,0,0,0,0,0,0,40.0,39.8601,0,2.6667,2.6667,2.6667,2.6667,2.6667,2.6667,2.6667,2.6667
direction,219,50.625,0,0,0,0,0,0,62.5,62.493,0,0.2778,1.3889,2.5,3.6111,4.7222,5.8333,6.9444,8.0556
direction,220,50.625,0,0,0,0,0,0,80.0,79.6738,0,5.3333,5.3333,5.3333,5.3333,5.3333,5.3333,5.3333,5.3333
direction,221,50.625,0,0,0,0,0,0,25.0,25.5957,0,0.1111,0.5556,1.0,1.4444,1.8889,2.3333,2.7778,3.2222
direction,222,50.625,0,0,0,0,0,0,120.0,120.1323,0,8.0,8.0,8.0,8.0,8.0,8.0,8.0,8.0
direction,223,50.625,0,0,0,0,0,0,50.0,49.6852,1,0.2222,1.1111,2.0,2.8889,3.7778,4.6667,5.5556,6.4444
direction,224,50.625,0,0,0,0,0,0,20.0,19.9596,0,1.3333,1.3333,1.3333,1.3333,1.3333,1.3333,1.3333,1.3333
direction,225,50.625,0,0,1,0,0,0,12.5,12.8308,0,0.0556,0.2778,0.5,0.7222,0.9444,1.1667,1.3889,1.6111
direction,226,50.625,0,0,0,0,0,0,60.0,59.6316,0,4.0,4.0,4.0,4.0,4.0,4.0,4.0,4.0
direction,227,50.625,0,0,0,0,0,0,37.5,37.6363,0,0.1667,0.8333,1.5,2.1667,2.8333,3.5,4.1667,4.8333
direction,228,50.625,0,0,0,0,0,0,100.0,99.4032,0,6.6667,6.6667,6.6667,6.6667,6.6667,6.6667,6.6667,6.6667
direction,229,50.625,0,0,0,0,0,0,62.5,63.2432,0,0.2778,1.3889,2.5,3.6111,4.7222,5.8333,6.9444,8.0556
direction,230,50.625,0,1,0,0,0,3,140.0,112.3484,0,9.3333,9.3333,9.3333,9.3333,9.3333,9.3333,9.3333,9.3333
direction,231,50.625,0,0,0,0,0,0,25.0,25.6013,1,0.1111,0.5556,1.0,1.4444,1.8889,2.3333,2.7778,3.2222
direction,232,50.625,0,0,0,0,0,0,40.0,39.9215,0,2.6667,2.6667,2.6667,2.6667,2.6667,2.6667,2.6667,2.6667
direction,233,50.625,0,0,0,0,0,0,50.0,49.6248,0,0.2222,1.1111,2.0,2.8889,3.7778,4.6667,5.5556,6.4444
direction,234,50.625,0,0,0,0,0,0,80.0,78.9019,0,5.3333,5.3333,5.3333,5.3333,5.3333,5.3333,5.3333,5.3333
direction,235,50.625,0,0,1,1,0,0,12.5,12.8062,3,0.0556,0.2778,0.5,0.7222,0.9444,1.1667,1.3889,1.6111
direction,236,50.625,1,1,0,0,1,3,120.0,88.106,0,8.0,8.0,8.0,8.0,8.0,8.0,8.0,8.0
direction,237,50.625,0,0,0,0,0,0,37.5,37.0352,2,0.1667,0.8333,1.5,2.1667,2.8333,3.5,4.1667,4.8333
direction,238,50.625,0,0,0,0,0,0,20.0,20.6555,0,1.3333,1.3333,1.3333,1.3333,1.3333,1.3333,1.3333,1.3333
direction,239,50.625,0,0,0,0,0,0,62.5,62.4432,1,0.2778,1.3889,2.5,3.6111,4.7222,5.8333,6.9444,8.0556
direction,240,56.25,0,0,0,0,0,0,60.0,59.9471,0,4.0,4.0,4.0,4.0,4.0,4.0,4.0,4.0
direction,241,56.25,0,0,0,0,0,0,25.0,25.2017,2,0.1111,0.5556,1.0,1.4444,1.8889,2.3333,2.7778,3.2222
direction,242,56.25,1,1,0,0,1,4,100.0,67.1611,0,6.6667,6.6667,6.6667,6.6667,6.6667,6.6667,6.6667,6.6667
direction,243,56.25,0,0,0,0,0,0,50.0,49.1169,2,0.2222,1.1111,2.0,2.8889,3.7778,4.6667,5.5556,6.4444
direction,244,56.25,0,1,0,0,0,1,140.0,131.1693,0,9.3333,9.3333,9.3333,9.3333,9.3333,9.3333,9.3333,9.3333
direction,245,56.25,0,0,1,0,0,0,12.5,12.3054,1,0.0556,0.2778,0.5,0.7222,0.9444,1.1667,1.3889,1.6111
direction,246,56.25,0,0,0,0,0,0,40.0,40.473,0,2.6667,2.6667,2.6667,2.6667,2.6667,2.6667,2.6667,2.6667
direction,247,56.25,0,0,0,0,0,0,37.5,36.8548,2,0.1667,0.8333,1.5,2.1667,2.8333,3.5,4.1667,4.8333
direction,248,56.25,0,0,0,0,0,0,80.0,79.3221,0,5.3333,5.3333,5.3333,5.3333,5.3333,5.3333,5.3333,5.3333
direction,249,56.25,0,0,0,0,0,0,62.5,62.1289,1,0.2778,1.3889,2.5,3.6111,4.7222,5.8333,6.9444,8.0556
direction,250,56.25,0,0,0,0,0,0,120.0,119.8519,0,8.0,8.0,8.0,8.0,8.0,8.0,8.0,8.0
direction,251,56.25,0,0,0,0,0,0,25.0,25.2933,1,0.1111,0.5556,1.0,1.4444,1.8889,2.3333,2.7778,3.2222
direction,252,56.25,0,0,0,0,0,0,20.0,20.2225,0,1.3333,1.3333,1.3333,1.3333,1.3333,1.3333,1.3333,1.3333
direction,253,56.25,0,0,0,0,0,0,50.0,50.4284,1,0.2222,1.1111,2.0,2.8889,3.7778,4.6667,5.5556,6.4444
direction,254,56.25,0,0,0,0,0,0,60.0,59.8748,0,4.0,4.0,4.0,4.0,4.0,4.0,4.0,4.0
direction,255,56.25,0,0,1,0,0,0,12.5,13.0689,2,0.0556,0.2778,0.5,0.7222,0.9444,1.1667,1.3889,1.6111
direction,256,56.25,0,1,0,0,0,1,100.0,92.9085,0,6.6667,6.6667,6.6667,6.6667,6.6667,6.6667,6.6667,6.6667
direction,257,56.25,0,0,0,0,0,0,37.5,37.7584,0,0.1667,0.8333,1.5,2.1667,2.8333,3.5,4.1667,4.8333
direction,258,56.25,0,1,0,0,0,2,140.0,121.7102,0,9.3333,9.3333,9.3333,9.3333,9.3333,9.3333,9.3333,9.3333
direction,259,56.25,0,0,0,0,0,0,62.5,62.7265,1,0.2778,1.3889,2.5,3.6111,4.7222,5.8333,6.9444,8.0556
direction,260,56.25,0,0,0,0,0,0,40.0,39.7322,0,2.6667,2.6667,2.6667,2.6667,2.6667,2.6667,2.6667,2.6667
direction,261,56.25,0,0,0,0,0,0,25.0,24.6732,2,0.1111,0.5556,1.0,1.4444,1.8889,2.3333,2.7778,3.2222
direction,262,56.25,0,0,0,0,0,0,80.0,80.6362,0,5.3333,5.3333,5.3333,5.3333,5.3333,5.3333,5.3333,5.3333
direction,263,56.25,0,0,0,0,0,0,50.0,50.4484,1,0.2222,1.1111,2.0,2.8889,3.7778,4.6667,5.5556,6.4444
direction,264,61.875,1,1,0,0,4,3,120.0,63.5753,0,8.0,8.0,8.0,8.0,8.0,8.0,8.0,8.0
direction,265,61.875,0,0,1,0,0,0,12.5,12.4793,0,0.0556,0.2778,0.5,0.7222,0.9444,1.1667,1.3889,1.6111
direction,266,61.875,0,0,0,0,0,0,20.0,20.5894,0,1.3333,1.3333,1.3333,1.3333,1.3333,1.3333,1.3333,1.3333
direction,267,61.875,0,0,0,0,0,0,37.5,37.6291,0,0.1667,0.8333,1.5,2.1667,2.8333,3.5,4.1667,4.8333
direction,268,61.875,0,0,0,0,0,0,60.0,59.891,0,4.0,4.0,4.0,4.0,4.0,4.0,4.0,4.0
direction,269,61.875,0,0,0,0,0,0,62.5,62.0707,1,0.2778,1.3889,2.5,3.6111,4.7222,5.8333,6.9444,8.0556
direction,270,61.875,0,1,0,0,0,3,100.0,80.4871,0,6.6667,6.6667,6.6667,6.6667,6.6667,6.6667,6.6667,6.6667
direction,271,61.875,0,0,0,0,0,0,25.0,24.5664,2,0.1111,0.5556,1.0,1.4444,1.8889,2.3333,2.7778,3.2222
direction,272,61.875,0,1,0,0,0,2,140.0,121.3188,0,9.3333,9.3333,9.3333,9.3333,9.3333,9.3333,9.3333,9.3333
direction,273,61.875,0,0,0,0,0,0,50.0,50.9865,0,0.2222,1.1111,2.0,2.8889,3.7778,4.6667,5.5556,6.4444
direction,274,61.875,0,0,0,0,0,0,40.0,39.7573,0,2.6667,2.6667,2.6667,2.6667,2.6667,2.6667,2.6667,2.6667
direction,275,61.875,0,0,1,0,0,0,12.5,12.5852,2,0.0556,0.2778,0.5,0.7222,0.9444,1.1667,1.3889,1.6111
direction,276,61.875,0,0,0,0,0,0,80.0,79.9723,0,5.3333,5.3333,5.3333,5.3333,5.3333,5.3333,5.3333,5.3333
direction,277,61.875,0,0,0,0,0,0,37.5,38.4665,0,0.1667,0.8333,1.5,2.1667,2.8333,3.5,4.1667,4.8333
direction,278,61.875,0,0,0,0,0,0,120.0,119.5511,0,8.0,8.0,8.0,8.0,8.0,8.0,8.0,8.0
direction,279,61.875,0,0,0,0,0,0,62.5,62.6323,1,0.2778,1.3889,2.5,3.6111,4.7222,5.8333,6.9444,8.0556
direction,280,61.875,0,0,0,0,0,0,20.0,19.6786,0,1.3333,1.3333,1.3333,1.3333,1.3333,1.3333,1.3333,1.3333
direction,281,61.875,0,0,0,0,0,0,25.0,25.0599,2,0.1111,0.5556,1.0,1.4444,1.8889,2.3333,2.7778,3.2222
direction,282,61.875,0,0,0,0,0,0,60.0,59.9427,0,4.0,4.0,4.0,4.0,4.0,4.0,4.0,4.0
direction,283,61.875,0,0,0,0,0,0,50.0,50.1136,0,0.2222,1.1111,2.0,2.8889,3.7778,4.6667,5.5556,6.4444
direction,284,61.875,1,1,0,0,1,4,100.0,65.8,0,6.6667,6.6667,6.6667,6.6667,6.6667,6.6667,6.6667,6.6667
direction,285,61.875,0,0,1,0,0,0,12.5,12.5079,2,0.0556,0.2778,0.5,0.7222,0.9444,1.1667,1.3889,1.6111
direction,286,61.875,0,1,0,0,0,3,140.0,112.2918,0,9.3333,9.3333,9.3333,9.3333,9.3333,9.3333,9.3333,9.3333
direction,287,61.875,0,0,0,0,0,0,37.5,37.524,1,0.1667,0.8333,1.5,2.1667,2.8333,3.5,4.1667,4.8333
direction,288,67.5,0,0,0,0,0,0,40.0,39.9639,0,2.6667,2.6667,2.6667,2.6667,2.6667,2.6667,2.6667,2.6667
direction,289,67.5,0,0,0,0,0,0,62.5,61.551,1,0.2778,1.3889,2.5,3.6111,4.7222,5.8333,6.9444,8.0556
direction,290,67.5,0,0,0,0,0,0,80.0,80.2072,0,5.3333,5.3333,5.3333,5.3333,5.3333,5.3333,5.3333,5.3333
direction,291,67.5,0,0,0,0,0,0,25.0,24.7433,2,0.1111,0.5556,1.0,1.4444,1.8889,2.3333,2.7778,3.2222
direction,292,67.5,0,1,0,0,0,1,120.0,112.569,0,8.0,8.0,8.0,8.0,8.0,8.0,8.0,8.0
direction,293,67.5,0,0,0,0,0,0,50.0,51.0322,0,0.2222,1.1111,2.0,2.8889,3.7778,4.6667,5.5556,6.4444
direction,294,67.5,0,0,0,0,0,0,20.0,19.672,0,1.3333,1.3333,1.3333,1.3333,1.3333,1.3333,1.3333,1.3333
direction,295,67.5,0,0,1,1,0,0,12.5,11.6661,3,0.0556,0.2778,0.5,0.7222,0.9444,1.1667,1.3889,1.6111
direction,296,67.5,0,0,0,0,0,0,60.0,59.2926,0,4.0,4.0,4.0,4.0,4.0,4.0,4.0,4.0
direction,297,67.5,0,0,0,0,0,0,37.5,36.7696,2,0.1667,0.8333,1.5,2.1667,2.8333,3.5,4.1667,4.8333
direction,298,67.5,0,0,0,0,0,0,100.0,99.5117,0,6.6667,6.6667,6.6667,6.6667,6.6667,6.6667,6.6667,6.6667
direction,299,67.5,0,0,0,0,0,0,62.5,61.8439,1,0.2778,1.3889,2.5,3.6111,4.7222,5.8333,6.9444,8.0556
direction,300,67.5,1,1,0,0,3,3,140.0,84.2868,0,9.3333,9.3333,9.3333,9.3333,9.3333,9.3333,9.3333,9.3333
direction,301,67.5,0,0,0,0,0,0,25.0,24.5899,2,0.1111,0.5556,1.0,1.4444,1.8889,2.3333,2.7778,3.2222
direction,302,67.5,0,0,0,0,0,0,40.0,39.9358,0,2.6667,2.6667,2.6667,2.6667,2.6667,2.6667,2.6667,2.6667
direction,303,67.5,0,0,0,0,0,0,50.0,49.8326,2,0.2222,1.1111,2.0,2.8889,3.7778,4.6667,5.5556,6.4444
direction,304,67.5,0,0,0,0,0,0,80.0,79.8127,0,5.3333,5.3333,5.3333,5.3333,5.3333,5.3333,5.3333,5.3333
direction,305,67.5,0,0,1,1,0,0,12.5,12.0619,3,0.0556,0.2778,0.5,0.7222,0.9444,1.1667,1.3889,1.6111
direction,306,67.5,0,1,0,0,0,3,120.0,96.381,0,8.0,8.0,8.0,8.0,8.0,8.0,8.0,8.0
direction,307,67.5,0,0,0,0,0,0,37.5,38.0579,1,0.1667,0.8333,1.5,2.1667,2.8333,3.5,4.1667,4.8333
direction,308,67.5,0,0,0,0,0,0,20.0,19.6775,0,1.3333,1.3333,1.3333,1.3333,1.3333,1.3333,1.3333,1.3333
direction,309,67.5,0,0,0,0,0,0,62.5,62.7784,1,0.2778,1.3889,2.5,3.6111,4.7222,5.8333,6.9444,8.0556
direction,310,67.5,0,0,0,0,0,0,60.0,59.615,0,4.0,4.0,4.0,4.0,4.0,4.0,4.0,4.0
direction,311,67.5,0,0,0,0,0,0,25.0,25.1788,1,0.1111,0.5556,1.0,1.4444,1.8889,2.3333,2.7778,3.2222
direction,312,73.125,0,1,0,0,0,1,100.0,94.01,0,6.6667,6.6667,6.6667,6.6667,6.6667,6.6667,6.6667,6.6667
direction,313,73.125,0,0,0,0,0,0,50.0,50.0,1,0.2222,1.1111,2.0,2.8889,3.7778,4.6667,5.5556,6.4444
direction,314,73.125,0,0,0,0,0,0,140.0,140.1114,0,9.3333,9.3333,9.3333,9.3333,9.3333,9.3333,9.3333,9.3333
direction,315,73.125,0,0,1,1,0,0,12.5,12.677,3,0.0556,0.2778,0.5,0.7222,0.9444,1.1667,1.3889,1.6111
direction,316,73.125,0,0,0,0,0,0,40.0,39.8589,0,2.6667,2.6667,2.6667,2.6667,2.6667,2.6667,2.6667,2.6667
direction,317,73.125,0,0,0,0,0,0,37.5,37.6644,1,0.1667,0.8333,1.5,2.1667,2.8333,3.5,4.1667,4.8333
direction,318,73.125,0,0,0,0,0,0,80.0,80.2678,0,5.3333,5.3333,5.3333,5.3333,5.3333,5.3333,5.3333,5.3333
direction,319,73.125,0,0,0,0,0,0,62.5,61.67,1,0.2778,1.3889,2.5,3.6111,4.7222,5.8333,6.9444,8.0556
direction,320,73.125,0,0,0,0,0,0,120.0,120.2572,0,8.0,8.0,8.0,8.0,8.0,8.0,8.0,8.0
direction,321,73.125,0,0,0,0,0,0,25.0,24.9668,1,0.1111,0.5556,1.0,1.4444,1.8889,2.3333,2.7778,3.2222
direction,322,73.125,0,0,0,0,0,0,20.0,19.57,0,1.3333,1.3333,1.3333,1.3333,1.3333,1.3333,1.3333,1.3333
direction,323,73.125,0,0,0,0,0,0,50.0,50.2771,1,0.2222,1.1111,2.0,2.8889,3.7778,4.6667,5.5556,6.4444
direction,324,73.125,0,0,0,0,0,0,60.0,60.417,0,4.0,4.0,4.0,4.0,4.0,4.0,4.0,4.0
direction,325,73.125,0,0,1,1,0,0,12.5,12.6121,3,0.0556,0.2778,0.5,0.7222,0.9444,1.1667,1.3889,1.6111
direction,326,73.125,0,0,0,0,0,0,100.0,100.3052,0,6.6667,6.6667,6.6667,6.6667,6.6667,6.6667,6.6667,6.6667
direction,327,73.125,0,0,0,0,0,0,37.5,37.6668,1,0.1667,0.8333,1.5,2.1667,2.8333,3.5,4.1667,4.8333
direction,328,73.125,1,1,0,0,6,2,140.0,65.8923,0,9.3333,9.3333,9.3333,9.3333,9.3333,9.3333,9.3333,9.3333
direction,329,73.125,0,0,0,0,0,0,62.5,62.5832,1,0.2778,1.3889,2.5,3.6111,4.7222,5.8333,6.9444,8.0556
direction,330,73.125,0,0,0,0,0,0,40.0,40.888,0,2.6667,2.6667,2.6667,2.6667,2.6667,2.6667,2.6667,2.6667
direction,331,73.125,0,0,0,0,0,0,25.0,25.0505,2,0.1111,0.5556,1.0,1.4444,1.8889,2.3333,2.7778,3.2222
direction,332,73.125,0,0,0,0,0,0,80.0,80.3664,0,5.3333,5.3333,5.3333,5.3333,5.3333,5.3333,5.3333,5.3333
direction,333,73.125,0,0,0,0,0,0,50.0,50.3302,1,0.2222,1.1111,2.0,2.8889,3.7778,4.6667,5.5556,6.4444
direction,334,73.125,0,0,0,0,0,0,120.0,120.1656,0,8.0,8.0,8.0,8.0,8.0,8.0,8.0,8.0
direction,335,73.125,0,0,1,1,0,0,12.5,12.6744,3,0.0556,0.2778,0.5,0.7222,0.9444,1.1667,1.3889,1.6111
direction,336,78.75,0,0,0,0,0,0,20.0,20.3484,0,1.3333,1.3333,1.3333,1.3333,1.3333,1.3333,1.3333,1.3333
direction,337,78.75,0,0,0,0,0,0,37.5,37.8832,1,0.1667,0.8333,1.5,2.1667,2.8333,3.5,4.1667,4.8333
direction,338,78.75,0,0,0,0,0,0,60.0,59.9874,0,4.0,4.0,4.0,4.0,4.0,4.0,4.0,4.0
direction,339,78.75,0,0,0,0,0,0,62.5,62.4645,1,0.2778,1.3889,2.5,3.6111,4.7222,5.8333,6.9444,8.0556
direction,340,78.75,0,0,0,0,0,0,100.0,99.8716,0,6.6667,6.6667,6.6667,6.6667,6.6667,6.6667,6.6667,6.6667
direction,341,78.75,0,0,0,0,0,0,25.0,25.5339,1,0.1111,0.5556,1.0,1.4444,1.8889,2.3333,2.7778,3.2222
direction,342,78.75,1,1,0,0,5,2,140.0,74.4335,0,9.3333,9.3333,9.3333,9.3333,9.3333,9.3333,9.3333,9.3333
direction,343,78.75,0,0,0,0,0,0,50.0,49.7809,0,0.2222,1.1111,2.0,2.8889,3.7778,4.6667,5.5556,6.4444
direction,344,78.75,0,0,0,0,0,0,40.0,39.7534,0,2.6667,2.6667,2.6667,2.6667,2.6667,2.6667,2.6667,2.6667
direction,345,78.75,0,0,1,1,0,0,12.5,12.3585,3,0.0556,0.2778,0.5,0.7222,0.9444,1.1667,1.3889,1.6111
direction,346,78.75,0,0,0,0,0,0,80.0,79.6701,0,5.3333,5.3333,5.3333,5.3333,5.3333,5.3333,5.3333,5.3333
direction,347,78.75,0,0,0,0,0,0,37.5,36.7339,2,0.1667,0.8333,1.5,2.1667,2.8333,3.5,4.1667,4.8333
direction,348,78.75,0,1,0,0,0,1,120.0,112.1606,0,8.0,8.0,8.0,8.0,8.0,8.0,8.0,8.0
direction,349,78.75,0,0,0,0,0,0,62.5,62.2183,1,0.2778,1.3889,2.5,3.6111,4.7222,5.8333,6.9444,8.0556
direction,350,78.75,0,0,0,0,0,0,20.0,19.4582,0,1.3333,1.3333,1.3333,1.3333,1.3333,1.3333,1.3333,1.3333
direction,351,78.75,0,0,0,0,0,0,25.0,24.3311,2,0.1111,0.5556,1.0,1.4444,1.8889,2.3333,2.7778,3.2222
direction,352,78.75,0,0,0,0,0,0,60.0,60.166,0,4.0,4.0,4.0,4.0,4.0,4.0,4.0,4.0
direction,353,78.75,0,0,0,0,0,0,50.0,49.9539,1,0.2222,1.1111,2.0,2.8889,3.7778,4.6667,5.5556,6.4444
direction,354,78.75,0,0,0,0,0,0,100.0,100.0062,0,6.6667,6.6667,6.6667,6.6667,6.6667,6.6667,6.6667,6.6667
direction,355,78.75,0,0,1,1,0,0,12.5,12.1564,4,0.0556,0.2778,0.5,0.7222,0.9444,1.1667,1.3889,1.6111
direction,356,78.75,1,1,0,0,6,3,140.0,56.0407,0,9.3333,9.3333,9.3333,9.3333,9.3333,9.3333,9.3333,9.3333
direction,357,78.75,0,0,0,0,0,0,37.5,36.6963,2,0.1667,0.8333,1.5,2.1667,2.8333,3.5,4.1667,4.8333
direction,358,78.75,0,0,0,0,0,0,40.0,39.635,0,2.6667,2.6667,2.6667,2.6667,2.6667,2.6667,2.6667,2.6667
direction,359,78.75,0,0,0,0,0,0,62.5,63.3616,0,0.2778,1.3889,2.5,3.6111,4.7222,5.8333,6.9444,8.0556
direction,360,84.375,0,0,0,0,0,0,80.0,80.2906,0,5.3333,5.3333,5.3333,5.3333,5.3333,5.3333,5.3333,5.3333
direction,361,84.375,0,0,0,0,0,0,25.0,25.1453,0,0.1111,0.5556,1.0,1.4444,1.8889,2.3333,2.7778,3.2222
direction,362,84.375,1,1,0,0,3,3,120.0,72.3233,0,8.0,8.0,8.0,8.0,8.0,8.0,8.0,8.0
direction,363,84.375,0,0,0,0,0,0,50.0,50.2274,1,0.2222,1.1111,2.0,2.8889,3.7778,4.6667,5.5556,6.4444
direction,364,84.375,0,0,0,0,0,0,20.0,20.08,0,1.3333,1.3333,1.3333,1.3333,1.3333,1.3333,1.3333,1.3333
direction,365,84.375,0,0,1,1,0,0,12.5,12.0324,3,0.0556,0.2778,0.5,0.7222,0.9444,1.1667,1.3889,1.6111
direction,366,84.375,0,0,0,0,0,0,60.0,60.313,0,4.0,4.0,4.0,4.0,4.0,4.0,4.0,4.0
direction,367,84.375,0,0,0,0,0,0,37.5,38.1952,0,0.1667,0.8333,1.5,2.1667,2.8333,3.5,4.1667,4.8333
direction,368,84.375,0,1,0,0,0,1,100.0,93.3614,0,6.6667,6.6667,6.6667,6.6667,6.6667,6.6667,6.6667,6.6667
direction,369,84.375,0,0,0,0,0,0,62.5,62.2461,1,0.2778,1.3889,2.5,3.6111,4.7222,5.8333,6.9444,8.0556
direction,370,84.375,0,1,0,0,0,1,140.0,130.6433,0,9.3333,9.3333,9.3333,9.3333,9.3333,9.3333,9.3333,9.3333
direction,371,84.375,0,0,0,0,0,0,25.0,25.1058,1,0.1111,0.5556,1.0,1.4444,1.8889,2.3333,2.7778,3.2222
direction,372,84.375,0,0,0,0,0,0,40.0,39.2117,0,2.6667,2.6667,2.6667,2.6667,2.6667,2.6667,2.6667,2.6667
direction,373,84.375,0,0,0,0,0,0,50.0,50.293,1,0.2222,1.1111,2.0,2.8889,3.7778,4.6667,5.5556,6.4444
direction,374,84.375,0,1,0,0,0,2,80.0,69.4058,0,5.3333,5.3333,5.3333,5.3333,5.3333,5.3333,5.3333,5.3333
direction,375,84.375,0,0,1,1,0,0,12.5,12.031,4,0.0556,0.2778,0.5,0.7222,0.9444,1.1667,1.3889,1.6111
direction,376,84.375,0,0,0,0,0,0,120.0,119.5636,0,8.0,8.0,8.0,8.0,8.0,8.0,8.0,8.0
direction,377,84.375,0,0,0,0,0,0,37.5,37.2727,1,0.1667,0.8333,1.5,2.1667,2.8333,3.5,4.1667,4.8333
direction,378,84.375,0,0,0,0,0,0,20.0,19.0426,0,1.3333,1.3333,1.3333,1.3333,1.3333,1.3333,1.3333,1.3333
direction,379,84.375,0,0,0,0,0,0,62.5,62.3144,1,0.2778,1.3889,2.5,3.6111,4.7222,5.8333,6.9444,8.0556
direction,380,84.375,0,0,0,0,0,0,60.0,59.4174,0,4.0,4.0,4.0,4.0,4.0,4.0,4.0,4.0
direction,381,84.375,0,0,0,0,0,0,25.0,25.1242,2,0.1111,0.5556,1.0,1.4444,1.8889,2.3333,2.7778,3.2222
direction,382,84.375,0,0,0,0,0,0,100.0,99.4539,0,6.6667,6.6667,6.6667,6.6667,6.6667,6.6667,6.6667,6.6667
direction,383,84.375,0,0,0,0,0,0,50.0,50.2198,1,0.2222,1.1111,2.0,2.8889,3.7778,4.6667,5.5556,6.4444
direction,384,90.0,1,1,0,0,2,2,140.0,101.9742,0,9.3333,9.3333,9.3333,9.3333,9.3333,9.3333,9.3333,9.3333
direction,385,90.0,0,0,1,0,0,0,12.5,13.0314,1,0.0556,0.2778,0.5,0.7222,0.9444,1.1667,1.3889,1.6111
direction,386,90.0,0,0,0,0,0,0,40.0,39.9713,0,2.6667,2.6667,2.6667,2.6667,2.6667,2.6667,2.6667,2.6667
direction,387,90.0,0,0,0,0,0,0,37.5,38.0372,1,0.1667,0.8333,1.5,2.1667,2.8333,3.5,4.1667,4.8333
direction,388,90.0,0,0,0,0,0,0,80.0,79.9716,0,5.3333,5.3333,5.3333,5.3333,5.3333,5.3333,5.3333,5.3333
direction,389,90.0,0,1,0,0,0,1,62.5,54.02,1,0.2778,1.3889,2.5,3.6111,4.7222,5.8333,6.9444,8.0556
direction,390,90.0,1,1,0,0,2,2,120.0,88.0,0,8.0,8.0,8.0,8.0,8.0,8.0,8.0,8.0
direction,391,90.0,0,0,0,0,0,0,25.0,25.0568,2,0.1111,0.5556,1.0,1.4444,1.8889,2.3333,2.7778,3.2222
direction,392,90.0,0,0,0,0,0,0,20.0,20.0,0,1.3333,1.3333,1.3333,1.3333,1.3333,1.3333,1.3333,1.3333
direction,393,90.0,0,0,0,0,0,0,50.0,50.02,0,0.2222,1.1111,2.0,2.8889,3.7778,4.6667,5.5556,6.4444
direction,394,90.0,0,0,0,0,0,0,60.0,60.0,0,4.0,4.0,4.0,4.0,4.0,4.0,4.0,4.0
direction,395,90.0,0,0,1,1,0,0,12.5,12.0172,4,0.0556,0.2778,0.5,0.7222,0.9444,1.1667,1.3889,1.6111
direction,396,90.0,0,0,0,0,0,0,100.0,99.9915,0,6.6667,6.6667,6.6667,6.6667,6.6667,6.6667,6.6667,6.6667
direction,397,90.0,0,0,0,0,0,0,37.5,38.0085,1,0.1667,0.8333,1.5,2.1667,2.8333,3.5,4.1667,4.8333
direction,398,90.0,1,1,0,0,5,2,140.0,74.0,0,9.3333,9.3333,9.3333,9.3333,9.3333,9.3333,9.3333,9.3333
direction,399,90.0,0,0,0,0,0,0,62.5,62.9485,0,0.2778,1.3889,2.5,3.6111,4.7222,5.8333,6.9444,8.0556
direction,400,90.0,0,0,0,0,0,0,40.0,39.9457,0,2.6667,2.6667,2.6667,2.6667,2.6667,2.6667,2.6667,2.6667
direction,401,90.0,0,0,0,0,0,0,25.0,24.9146,2,0.1111,0.5556,1.0,1.4444,1.8889,2.3333,2.7778,3.2222
direction,402,90.0,0,0,0,0,0,0,80.0,79.9887,0,5.3333,5.3333,5.3333,5.3333,5.3333,5.3333,5.3333,5.3333
direction,403,90.0,0,0,0,0,0,0,50.0,50.0,0,0.2222,1.1111,2.0,2.8889,3.7778,4.6667,5.5556,6.4444
direction,404,90.0,1,1,0,0,6,3,120.0,48.0,0,8.0,8.0,8.0,8.0,8.0,8.0,8.0,8.0
direction,405,90.0,0,0,1,0,0,0,12.5,13.0199,2,0.0556,0.2778,0.5,0.7222,0.9444,1.1667,1.3889,1.6111
direction,406,90.0,0,0,0,0,0,0,20.0,19.9714,0,1.3333,1.3333,1.3333,1.3333,1.3333,1.3333,1.3333,1.3333
direction,407,90.0,0,0,0,0,0,0,37.5,38.0002,1,0.1667,0.8333,1.5,2.1667,2.8333,3.5,4.1667,4.8333
direction,408,95.625,0,0,0,0,0,0,60.0,60.2964,0,4.0,4.0,4.0,4.0,4.0,4.0,4.0,4.0
direction,409,95.625,0,1,0,0,0,1,62.5,55.2051,0,0.2778,1.3889,2.5,3.6111,4.7222,5.8333,6.9444,8.0556
direction,410,95.625,0,1,0,0,0,2,100.0,87.4328,0,6.6667,6.6667,6.6667,6.6667,6.6667,6.6667,6.6667,6.6667
direction,411,95.625,0,0,0,0,0,0,25.0,25.2404,2,0.1111,0.5556,1.0,1.4444,1.8889,2.3333,2.7778,3.2222
direction,412,95.625,1,1,0,0,2,2,140.0,102.6279,0,9.3333,9.3333,9.3333,9.3333,9.3333,9.3333,9.3333,9.3333
direction,413,95.625,0,0,0,0,0,0,50.0,50.249,0,0.2222,1.1111,2.0,2.8889,3.7778,4.6667,5.5556,6.4444
direction,414,95.625,0,0,0,0,0,0,40.0,40.1881,0,2.6667,2.6667,2.6667,2.6667,2.6667,2.6667,2.6667,2.6667
direction,415,95.625,0,0,1,1,0,0,12.5,12.0552,3,0.0556,0.2778,0.5,0.7222,0.9444,1.1667,1.3889,1.6111
direction,416,95.625,0,0,0,0,0,0,80.0,80.3831,0,5.3333,5.3333,5.3333,5.3333,5.3333,5.3333,5.3333,5.3333
direction,417,95.625,0,0,0,0,0,0,37.5,37.2026,2,0.1667,0.8333,1.5,2.1667,2.8333,3.5,4.1667,4.8333
direction,418,95.625,0,0,0,0,0,0,120.0,119.5925,0,8.0,8.0,8.0,8.0,8.0,8.0,8.0,8.0
direction,419,95.625,0,0,0,0,0,0,62.5,62.2896,1,0.2778,1.3889,2.5,3.6111,4.7222,5.8333,6.9444,8.0556
direction,420,95.625,0,0,0,0,0,0,20.0,20.0937,0,1.3333,1.3333,1.3333,1.3333,1.3333,1.3333,1.3333,1.3333
direction,421,95.625,0,0,0,0,0,0,25.0,25.1315,2,0.1111,0.5556,1.0,1.4444,1.8889,2.3333,2.7778,3.2222
direction,422,95.625,0,0,0,0,0,0,60.0,60.263,0,4.0,4.0,4.0,4.0,4.0,4.0,4.0,4.0
direction,423,95.625,0,0,0,0,0,0,50.0,50.2502,1,0.2222,1.1111,2.0,2.8889,3.7778,4.6667,5.5556,6.4444
direction,424,95.625,0,0,0,0,0,0,100.0,100.4988,0,6.6667,6.6667,6.6667,6.6667,6.6667,6.6667,6.6667,6.6667
direction,425,95.625,0,0,1,0,0,0,12.5,13.1102,1,0.0556,0.2778,0.5,0.7222,0.9444,1.1667,1.3889,1.6111
direction,426,95.625,0,0,0,0,0,0,140.0,139.7125,0,9.3333,9.3333,9.3333,9.3333,9.3333,9.3333,9.3333,9.3333
direction,427,95.625,0,0,0,0,0,0,37.5,37.1837,2,0.1667,0.8333,1.5,2.1667,2.8333,3.5,4.1667,4.8333
direction,428,95.625,0,0,0,0,0,0,40.0,40.2234,0,2.6667,2.6667,2.6667,2.6667,2.6667,2.6667,2.6667,2.6667
direction,429,95.625,0,0,0,0,0,0,62.5,62.2481,1,0.2778,1.3889,2.5,3.6111,4.7222,5.8333,6.9444,8.0556
direction,430,95.625,0,0,0,0,0,0,80.0,80.4016,0,5.3333,5.3333,5.3333,5.3333,5.3333,5.3333,5.3333,5.3333
direction,431,95.625,0,0,0,0,0,0,25.0,25.1295,2,0.1111,0.5556,1.0,1.4444,1.8889,2.3333,2.7778,3.2222
direction,432,101.25,0,0,0,0,0,0,120.0,120.4143,0,8.0,8.0,8.0,8.0,8.0,8.0,8.0,8.0
direction,433,101.25,0,0,0,0,0,0,50.0,49.9126,1,0.2222,1.1111,2.0,2.8889,3.7778,4.6667,5.5556,6.4444
direction,434,101.25,0,0,0,0,0,0,20.0,20.4183,0,1.3333,1.3333,1.3333,1.3333,1.3333,1.3333,1.3333,1.3333
direction,435,101.25,0,0,1,1,0,0,12.5,12.2193,3,0.0556,0.2778,0.5,0.7222,0.9444,1.1667,1.3889,1.6111
direction,436,101.25,0,0,0,0,0,0,60.0,60.1026,0,4.0,4.0,4.0,4.0,4.0,4.0,4.0,4.0
direction,437,101.25,0,0,0,0,0,0,37.5,37.5818,1,0.1667,0.8333,1.5,2.1667,2.8333,3.5,4.1667,4.8333
direction,438,101.25,0,1,0,0,0,3,100.0,80.5622,0,6.6667,6.6667,6.6667,6.6667,6.6667,6.6667,6.6667,6.6667
direction,439,101.25,0,0,0,0,0,0,62.5,63.1369,0,0.2778,1.3889,2.5,3.6111,4.7222,5.8333,6.9444,8.0556
direction,440,101.25,1,1,0,0,3,2,140.0,93.7642,0,9.3333,9.3333,9.3333,9.3333,9.3333,9.3333,9.3333,9.3333
direction,441,101.25,0,0,0,0,0,0,25.0,24.4619,2,0.1111,0.5556,1.0,1.4444,1.8889,2.3333,2.7778,3.2222
direction,442,101.25,0,0,0,0,0,0,40.0,40.7922,0,2.6667,2.6667,2.6667,2.6667,2.6667,2.6667,2.6667,2.6667
direction,443,101.25,0,0,0,0,0,0,50.0,50.0226,1,0.2222,1.1111,2.0,2.8889,3.7778,4.6667,5.5556,6.4444
direction,444,101.25,0,0,0,0,0,0,80.0,80.5398,0,5.3333,5.3333,5.3333,5.3333,5.3333,5.3333,5.3333,5.3333
direction,445,101.25,0,0,1,0,0,0,12.5,13.3825,1,0.0556,0.2778,0.5,0.7222,0.9444,1.1667,1.3889,1.6111
direction,446,101.25,1,1,0,0,4,2,120.0,71.4003,0,8.0,8.0,8.0,8.0,8.0,8.0,8.0,8.0
direction,447,101.25,0,0,0,0,0,0,37.5,37.8305,1,0.1667,0.8333,1.5,2.1667,2.8333,3.5,4.1667,4.8333
direction,448,101.25,0,0,0,0,0,0,20.0,20.367,0,1.3333,1.3333,1.3333,1.3333,1.3333,1.3333,1.3333,1.3333
direction,449,101.25,0,0,0,0,0,0,62.5,62.1979,1,0.2778,1.3889,2.5,3.6111,4.7222,5.8333,6.9444,8.0556
direction,450,101.25,0,0,0,0,0,0,60.0,60.1626,0,4.0,4.0,4.0,4.0,4.0,4.0,4.0,4.0
direction,451,101.25,0,0,0,0,0,0,25.0,25.5498,1,0.1111,0.5556,1.0,1.4444,1.8889,2.3333,2.7778,3.2222
direction,452,101.25,1,1,0,0,3,3,100.0,60.1924,0,6.6667,6.6667,6.6667,6.6667,6.6667,6.6667,6.6667,6.6667
direction,453,101.25,0,0,0,0,0,0,50.0,49.8508,2,0.2222,1.1111,2.0,2.8889,3.7778,4.6667,5.5556,6.4444
direction,454,101.25,1,1,0,0,7,3,140.0,46.9172,0,9.3333,9.3333,9.3333,9.3333,9.3333,9.3333,9.3333,9.3333
direction,455,101.25,0,0,1,1,0,0,12.5,12.4131,3,0.0556,0.2778,0.5,0.7222,0.9444,1.1667,1.3889,1.6111
direction,456,106.875,0,0,0,0,0,0,40.0,39.5634,0,2.6667,2.6667,2.6667,2.6667,2.6667,2.6667,2.6667,2.6667
direction,457,106.875,0,0,0,0,0,0,37.5,37.3673,2,0.1667,0.8333,1.5,2.1667,2.8333,3.5,4.1667,4.8333
direction,458,106.875,0,1,0,0,0,1,80.0,74.2732,0,5.3333,5.3333,5.3333,5.3333,5.3333,5.3333,5.3333,5.3333
direction,459,106.875,0,0,0,0,0,0,62.5,61.6999,1,0.2778,1.3889,2.5,3.6111,4.7222,5.8333,6.9444,8.0556
direction,460,106.875,0,0,0,0,0,0,120.0,120.2305,0,8.0,8.0,8.0,8.0,8.0,8.0,8.0,8.0
direction,461,106.875,0,0,0,0,0,0,25.0,25.0082,2,0.1111,0.5556,1.0,1.4444,1.8889,2.3333,2.7778,3.2222
direction,462,106.875,0,0,0,0,0,0,20.0,19.9515,0,1.3333,1.3333,1.3333,1.3333,1.3333,1.3333,1.3333,1.3333
direction,463,106.875,0,0,0,0,0,0,50.0,50.2484,1,0.2222,1.1111,2.0,2.8889,3.7778,4.6667,5.5556,6.4444
direction,464,106.875,0,0,0,0,0,0,60.0,59.82,0,4.0,4.0,4.0,4.0,4.0,4.0,4.0,4.0
direction,465,106.875,0,0,1,1,0,0,12.5,12.3923,3,0.0556,0.2778,0.5,0.7222,0.9444,1.1667,1.3889,1.6111
direction,466,106.875,1,1,0,0,2,3,100.0,66.6947,0,6.6667,6.6667,6.6667,6.6667,6.6667,6.6667,6.6667,6.6667
direction,467,106.875,0,0,0,0,0,0,37.5,37.683,0,0.1667,0.8333,1.5,2.1667,2.8333,3.5,4.1667,4.8333
direction,468,106.875,1,1,0,0,3,3,140.0,83.5455,0,9.3333,9.3333,9.3333,9.3333,9.3333,9.3333,9.3333,9.3333
direction,469,106.875,0,0,0,0,0,0,62.5,62.6282,0,0.2778,1.3889,2.5,3.6111,4.7222,5.8333,6.9444,8.0556
direction,470,106.875,0,0,0,0,0,0,40.0,40.5164,0,2.6667,2.6667,2.6667,2.6667,2.6667,2.6667,2.6667,2.6667
direction,471,106.875,0,0,0,0,0,0,25.0,25.0098,2,0.1111,0.5556,1.0,1.4444,1.8889,2.3333,2.7778,3.2222
direction,472,106.875,0,0,0,0,0,0,80.0,80.3914,0,5.3333,5.3333,5.3333,5.3333,5.3333,5.3333,5.3333,5.3333
direction,473,106.875,0,0,0,0,0,0,50.0,50.0133,0,0.2222,1.1111,2.0,2.8889,3.7778,4.6667,5.5556,6.4444
direction,474,106.875,0,0,0,0,0,0,120.0,120.1086,0,8.0,8.0,8.0,8.0,8.0,8.0,8.0,8.0
direction,475,106.875,0,0,1,1,0,0,12.5,12.614,3,0.0556,0.2778,0.5,0.7222,0.9444,1.1667,1.3889,1.6111
direction,476,106.875,0,0,0,0,0,0,20.0,19.8741,0,1.3333,1.3333,1.3333,1.3333,1.3333,1.3333,1.3333,1.3333
direction,477,106.875,0,0,0,0,0,0,37.5,37.6199,0,0.1667,0.8333,1.5,2.1667,2.8333,3.5,4.1667,4.8333
direction,478,106.875,0,1,0,0,0,1,60.0,56.629,0,4.0,4.0,4.0,4.0,4.0,4.0,4.0,4.0
direction,479,106.875,0,0,0,0,0,0,62.5,62.6227,0,0.2778,1.3889,2.5,3.6111,4.7222,5.8333,6.9444,8.0556
direction,480,112.5,0,0,0,0,0,0,100.0,100.8281,0,6.6667,6.6667,6.6667,6.6667,6.6667,6.6667,6.6667,6.6667
direction,481,112.5,0,0,0,0,0,0,25.0,24.6801,1,0.1111,0.5556,1.0,1.4444,1.8889,2.3333,2.7778,3.2222
direction,482,112.5,1,1,0,0,3,2,140.0,93.2309,0,9.3333,9.3333,9.3333,9.3333,9.3333,9.3333,9.3333,9.3333
direction,483,112.5,0,0,0,0,0,0,50.0,49.714,1,0.2222,1.1111,2.0,2.8889,3.7778,4.6667,5.5556,6.4444
direction,484,112.5,0,0,0,0,0,0,40.0,40.2618,0,2.6667,2.6667,2.6667,2.6667,2.6667,2.6667,2.6667,2.6667
direction,485,112.5,0,0,1,0,0,0,12.5,12.9479,2,0.0556,0.2778,0.5,0.7222,0.9444,1.1667,1.3889,1.6111
direction,486,112.5,0,0,0,0,0,0,80.0,80.2393,0,5.3333,5.3333,5.3333,5.3333,5.3333,5.3333,5.3333,5.3333
direction,487,112.5,0,0,0,0,0,0,37.5,37.7232,1,0.1667,0.8333,1.5,2.1667,2.8333,3.5,4.1667,4.8333
direction,488,112.5,0,0,0,0,0,0,120.0,120.1714,0,8.0,8.0,8.0,8.0,8.0,8.0,8.0,8.0
direction,489,112.5,0,0,0,0,0,0,62.5,62.3618,0,0.2778,1.3889,2.5,3.6111,4.7222,5.8333,6.9444,8.0556
direction,490,112.5,0,0,0,0,0,0,20.0,20.5555,0,1.3333,1.3333,1.3333,1.3333,1.3333,1.3333,1.3333,1.3333
direction,491,112.5,0,0,0,0,0,0,25.0,25.9952,0,0.1111,0.5556,1.0,1.4444,1.8889,2.3333,2.7778,3.2222
direction,492,112.5,0,0,0,0,0,0,60.0,60.5667,0,4.0,4.0,4.0,4.0,4.0,4.0,4.0,4.0
direction,493,112.5,0,0,0,0,0,0,50.0,50.6482,0,0.2222,1.1111,2.0,2.8889,3.7778,4.6667,5.5556,6.4444
direction,494,112.5,0,0,0,0,0,0,100.0,99.5158,0,6.6667,6.6667,6.6667,6.6667,6.6667,6.6667,6.6667,6.6667
direction,495,112.5,0,0,1,0,0,0,12.5,13.0581,2,0.0556,0.2778,0.5,0.7222,0.9444,1.1667,1.3889,1.6111
direction,496,112.5,1,1,0,0,3,2,140.0,94.1203,0,9.3333,9.3333,9.3333,9.3333,9.3333,9.3333,9.3333,9.3333
direction,497,112.5,0,0,0,0,0,0,37.5,37.622,1,0.1667,0.8333,1.5,2.1667,2.8333,3.5,4.1667,4.8333
direction,498,112.5,0,0,0,0,0,0,40.0,40.2816,0,2.6667,2.6667,2.6667,2.6667,2.6667,2.6667,2.6667,2.6667
direction,499,112.5,0,0,0,0,0,0,62.5,62.7129,0,0.2778,1.3889,2.5,3.6111,4.7222,5.8333,6.9444,8.0556
direction,500,112.5,0,0,0,0,0,0,80.0,80.2833,0,5.3333,5.3333,5.3333,5.3333,5.3333,5.3333,5.3333,5.3333
direction,501,112.5,0,0,0,0,0,0,25.0,25.0526,2,0.1111,0.5556,1.0,1.4444,1.8889,2.3333,2.7778,3.2222
direction,502,112.5,0,0,0,0,0,0,120.0,120.1513,0,8.0,8.0,8.0,8.0,8.0,8.0,8.0,8.0
direction,503,112.5,0,0,0,0,0,0,50.0,50.1344,0,0.2222,1.1111,2.0,2.8889,3.7778,4.6667,5.5556,6.4444
direction,504,118.125,0,0,0,0,0,0,20.0,20.5589,0,1.3333,1.3333,1.3333,1.3333,1.3333,1.3333,1.3333,1.3333
direction,505,118.125,0,0,1,1,0,0,12.5,12.6037,3,0.0556,0.2778,0.5,0.7222,0.9444,1.1667,1.3889,1.6111
direction,506,118.125,0,0,0,0,0,0,60.0,59.9697,0,4.0,4.0,4.0,4.0,4.0,4.0,4.0,4.0
direction,507,118.125,0,0,0,0,0,0,37.5,37.0104,1,0.1667,0.8333,1.5,2.1667,2.8333,3.5,4.1667,4.8333
direction,508,118.125,0,0,0,0,0,0,100.0,100.7474,0,6.6667,6.6667,6.6667,6.6667,6.6667,6.6667,6.6667,6.6667
direction,509,118.125,0,0,0,0,0,0,62.5,63.5225,0,0.2778,1.3889,2.5,3.6111,4.7222,5.8333,6.9444,8.0556
direction,510,118.125,1,1,0,0,4,3,140.0,74.7694,0,9.3333,9.3333,9.3333,9.3333,9.3333,9.3333,9.3333,9.3333
direction,511,118.125,0,0,0,0,0,0,25.0,24.6278,2,0.1111,0.5556,1.0,1.4444,1.8889,2.3333,2.7778,3.2222
direction,512,118.125,0,0,0,0,0,0,40.0,39.4036,0,2.6667,2.6667,2.6667,2.6667,2.6667,2.6667,2.6667,2.6667
direction,513,118.125,0,0,0,0,0,0,50.0,50.0832,0,0.2222,1.1111,2.0,2.8889,3.7778,4.6667,5.5556,6.4444
direction,514,118.125,0,0,0,0,0,0,80.0,79.634,0,5.3333,5.3333,5.3333,5.3333,5.3333,5.3333,5.3333,5.3333
direction,515,118.125,0,0,1,0,0,0,12.5,12.0629,1,0.0556,0.2778,0.5,0.7222,0.9444,1.1667,1.3889,1.6111
direction,516,118.125,0,1,0,0,0,2,120.0,104.2649,0,8.0,8.0,8.0,8.0,8.0,8.0,8.0,8.0
direction,517,118.125,0,0,0,0,0,0,37.5,37.6698,0,0.1667,0.8333,1.5,2.1667,2.8333,3.5,4.1667,4.8333
direction,518,118.125,0,0,0,0,0,0,20.0,20.6042,0,1.3333,1.3333,1.3333,1.3333,1.3333,1.3333,1.3333,1.3333
direction,519,118.125,0,0,0,0,0,0,62.5,63.0034,0,0.2778,1.3889,2.5,3.6111,4.7222,5.8333,6.9444,8.0556
direction,520,118.125,0,0,0,0,0,0,60.0,59.9852,0,4.0,4.0,4.0,4.0,4.0,4.0,4.0,4.0
direction,521,118.125,0,0,0,0,0,0,25.0,25.0352,1,0.1111,0.5556,1.0,1.4444,1.8889,2.3333,2.7778,3.2222
direction,522,118.125,0,0,0,0,0,0,100.0,99.8013,0,6.6667,6.6667,6.6667,6.6667,6.6667,6.6667,6.6667,6.6667
direction,523,118.125,0,0,0,0,0,0,50.0,50.1177,1,0.2222,1.1111,2.0,2.8889,3.7778,4.6667,5.5556,6.4444
direction,524,118.125,1,1,0,0,5,2,140.0,74.6422,0,9.3333,9.3333,9.3333,9.3333,9.3333,9.3333,9.3333,9.3333
direction,525,118.125,0,0,1,1,0,0,12.5,12.5784,3,0.0556,0.2778,0.5,0.7222,0.9444,1.1667,1.3889,1.6111
direction,526,118.125,0,0,0,0,0,0,40.0,39.8358,0,2.6667,2.6667,2.6667,2.6667,2.6667,2.6667,2.6667,2.6667
direction,527,118.125,0,0,0,0,0,0,37.5,37.6503,1,0.1667,0.8333,1.5,2.1667,2.8333,3.5,4.1667,4.8333
direction,528,123.75,0,0,0,0,0,0,80.0,80.1181,0,5.3333,5.3333,5.3333,5.3333,5.3333,5.3333,5.3333,5.3333
direction,529,123.75,0,0,0,0,0,0,62.5,62.6929,1,0.2778,1.3889,2.5,3.6111,4.7222,5.8333,6.9444,8.0556
direction,530,123.75,1,1,0,0,1,3,120.0,88.0311,0,8.0,8.0,8.0,8.0,8.0,8.0,8.0,8.0
direction,531,123.75,0,0,0,0,0,0,25.0,24.7276,0,0.1111,0.5556,1.0,1.4444,1.8889,2.3333,2.7778,3.2222
direction,532,123.75,0,0,0,0,0,0,20.0,20.2313,0,1.3333,1.3333,1.3333,1.3333,1.3333,1.3333,1.3333,1.3333
direction,533,123.75,0,0,0,0,0,0,50.0,50.4078,0,0.2222,1.1111,2.0,2.8889,3.7778,4.6667,5.5556,6.4444
direction,534,123.75,0,0,0,0,0,0,60.0,59.8328,0,4.0,4.0,4.0,4.0,4.0,4.0,4.0,4.0
direction,535,123.75,0,0,1,0,0,0,12.5,12.192,1,0.0556,0.2778,0.5,0.7222,0.9444,1.1667,1.3889,1.6111
direction,536,123.75,0,1,0,0,0,2,100.0,86.527,0,6.6667,6.6667,6.6667,6.6667,6.6667,6.6667,6.6667,6.6667
direction,537,123.75,0,0,0,0,0,0,37.5,37.3955,0,0.1667,0.8333,1.5,2.1667,2.8333,3.5,4.1667,4.8333
direction,538,123.75,0,0,0,0,0,0,140.0,140.1454,0,9.3333,9.3333,9.3333,9.3333,9.3333,9.3333,9.3333,9.3333
direction,539,123.75,0,0,0,0,0,0,62.5,62.6625,1,0.2778,1.3889,2.5,3.6111,4.7222,5.8333,6.9444,8.0556
direction,540,123.75,0,0,0,0,0,0,40.0,40.5266,0,2.6667,2.6667,2.6667,2.6667,2.6667,2.6667,2.6667,2.6667
direction,541,123.75,0,0,0,0,0,0,25.0,25.2469,1,0.1111,0.5556,1.0,1.4444,1.8889,2.3333,2.7778,3.2222
direction,542,123.75,0,0,0,0,0,0,80.0,80.6854,0,5.3333,5.3333,5.3333,5.3333,5.3333,5.3333,5.3333,5.3333
direction,543,123.75,0,0,0,0,0,0,50.0,50.446,1,0.2222,1.1111,2.0,2.8889,3.7778,4.6667,5.5556,6.4444
direction,544,123.75,0,1,0,0,0,3,120.0,96.0264,0,8.0,8.0,8.0,8.0,8.0,8.0,8.0,8.0
direction,545,123.75,0,0,1,0,0,0,12.5,13.0958,1,0.0556,0.2778,0.5,0.7222,0.9444,1.1667,1.3889,1.6111
direction,546,123.75,0,0,0,0,0,0,20.0,20.1859,0,1.3333,1.3333,1.3333,1.3333,1.3333,1.3333,1.3333,1.3333
direction,547,123.75,0,0,0,0,0,0,37.5,36.7815,1,0.1667,0.8333,1.5,2.1667,2.8333,3.5,4.1667,4.8333
direction,548,123.75,0,0,0,0,0,0,60.0,59.9557,0,4.0,4.0,4.0,4.0,4.0,4.0,4.0,4.0
direction,549,123.75,0,0,0,0,0,0,62.5,62.6954,1,0.2778,1.3889,2.5,3.6111,4.7222,5.8333,6.9444,8.0556
direction,550,123.75,0,0,0,0,0,0,100.0,100.1091,0,6.6667,6.6667,6.6667,6.6667,6.6667,6.6667,6.6667,6.6667
direction,551,123.75,0,0,0,0,0,0,25.0,24.731,1,0.1111,0.5556,1.0,1.4444,1.8889,2.3333,2.7778,3.2222
direction,552,129.375,0,1,0,0,0,2,140.0,121.4701,0,9.3333,9.3333,9.3333,9.3333,9.3333,9.3333,9.3333,9.3333
direction,553,129.375,0,0,0,0,0,0,50.0,50.4698,0,0.2222,1.1111,2.0,2.8889,3.7778,4.6667,5.5556,6.4444
direction,554,129.375,0,0,0,0,0,0,40.0,39.7433,0,2.6667,2.6667,2.6667,2.6667,2.6667,2.6667,2.6667,2.6667
direction,555,129.375,0,0,1,0,0,0,12.5,12.1244,1,0.0556,0.2778,0.5,0.7222,0.9444,1.1667,1.3889,1.6111
direction,556,129.375,0,0,0,0,0,0,80.0,79.6586,0,5.3333,5.3333,5.3333,5.3333,5.3333,5.3333,5.3333,5.3333
direction,557,129.375,0,0,0,0,0,0,37.5,37.6321,2,0.1667,0.8333,1.5,2.1667,2.8333,3.5,4.1667,4.8333
direction,558,129.375,0,1,0,0,0,1,120.0,111.5021,0,8.0,8.0,8.0,8.0,8.0,8.0,8.0,8.0
direction,559,129.375,0,0,0,0,0,0,62.5,61.7993,1,0.2778,1.3889,2.5,3.6111,4.7222,5.8333,6.9444,8.0556
direction,560,129.375,0,0,0,0,0,0,20.0,20.5761,0,1.3333,1.3333,1.3333,1.3333,1.3333,1.3333,1.3333,1.3333
direction,561,129.375,0,0,0,0,0,0,25.0,25.619,1,0.1111,0.5556,1.0,1.4444,1.8889,2.3333,2.7778,3.2222
direction,562,129.375,0,0,0,0,0,0,60.0,60.4699,0,4.0,4.0,4.0,4.0,4.0,4.0,4.0,4.0
direction,563,129.375,0,0,0,0,0,0,50.0,49.8133,1,0.2222,1.1111,2.0,2.8889,3.7778,4.6667,5.5556,6.4444
direction,564,129.375,0,0,0,0,0,0,100.0,100.1863,0,6.6667,6.6667,6.6667,6.6667,6.6667,6.6667,6.6667,6.6667
direction,565,129.375,0,0,1,1,0,0,12.5,11.9715,3,0.0556,0.2778,0.5,0.7222,0.9444,1.1667,1.3889,1.6111
direction,566,129.375,1,1,0,0,2,2,140.0,102.2352,0,9.3333,9.3333,9.3333,9.3333,9.3333,9.3333,9.3333,9.3333
direction,567,129.375,0,0,0,0,0,0,37.5,37.5604,1,0.1667,0.8333,1.5,2.1667,2.8333,3.5,4.1667,4.8333
direction,568,129.375,0,0,0,0,0,0,40.0,39.8626,0,2.6667,2.6667,2.6667,2.6667,2.6667,2.6667,2.6667,2.6667
direction,569,129.375,0,0,0,0,0,0,62.5,62.4202,1,0.2778,1.3889,2.5,3.6111,4.7222,5.8333,6.9444,8.0556
direction,570,129.375,0,0,0,0,0,0,80.0,80.1945,0,5.3333,5.3333,5.3333,5.3333,5.3333,5.3333,5.3333,5.3333
direction,571,129.375,0,0,0,0,0,0,25.0,24.8194,1,0.1111,0.5556,1.0,1.4444,1.8889,2.3333,2.7778,3.2222
direction,572,129.375,0,1,0,0,0,1,120.0,112.3578,0,8.0,8.0,8.0,8.0,8.0,8.0,8.0,8.0
direction,573,129.375,0,0,0,0,0,0,50.0,50.4603,1,0.2222,1.1111,2.0,2.8889,3.7778,4.6667,5.5556,6.4444
direction,574,129.375,0,0,0,0,0,0,20.0,19.2278,0,1.3333,1.3333,1.3333,1.3333,1.3333,1.3333,1.3333,1.3333
direction,575,129.375,0,0,1,1,0,0,12.5,12.1173,3,0.0556,0.2778,0.5,0.7222,0.9444,1.1667,1.3889,1.6111
direction,576,135.0,0,0,0,0,0,0,60.0,59.4376,0,4.0,4.0,4.0,4.0,4.0,4.0,4.0,4.0
direction,577,135.0,0,0,0,0,0,0,37.5,37.4682,1,0.1667,0.8333,1.5,2.1667,2.8333,3.5,4.1667,4.8333
direction,578,135.0,0,0,0,0,0,0,100.0,99.7213,0,6.6667,6.6667,6.6667,6.6667,6.6667,6.6667,6.6667,6.6667
direction,579,135.0,0,0,0,0,0,0,62.5,62.2517,1,0.2778,1.3889,2.5,3.6111,4.7222,5.8333,6.9444,8.0556
direction,580,135.0,0,1,0,0,0,1,140.0,130.1034,0,9.3333,9.3333,9.3333,9.3333,9.3333,9.3333,9.3333,9.3333
direction,581,135.0,0,0,0,0,0,0,25.0,25.4213,2,0.1111,0.5556,1.0,1.4444,1.8889,2.3333,2.7778,3.2222
direction,582,135.0,0,0,0,0,0,0,40.0,40.2518,0,2.6667,2.6667,2.6667,2.6667,2.6667,2.6667,2.6667,2.6667
direction,583,135.0,0,0,0,0,0,0,50.0,49.2854,1,0.2222,1.1111,2.0,2.8889,3.7778,4.6667,5.5556,6.4444
direction,584,135.0,0,0,0,0,0,0,80.0,80.7234,0,5.3333,5.3333,5.3333,5.3333,5.3333,5.3333,5.3333,5.3333
direction,585,135.0,0,0,1,0,0,0,12.5,12.7261,2,0.0556,0.2778,0.5,0.7222,0.9444,1.1667,1.3889,1.6111
direction,586,135.0,0,0,0,0,0,0,120.0,119.4023,0,8.0,8.0,8.0,8.0,8.0,8.0,8.0,8.0
direction,587,135.0,0,0,0,0,0,0,37.5,37.5524,1,0.1667,0.8333,1.5,2.1667,2.8333,3.5,4.1667,4.8333
direction,588,135.0,0,0,0,0,0,0,20.0,21.2276,0,1.3333,1.3333,1.3333,1.3333,1.3333,1.3333,1.3333,1.3333
direction,589,135.0,0,0,0,0,0,0,62.5,62.2254,2,0.2778,1.3889,2.5,3.6111,4.7222,5.8333,6.9444,8.0556
direction,590,135.0,0,0,0,0,0,0,60.0,60.1867,0,4.0,4.0,4.0,4.0,4.0,4.0,4.0,4.0
direction,591,135.0,0,0,0,0,0,0,25.0,25.4823,1,0.1111,0.5556,1.0,1.4444,1.8889,2.3333,2.7778,3.2222
direction,592,135.0,0,0,0,0,0,0,100.0,99.6153,0,6.6667,6.6667,6.6667,6.6667,6.6667,6.6667,6.6667,6.6667
direction,593,135.0,0,0,0,0,0,0,50.0,50.1257,0,0.2222,1.1111,2.0,2.8889,3.7778,4.6667,5.5556,6.4444
direction,594,135.0,0,0,0,0,0,0,140.0,140.0918,0,9.3333,9.3333,9.3333,9.3333,9.3333,9.3333,9.3333,9.3333
direction,595,135.0,0,0,1,1,0,0,12.5,11.3418,4,0.0556,0.2778,0.5,0.7222,0.9444,1.1667,1.3889,1.6111
direction,596,135.0,0,0,0,0,0,0,40.0,40.2919,0,2.6667,2.6667,2.6667,2.6667,2.6667,2.6667,2.6667,2.6667
direction,597,135.0,0,0,0,0,0,0,37.5,37.3935,1,0.1667,0.8333,1.5,2.1667,2.8333,3.5,4.1667,4.8333
direction,598,135.0,0,0,0,0,0,0,80.0,80.6808,0,5.3333,5.3333,5.3333,5.3333,5.3333,5.3333,5.3333,5.3333
direction,599,135.0,0,0,0,0,0,0,62.5,62.2395,1,0.2778,1.3889,2.5,3.6111,4.7222,5.8333,6.9444,8.0556
direction,600,140.625,0,0,0,0,0,0,120.0,120.0142,0,8.0,8.0,8.0,8.0,8.0,8.0,8.0,8.0
direction,601,140.625,0,0,0,0,0,0,25.0,24.7456,2,0.1111,0.5556,1.0,1.4444,1.8889,2.3333,2.7778,3.2222
direction,602,140.625,0,0,0,0,0,0,20.0,19.8722,0,1.3333,1.3333,1.3333,1.3333,1.3333,1.3333,1.3333,1.3333
direction,603,140.625,0,0,0,0,0,0,50.0,50.4155,0,0.2222,1.1111,2.0,2.8889,3.7778,4.6667,5.5556,6.4444
direction,604,140.625,0,0,0,0,0,0,60.0,59.6809,0,4.0,4.0,4.0,4.0,4.0,4.0,4.0,4.0
direction,605,140.625,0,0,1,1,0,0,12.5,11.9565,4,0.0556,0.2778,0.5,0.7222,0.9444,1.1667,1.3889,1.6111
direction,606,140.625,0,0,0,0,0,0,100.0,99.6214,0,6.6667,6.6667,6.6667,6.6667,6.6667,6.6667,6.6667,6.6667
direction,607,140.625,0,0,0,0,0,0,37.5,37.5448,1,0.1667,0.8333,1.5,2.1667,2.8333,3.5,4.1667,4.8333
direction,608,140.625,1,1,0,0,4,2,140.0,83.7844,0,9.3333,9.3333,9.3333,9.3333,9.3333,9.3333,9.3333,9.3333
direction,609,140.625,0,0,0,0,0,0,62.5,62.4773,0,0.2778,1.3889,2.5,3.6111,4.7222,5.8333,6.9444,8.0556
direction,610,140.625,0,0,0,0,0,0,40.0,40.4215,0,2.6667,2.6667,2.6667,2.6667,2.6667,2.6667,2.6667,2.6667
direction,611,140.625,0,0,0,0,0,0,25.0,24.8655,1,0.1111,0.5556,1.0,1.4444,1.8889,2.3333,2.7778,3.2222
direction,612,140.625,0,0,0,0,0,0,80.0,79.6071,0,5.3333,5.3333,5.3333,5.3333,5.3333,5.3333,5.3333,5.3333
direction,613,140.625,0,0,0,0,0,0,50.0,50.4993,0,0.2222,1.1111,2.0,2.8889,3.7778,4.6667,5.5556,6.4444
direction,614,140.625,0,0,0,0,0,0,120.0,119.9549,0,8.0,8.0,8.0,8.0,8.0,8.0,8.0,8.0
direction,615,140.625,0,0,1,1,0,0,12.5,12.8283,3,0.0556,0.2778,0.5,0.7222,0.9444,1.1667,1.3889,1.6111
direction,616,140.625,0,0,0,0,0,0,20.0,20.624,0,1.3333,1.3333,1.3333,1.3333,1.3333,1.3333,1.3333,1.3333
direction,617,140.625,0,0,0,0,0,0,37.5,37.5375,2,0.1667,0.8333,1.5,2.1667,2.8333,3.5,4.1667,4.8333
direction,618,140.625,0,0,0,0,0,0,60.0,60.3711,0,4.0,4.0,4.0,4.0,4.0,4.0,4.0,4.0
direction,619,140.625,0,0,0,0,0,0,62.5,62.4543,1,0.2778,1.3889,2.5,3.6111,4.7222,5.8333,6.9444,8.0556
direction,620,140.625,0,0,0,0,0,0,100.0,100.8987,0,6.6667,6.6667,6.6667,6.6667,6.6667,6.6667,6.6667,6.6667
direction,621,140.625,0,0,0,0,0,0,25.0,25.5832,1,0.1111,0.5556,1.0,1.4444,1.8889,2.3333,2.7778,3.2222
direction,622,140.625,1,1,0,0,1,3,140.0,102.3592,0,9.3333,9.3333,9.3333,9.3333,9.3333,9.3333,9.3333,9.3333
direction,623,140.625,0,0,0,0,0,0,50.0,50.5156,0,0.2222,1.1111,2.0,2.8889,3.7778,4.6667,5.5556,6.4444
direction,624,146.25,0,0,0,0,0,0,40.0,41.0897,0,2.6667,2.6667,2.6667,2.6667,2.6667,2.6667,2.6667,2.6667
direction,625,146.25,0,0,1,0,0,0,12.5,12.9199,2,0.0556,0.2778,0.5,0.7222,0.9444,1.1667,1.3889,1.6111
direction,626,146.25,0,0,0,0,0,0,80.0,79.3109,0,5.3333,5.3333,5.3333,5.3333,5.3333,5.3333,5.3333,5.3333
direction,627,146.25,0,0,0,0,0,0,37.5,37.4052,2,0.1667,0.8333,1.5,2.1667,2.8333,3.5,4.1667,4.8333
direction,628,146.25,0,0,0,0,0,0,120.0,119.7914,0,8.0,8.0,8.0,8.0,8.0,8.0,8.0,8.0
direction,629,146.25,0,0,0,0,0,0,62.5,62.7389,1,0.2778,1.3889,2.5,3.6111,4.7222,5.8333,6.9444,8.0556
direction,630,146.25,0,0,0,0,0,0,20.0,19.4597,0,1.3333,1.3333,1.3333,1.3333,1.3333,1.3333,1.3333,1.3333
direction,631,146.25,0,0,0,0,0,0,25.0,25.3325,1,0.1111,0.5556,1.0,1.4444,1.8889,2.3333,2.7778,3.2222
direction,632,146.25,0,0,0,0,0,0,60.0,60.4364,0,4.0,4.0,4.0,4.0,4.0,4.0,4.0,4.0
direction,633,146.25,0,0,0,0,0,0,50.0,49.7432,2,0.2222,1.1111,2.0,2.8889,3.7778,4.6667,5.5556,6.4444
direction,634,146.25,0,0,0,0,0,0,100.0,100.9764,0,6.6667,6.6667,6.6667,6.6667,6.6667,6.6667,6.6667,6.6667
direction,635,146.25,0,0,1,0,0,0,12.5,12.9698,1,0.0556,0.2778,0.5,0.7222,0.9444,1.1667,1.3889,1.6111
direction,636,146.25,1,1,0,0,4,2,140.0,84.3098,0,9.3333,9.3333,9.3333,9.3333,9.3333,9.3333,9.3333,9.3333
direction,637,146.25,0,0,0,0,0,0,37.5,37.487,1,0.1667,0.8333,1.5,2.1667,2.8333,3.5,4.1667,4.8333
direction,638,146.25,0,0,0,0,0,0,40.0,39.6121,0,2.6667,2.6667,2.6667,2.6667,2.6667,2.6667,2.6667,2.6667
direction,639,146.25,0,0,0,0,0,0,62.5,62.614,1,0.2778,1.3889,2.5,3.6111,4.7222,5.8333,6.9444,8.0556
direction,640,146.25,0,0,0,0,0,0,80.0,79.8464,0,5.3333,5.3333,5.3333,5.3333,5.3333,5.3333,5.3333,5.3333
direction,641,146.25,0,0,0,0,0,0,25.0,24.7978,1,0.1111,0.5556,1.0,1.4444,1.8889,2.3333,2.7778,3.2222
direction,642,146.25,0,0,0,0,0,0,120.0,119.8598,0,8.0,8.0,8.0,8.0,8.0,8.0,8.0,8.0
direction,643,146.25,0,0,0,0,0,0,50.0,50.4682,1,0.2222,1.1111,2.0,2.8889,3.7778,4.6667,5.5556,6.4444
direction,644,146.25,0,0,0,0,0,0,20.0,19.4067,0,1.3333,1.3333,1.3333,1.3333,1.3333,1.3333,1.3333,1.3333
direction,645,146.25,0,0,1,0,0,0,12.5,12.2262,1,0.0556,0.2778,0.5,0.7222,0.9444,1.1667,1.3889,1.6111
direction,646,146.25,0,0,0,0,0,0,60.0,59.8851,0,4.0,4.0,4.0,4.0,4.0,4.0,4.0,4.0
direction,647,146.25,0,0,0,0,0,0,37.5,36.9565,2,0.1667,0.8333,1.5,2.1667,2.8333,3.5,4.1667,4.8333
direction,648,151.875,0,1,0,0,0,1,100.0,93.0895,0,6.6667,6.6667,6.6667,6.6667,6.6667,6.6667,6.6667,6.6667
direction,649,151.875,0,0,0,0,0,0,62.5,62.2545,1,0.2778,1.3889,2.5,3.6111,4.7222,5.8333,6.9444,8.0556
direction,650,151.875,0,1,0,0,0,2,140.0,121.3066,0,9.3333,9.3333,9.3333,9.3333,9.3333,9.3333,9.3333,9.3333
direction,651,151.875,0,0,0,0,0,0,25.0,25.0599,2,0.1111,0.5556,1.0,1.4444,1.8889,2.3333,2.7778,3.2222
direction,652,151.875,0,0,0,0,0,0,40.0,39.7469,0,2.6667,2.6667,2.6667,2.6667,2.6667,2.6667,2.6667,2.6667
direction,653,151.875,0,0,0,0,0,0,50.0,50.0906,0,0.2222,1.1111,2.0,2.8889,3.7778,4.6667,5.5556,6.4444
direction,654,151.875,0,0,0,0,0,0,80.0,79.6786,0,5.3333,5.3333,5.3333,5.3333,5.3333,5.3333,5.3333,5.3333
direction,655,151.875,0,0,1,0,0,0,12.5,12.6104,1,0.0556,0.2778,0.5,0.7222,0.9444,1.1667,1.3889,1.6111
direction,656,151.875,0,0,0,0,0,0,120.0,119.8045,0,8.0,8.0,8.0,8.0,8.0,8.0,8.0,8.0
direction,657,151.875,0,0,0,0,0,0,37.5,37.6293,1,0.1667,0.8333,1.5,2.1667,2.8333,3.5,4.1667,4.8333
direction,658,151.875,0,0,0,0,0,0,20.0,20.5453,0,1.3333,1.3333,1.3333,1.3333,1.3333,1.3333,1.3333,1.3333
direction,659,151.875,0,0,0,0,0,0,62.5,62.5798,1,0.2778,1.3889,2.5,3.6111,4.7222,5.8333,6.9444,8.0556
direction,660,151.875,0,0,0,0,0,0,60.0,59.8429,0,4.0,4.0,4.0,4.0,4.0,4.0,4.0,4.0
direction,661,151.875,0,0,0,0,0,0,25.0,25.011,0,0.1111,0.5556,1.0,1.4444,1.8889,2.3333,2.7778,3.2222
direction,662,151.875,0,0,0,0,0,0,100.0,99.7598,0,6.6667,6.6667,6.6667,6.6667,6.6667,6.6667,6.6667,6.6667
direction,663,151.875,0,0,0,0,0,0,50.0,50.1503,1,0.2222,1.1111,2.0,2.8889,3.7778,4.6667,5.5556,6.4444
direction,664,151.875,0,0,0,0,0,0,140.0,139.6688,0,9.3333,9.3333,9.3333,9.3333,9.3333,9.3333,9.3333,9.3333
direction,665,151.875,0,0,1,0,0,0,12.5,12.4873,2,0.0556,0.2778,0.5,0.7222,0.9444,1.1667,1.3889,1.6111
direction,666,151.875,0,0,0,0,0,0,40.0,39.7727,0,2.6667,2.6667,2.6667,2.6667,2.6667,2.6667,2.6667,2.6667
direction,667,151.875,0,0,0,0,0,0,37.5,37.0299,1,0.1667,0.8333,1.5,2.1667,2.8333,3.5,4.1667,4.8333
direction,668,151.875,0,0,0,0,0,0,80.0,80.6246,0,5.3333,5.3333,5.3333,5.3333,5.3333,5.3333,5.3333,5.3333
direction,669,151.875,0,0,0,0,0,0,62.5,62.1349,1,0.2778,1.3889,2.5,3.6111,4.7222,5.8333,6.9444,8.0556
direction,670,151.875,0,1,0,0,0,3,120.0,95.7845,0,8.0,8.0,8.0,8.0,8.0,8.0,8.0,8.0
direction,671,151.875,0,0,0,0,0,0,25.0,25.0456,1,0.1111,0.5556,1.0,1.4444,1.8889,2.3333,2.7778,3.2222
direction,672,157.5,0,0,0,0,0,0,20.0,20.1647,0,1.3333,1.3333,1.3333,1.3333,1.3333,1.3333,1.3333,1.3333
direction,673,157.5,0,0,0,0,0,0,50.0,49.8,1,0.2222,1.1111,2.0,2.8889,3.7778,4.6667,5.5556,6.4444
direction,674,157.5,0,0,0,0,0,0,60.0,59.5573,0,4.0,4.0,4.0,4.0,4.0,4.0,4.0,4.0
direction,675,157.5,0,0,1,1,0,0,12.5,12.9551,3,0.0556,0.2778,0.5,0.7222,0.9444,1.1667,1.3889,1.6111
direction,676,157.5,0,0,0,0,0,0,100.0,100.3901,0,6.6667,6.6667,6.6667,6.6667,6.6667,6.6667,6.6667,6.6667
direction,677,157.5,0,0,0,0,0,0,37.5,38.1803,1,0.1667,0.8333,1.5,2.1667,2.8333,3.5,4.1667,4.8333
direction,678,157.5,1,1,0,0,1,3,140.0,101.8065,0,9.3333,9.3333,9.3333,9.3333,9.3333,9.3333,9.3333,9.3333
direction,679,157.5,0,0,0,0,0,0,62.5,62.8021,1,0.2778,1.3889,2.5,3.6111,4.7222,5.8333,6.9444,8.0556
direction,680,157.5,0,0,0,0,0,0,40.0,40.2309,0,2.6667,2.6667,2.6667,2.6667,2.6667,2.6667,2.6667,2.6667
direction,681,157.5,0,0,0,0,0,0,25.0,24.9948,2,0.1111,0.5556,1.0,1.4444,1.8889,2.3333,2.7778,3.2222
direction,682,157.5,0,0,0,0,0,0,80.0,80.1805,0,5.3333,5.3333,5.3333,5.3333,5.3333,5.3333,5.3333,5.3333
direction,683,157.5,0,0,0,0,0,0,50.0,49.7762,1,0.2222,1.1111,2.0,2.8889,3.7778,4.6667,5.5556,6.4444
direction,684,157.5,0,0,0,0,0,0,120.0,119.2305,0,8.0,8.0,8.0,8.0,8.0,8.0,8.0,8.0
direction,685,157.5,0,0,1,0,0,0,12.5,13.0069,2,0.0556,0.2778,0.5,0.7222,0.9444,1.1667,1.3889,1.6111
direction,686,157.5,0,0,0,0,0,0,20.0,20.6867,0,1.3333,1.3333,1.3333,1.3333,1.3333,1.3333,1.3333,1.3333
direction,687,157.5,0,0,0,0,0,0,37.5,37.5569,1,0.1667,0.8333,1.5,2.1667,2.8333,3.5,4.1667,4.8333
direction,688,157.5,0,0,0,0,0,0,60.0,59.543,0,4.0,4.0,4.0,4.0,4.0,4.0,4.0,4.0
direction,689,157.5,0,0,0,0,0,0,62.5,62.7768,0,0.2778,1.3889,2.5,3.6111,4.7222,5.8333,6.9444,8.0556
direction,690,157.5,0,0,0,0,0,0,100.0,100.5504,0,6.6667,6.6667,6.6667,6.6667,6.6667,6.6667,6.6667,6.6667
direction,691,157.5,0,0,0,0,0,0,25.0,25.1145,1,0.1111,0.5556,1.0,1.4444,1.8889,2.3333,2.7778,3.2222
direction,692,157.5,0,1,0,0,0,2,140.0,121.0846,0,9.3333,9.3333,9.3333,9.3333,9.3333,9.3333,9.3333,9.3333
direction,693,157.5,0,0,0,0,0,0,50.0,49.7722,1,0.2222,1.1111,2.0,2.8889,3.7778,4.6667,5.5556,6.4444
direction,694,157.5,0,0,0,0,0,0,40.0,40.0522,0,2.6667,2.6667,2.6667,2.6667,2.6667,2.6667,2.6667,2.6667
direction,695,163.125,0,0,1,0,0,0,12.5,12.6742,0,0.0556,0.2778,0.5,0.7222,0.9444,1.1667,1.3889,1.6111
direction,696,163.125,0,1,0,0,0,4,80.0,58.5303,0,5.3333,5.3333,5.3333,5.3333,5.3333,5.3333,5.3333,5.3333
direction,697,163.125,0,0,0,0,0,0,37.5,37.6847,1,0.1667,0.8333,1.5,2.1667,2.8333,3.5,4.1667,4.8333
direction,698,163.125,1,1,0,0,2,3,120.0,80.2832,0,8.0,8.0,8.0,8.0,8.0,8.0,8.0,8.0
direction,699,163.125,0,0,0,0,0,0,62.5,61.7408,1,0.2778,1.3889,2.5,3.6111,4.7222,5.8333,6.9444,8.0556
direction,700,163.125,0,0,0,0,0,0,20.0,19.5527,0,1.3333,1.3333,1.3333,1.3333,1.3333,1.3333,1.3333,1.3333
direction,701,163.125,0,0,0,0,0,0,25.0,25.0476,2,0.1111,0.5556,1.0,1.4444,1.8889,2.3333,2.7778,3.2222
direction,702,163.125,0,0,0,0,0,0,60.0,60.484,0,4.0,4.0,4.0,4.0,4.0,4.0,4.0,4.0
direction,703,163.125,0,0,0,0,0,0,50.0,50.0571,0,0.2222,1.1111,2.0,2.8889,3.7778,4.6667,5.5556,6.4444
direction,704,163.125,0,0,0,0,0,0,100.0,100.2651,0,6.6667,6.6667,6.6667,6.6667,6.6667,6.6667,6.6667,6.6667
direction,705,163.125,0,0,1,0,0,0,12.5,12.6246,2,0.0556,0.2778,0.5,0.7222,0.9444,1.1667,1.3889,1.6111
direction,706,163.125,1,1,0,0,6,3,140.0,56.6245,0,9.3333,9.3333,9.3333,9.3333,9.3333,9.3333,9.3333,9.3333
direction,707,163.125,0,0,0,0,0,0,37.5,36.5532,1,0.1667,0.8333,1.5,2.1667,2.8333,3.5,4.1667,4.8333
direction,708,163.125,0,0,0,0,0,0,40.0,40.6091,0,2.6667,2.6667,2.6667,2.6667,2.6667,2.6667,2.6667,2.6667
direction,709,163.125,0,0,0,0,0,0,62.5,61.9342,0,0.2778,1.3889,2.5,3.6111,4.7222,5.8333,6.9444,8.0556
direction,710,163.125,0,1,0,0,0,3,80.0,63.7734,0,5.3333,5.3333,5.3333,5.3333,5.3333,5.3333,5.3333,5.3333
direction,711,163.125,0,0,0,0,0,0,25.0,24.9514,1,0.1111,0.5556,1.0,1.4444,1.8889,2.3333,2.7778,3.2222
direction,712,163.125,0,0,0,0,0,0,120.0,120.2716,0,8.0,8.0,8.0,8.0,8.0,8.0,8.0,8.0
direction,713,163.125,0,0,0,0,0,0,50.0,49.9941,1,0.2222,1.1111,2.0,2.8889,3.7778,4.6667,5.5556,6.4444
direction,714,163.125,0,0,0,0,0,0,20.0,19.7309,0,1.3333,1.3333,1.3333,1.3333,1.3333,1.3333,1.3333,1.3333
direction,715,163.125,0,0,1,0,0,0,12.5,12.3557,2,0.0556,0.2778,0.5,0.7222,0.9444,1.1667,1.3889,1.6111
direction,716,163.125,0,0,0,0,0,0,60.0,59.7179,0,4.0,4.0,4.0,4.0,4.0,4.0,4.0,4.0
direction,717,163.125,0,0,0,0,0,0,37.5,37.6956,1,0.1667,0.8333,1.5,2.1667,2.8333,3.5,4.1667,4.8333
direction,718,168.75,0,0,0,0,0,0,100.0,99.8649,0,6.6667,6.6667,6.6667,6.6667,6.6667,6.6667,6.6667,6.6667
direction,719,168.75,0,0,0,0,0,0,62.5,62.3297,1,0.2778,1.3889,2.5,3.6111,4.7222,5.8333,6.9444,8.0556
direction,720,168.75,1,1,0,0,7,2,140.0,55.9725,0,9.3333,9.3333,9.3333,9.3333,9.3333,9.3333,9.3333,9.3333
direction,721,168.75,0,0,0,0,0,0,25.0,24.5123,2,0.1111,0.5556,1.0,1.4444,1.8889,2.3333,2.7778,3.2222
direction,722,168.75,0,0,0,0,0,0,40.0,39.7611,0,2.6667,2.6667,2.6667,2.6667,2.6667,2.6667,2.6667,2.6667
direction,723,168.75,0,0,0,0,0,0,50.0,50.0408,0,0.2222,1.1111,2.0,2.8889,3.7778,4.6667,5.5556,6.4444
direction,724,168.75,0,0,0,0,0,0,80.0,79.4702,0,5.3333,5.3333,5.3333,5.3333,5.3333,5.3333,5.3333,5.3333
direction,725,168.75,0,0,1,0,0,0,12.5,12.4356,0,0.0556,0.2778,0.5,0.7222,0.9444,1.1667,1.3889,1.6111
direction,726,168.75,0,1,0,0,0,2,120.0,103.9642,0,8.0,8.0,8.0,8.0,8.0,8.0,8.0,8.0
direction,727,168.75,0,0,0,0,0,0,37.5,37.9119,1,0.1667,0.8333,1.5,2.1667,2.8333,3.5,4.1667,4.8333
direction,728,168.75,0,0,0,0,0,0,20.0,20.4613,0,1.3333,1.3333,1.3333,1.3333,1.3333,1.3333,1.3333,1.3333
direction,729,168.75,0,0,0,0,0,0,62.5,63.093,0,0.2778,1.3889,2.5,3.6111,4.7222,5.8333,6.9444,8.0556
direction,730,168.75,0,0,0,0,0,0,60.0,60.3603,0,4.0,4.0,4.0,4.0,4.0,4.0,4.0,4.0
direction,731,168.75,0,0,0,0,0,0,25.0,25.5876,1,0.1111,0.5556,1.0,1.4444,1.8889,2.3333,2.7778,3.2222
direction,732,168.75,0,0,0,0,0,0,100.0,99.9944,0,6.6667,6.6667,6.6667,6.6667,6.6667,6.6667,6.6667,6.6667
direction,733,168.75,0,0,0,0,0,0,50.0,49.8778,2,0.2222,1.1111,2.0,2.8889,3.7778,4.6667,5.5556,6.4444
direction,734,168.75,0,0,0,0,0,0,140.0,140.684,0,9.3333,9.3333,9.3333,9.3333,9.3333,9.3333,9.3333,9.3333
direction,735,168.75,0,0,1,1,0,0,12.5,12.1669,4,0.0556,0.2778,0.5,0.7222,0.9444,1.1667,1.3889,1.6111
direction,736,168.75,0,0,0,0,0,0,40.0,40.7622,0,2.6667,2.6667,2.6667,2.6667,2.6667,2.6667,2.6667,2.6667
direction,737,168.75,0,0,0,0,0,0,37.5,37.7774,1,0.1667,0.8333,1.5,2.1667,2.8333,3.5,4.1667,4.8333
direction,738,168.75,0,0,0,0,0,0,80.0,80.6818,0,5.3333,5.3333,5.3333,5.3333,5.3333,5.3333,5.3333,5.3333
direction,739,168.75,0,0,0,0,0,0,62.5,62.4356,0,0.2778,1.3889,2.5,3.6111,4.7222,5.8333,6.9444,8.0556
direction,740,168.75,0,1,0,0,0,1,120.0,112.1602,0,8.0,8.0,8.0,8.0,8.0,8.0,8.0,8.0
direction,741,174.375,0,0,0,0,0,0,25.0,25.1437,1,0.1111,0.5556,1.0,1.4444,1.8889,2.3333,2.7778,3.2222
direction,742,174.375,0,0,0,0,0,0,20.0,20.1244,0,1.3333,1.3333,1.3333,1.3333,1.3333,1.3333,1.3333,1.3333
direction,743,174.375,0,0,0,0,0,0,50.0,49.3555,1,0.2222,1.1111,2.0,2.8889,3.7778,4.6667,5.5556,6.4444
direction,744,174.375,0,0,0,0,0,0,60.0,60.2402,0,4.0,4.0,4.0,4.0,4.0,4.0,4.0,4.0
direction,745,174.375,0,0,1,1,0,0,12.5,12.0792,3,0.0556,0.2778,0.5,0.7222,0.9444,1.1667,1.3889,1.6111
direction,746,174.375,0,0,0,0,0,0,100.0,99.4189,0,6.6667,6.6667,6.6667,6.6667,6.6667,6.6667,6.6667,6.6667
direction,747,174.375,0,0,0,0,0,0,37.5,37.206,1,0.1667,0.8333,1.5,2.1667,2.8333,3.5,4.1667,4.8333
direction,748,174.375,1,1,0,0,7,2,140.0,56.2355,0,9.3333,9.3333,9.3333,9.3333,9.3333,9.3333,9.3333,9.3333
direction,749,174.375,0,0,0,0,0,0,62.5,62.2876,1,0.2778,1.3889,2.5,3.6111,4.7222,5.8333,6.9444,8.0556
direction,750,174.375,0,0,0,0,0,0,40.0,39.3092,0,2.6667,2.6667,2.6667,2.6667,2.6667,2.6667,2.6667,2.6667
direction,751,174.375,0,0,0,0,0,0,25.0,25.0094,1,0.1111,0.5556,1.0,1.4444,1.8889,2.3333,2.7778,3.2222
direction,752,174.375,0,0,0,0,0,0,80.0,80.3491,0,5.3333,5.3333,5.3333,5.3333,5.3333,5.3333,5.3333,5.3333
direction,753,174.375,0,0,0,0,0,0,50.0,50.2366,1,0.2222,1.1111,2.0,2.8889,3.7778,4.6667,5.5556,6.4444
direction,754,174.375,0,0,0,0,0,0,120.0,119.429,0,8.0,8.0,8.0,8.0,8.0,8.0,8.0,8.0
direction,755,174.375,0,0,1,1,0,0,12.5,11.9969,3,0.0556,0.2778,0.5,0.7222,0.9444,1.1667,1.3889,1.6111
direction,756,174.375,0,0,0,0,0,0,20.0,20.1275,0,1.3333,1.3333,1.3333,1.3333,1.3333,1.3333,1.3333,1.3333
direction,757,174.375,0,0,0,0,0,0,37.5,38.18,1,0.1667,0.8333,1.5,2.1667,2.8333,3.5,4.1667,4.8333
direction,758,174.375,0,0,0,0,0,0,60.0,60.327,0,4.0,4.0,4.0,4.0,4.0,4.0,4.0,4.0
direction,759,174.375,0,0,0,0,0,0,62.5,62.3318,0,0.2778,1.3889,2.5,3.6111,4.7222,5.8333,6.9444,8.0556
direction,760,174.375,1,1,0,0,3,3,100.0,59.2393,0,6.6667,6.6667,6.6667,6.6667,6.6667,6.6667,6.6667,6.6667
direction,761,174.375,0,0,0,0,0,0,25.0,25.2026,2,0.1111,0.5556,1.0,1.4444,1.8889,2.3333,2.7778,3.2222
direction,762,174.375,0,0,0,0,0,0,140.0,140.723,0,9.3333,9.3333,9.3333,9.3333,9.3333,9.3333,9.3333,9.3333
direction,763,174.375,0,0,0,0,0,0,50.0,49.164,1,0.2222,1.1111,2.0,2.8889,3.7778,4.6667,5.5556,6.4444
direction,764,180.0,0,0,0,0,0,0,40.0,40.0,0,2.6667,2.6667,2.6667,2.6667,2.6667,2.6667,2.6667,2.6667
direction,765,180.0,0,0,1,0,0,0,12.5,13.0967,1,0.0556,0.2778,0.5,0.7222,0.9444,1.1667,1.3889,1.6111
direction,766,180.0,0,0,0,0,0,0,80.0,80.0511,0,5.3333,5.3333,5.3333,5.3333,5.3333,5.3333,5.3333,5.3333
direction,767,180.0,0,0,0,0,0,0,37.5,36.8463,1,0.1667,0.8333,1.5,2.1667,2.8333,3.5,4.1667,4.8333
direction,768,180.0,1,1,0,0,3,2,120.0,79.9742,0,8.0,8.0,8.0,8.0,8.0,8.0,8.0,8.0
direction,769,180.0,0,0,0,0,0,0,62.5,61.9489,1,0.2778,1.3889,2.5,3.6111,4.7222,5.8333,6.9444,8.0556
direction,770,180.0,0,0,0,0,0,0,20.0,19.9773,0,1.3333,1.3333,1.3333,1.3333,1.3333,1.3333,1.3333,1.3333
direction,771,180.0,0,0,0,0,0,0,25.0,25.1597,2,0.1111,0.5556,1.0,1.4444,1.8889,2.3333,2.7778,3.2222
direction,772,180.0,0,0,0,0,0,0,60.0,60.0,0,4.0,4.0,4.0,4.0,4.0,4.0,4.0,4.0
direction,773,180.0,0,0,0,0,0,0,50.0,50.0,1,0.2222,1.1111,2.0,2.8889,3.7778,4.6667,5.5556,6.4444
direction,774,180.0,1,1,0,0,1,3,100.0,72.8629,0,6.6667,6.6667,6.6667,6.6667,6.6667,6.6667,6.6667,6.6667
direction,775,180.0,0,0,1,0,0,0,12.5,13.1055,2,0.0556,0.2778,0.5,0.7222,0.9444,1.1667,1.3889,1.6111
direction,776,180.0,1,1,0,0,4,2,140.0,83.9429,0,9.3333,9.3333,9.3333,9.3333,9.3333,9.3333,9.3333,9.3333
direction,777,180.0,0,0,0,0,0,0,37.5,36.9202,2,0.1667,0.8333,1.5,2.1667,2.8333,3.5,4.1667,4.8333
direction,778,180.0,0,0,0,0,0,0,40.0,39.943,0,2.6667,2.6667,2.6667,2.6667,2.6667,2.6667,2.6667,2.6667
direction,779,180.0,0,0,0,0,0,0,62.5,63.0684,1,0.2778,1.3889,2.5,3.6111,4.7222,5.8333,6.9444,8.0556
direction,780,180.0,0,1,0,0,0,3,80.0,64.0,0,5.3333,5.3333,5.3333,5.3333,5.3333,5.3333,5.3333,5.3333
direction,781,180.0,0,0,0,0,0,0,25.0,25.0686,1,0.1111,0.5556,1.0,1.4444,1.8889,2.3333,2.7778,3.2222
direction,782,180.0,1,1,0,0,3,3,120.0,72.0,0,8.0,8.0,8.0,8.0,8.0,8.0,8.0,8.0
direction,783,180.0,0,0,0,0,0,0,50.0,50.0,0,0.2222,1.1111,2.0,2.8889,3.7778,4.6667,5.5556,6.4444
direction,784,180.0,0,0,0,0,0,0,20.0,20.0287,0,1.3333,1.3333,1.3333,1.3333,1.3333,1.3333,1.3333,1.3333
direction,785,180.0,0,0,1,1,0,0,12.5,12.0,4,0.0556,0.2778,0.5,0.7222,0.9444,1.1667,1.3889,1.6111
direction,786,180.0,0,0,0,0,0,0,60.0,60.0,0,4.0,4.0,4.0,4.0,4.0,4.0,4.0,4.0
direction,787,185.625,0,0,0,0,0,0,37.5,37.1871,1,0.1667,0.8333,1.5,2.1667,2.8333,3.5,4.1667,4.8333
direction,788,185.625,0,0,0,0,0,0,100.0,100.5522,0,6.6667,6.6667,6.6667,6.6667,6.6667,6.6667,6.6667,6.6667
direction,789,185.625,0,0,0,0,0,0,62.5,62.4279,1,0.2778,1.3889,2.5,3.6111,4.7222,5.8333,6.9444,8.0556
direction,790,185.625,0,1,0,0,0,1,140.0,130.6818,0,9.3333,9.3333,9.3333,9.3333,9.3333,9.3333,9.3333,9.3333
direction,791,185.625,0,0,0,0,0,0,25.0,24.1042,2,0.1111,0.5556,1.0,1.4444,1.8889,2.3333,2.7778,3.2222
direction,792,185.625,0,0,0,0,0,0,40.0,40.1354,0,2.6667,2.6667,2.6667,2.6667,2.6667,2.6667,2.6667,2.6667
direction,793,185.625,0,0,0,0,0,0,50.0,50.2254,0,0.2222,1.1111,2.0,2.8889,3.7778,4.6667,5.5556,6.4444
direction,794,185.625,0,0,0,0,0,0,80.0,80.379,0,5.3333,5.3333,5.3333,5.3333,5.3333,5.3333,5.3333,5.3333
direction,795,185.625,0,0,1,0,0,0,12.5,12.9507,1,0.0556,0.2778,0.5,0.7222,0.9444,1.1667,1.3889,1.6111
direction,796,185.625,1,1,0,0,3,3,120.0,72.3153,0,8.0,8.0,8.0,8.0,8.0,8.0,8.0,8.0
direction,797,185.625,0,0,0,0,0,0,37.5,37.2116,1,0.1667,0.8333,1.5,2.1667,2.8333,3.5,4.1667,4.8333
direction,798,185.625,0,0,0,0,0,0,20.0,20.1297,0,1.3333,1.3333,1.3333,1.3333,1.3333,1.3333,1.3333,1.3333
direction,799,185.625,0,0,0,0,0,0,62.5,62.243,1,0.2778,1.3889,2.5,3.6111,4.7222,5.8333,6.9444,8.0556
direction,800,185.625,0,0,0,0,0,0,60.0,60.2642,0,4.0,4.0,4.0,4.0,4.0,4.0,4.0,4.0
direction,801,185.625,0,0,0,0,0,0,25.0,25.2524,0,0.1111,0.5556,1.0,1.4444,1.8889,2.3333,2.7778,3.2222
direction,802,185.625,1,1,0,0,2,3,100.0,66.3644,0,6.6667,6.6667,6.6667,6.6667,6.6667,6.6667,6.6667,6.6667
direction,803,185.625,0,0,0,0,0,0,50.0,50.2485,0,0.2222,1.1111,2.0,2.8889,3.7778,4.6667,5.5556,6.4444
direction,804,185.625,1,1,0,0,7,2,140.0,56.2006,0,9.3333,9.3333,9.3333,9.3333,9.3333,9.3333,9.3333,9.3333
direction,805,185.625,0,0,1,0,0,0,12.5,13.1545,1,0.0556,0.2778,0.5,0.7222,0.9444,1.1667,1.3889,1.6111
direction,806,185.625,0,0,0,0,0,0,40.0,40.2272,0,2.6667,2.6667,2.6667,2.6667,2.6667,2.6667,2.6667,2.6667
direction,807,185.625,0,0,0,0,0,0,37.5,38.2366,1,0.1667,0.8333,1.5,2.1667,2.8333,3.5,4.1667,4.8333
direction,808,185.625,0,0,0,0,0,0,80.0,79.2225,0,5.3333,5.3333,5.3333,5.3333,5.3333,5.3333,5.3333,5.3333
direction,809,185.625,0,0,0,0,0,0,62.5,62.2896,1,0.2778,1.3889,2.5,3.6111,4.7222,5.8333,6.9444,8.0556
direction,810,191.25,0,1,0,0,0,2,120.0,103.946,0,8.0,8.0,8.0,8.0,8.0,8.0,8.0,8.0
direction,811,191.25,0,0,0,0,0,0,25.0,25.4299,0,0.1111,0.5556,1.0,1.4444,1.8889,2.3333,2.7778,3.2222
direction,812,191.25,0,0,0,0,0,0,20.0,19.4836,0,1.3333,1.3333,1.3333,1.3333,1.3333,1.3333,1.3333,1.3333
direction,813,191.25,0,0,0,0,0,0,50.0,51.065,0,0.2222,1.1111,2.0,2.8889,3.7778,4.6667,5.5556,6.4444
direction,814,191.25,0,0,0,0,0,0,60.0,60.0523,0,4.0,4.0,4.0,4.0,4.0,4.0,4.0,4.0
direction,815,191.25,0,0,1,0,0,0,12.5,13.2758,1,0.0556,0.2778,0.5,0.7222,0.9444,1.1667,1.3889,1.6111
direction,816,191.25,0,1,0,0,0,2,100.0,86.5959,0,6.6667,6.6667,6.6667,6.6667,6.6667,6.6667,6.6667,6.6667
direction,817,191.25,0,0,0,0,0,0,37.5,37.7121,1,0.1667,0.8333,1.5,2.1667,2.8333,3.5,4.1667,4.8333
direction,818,191.25,0,0,0,0,0,0,140.0,140.6128,0,9.3333,9.3333,9.3333,9.3333,9.3333,9.3333,9.3333,9.3333
direction,819,191.25,0,0,0,0,0,0,62.5,63.1804,0,0.2778,1.3889,2.5,3.6111,4.7222,5.8333,6.9444,8.0556
direction,820,191.25,0,0,0,0,0,0,40.0,39.6817,0,2.6667,2.6667,2.6667,2.6667,2.6667,2.6667,2.6667,2.6667
direction,821,191.25,0,0,0,0,0,0,25.0,24.477,2,0.1111,0.5556,1.0,1.4444,1.8889,2.3333,2.7778,3.2222
direction,822,191.25,1,1,0,0,1,4,80.0,53.2423,0,5.3333,5.3333,5.3333,5.3333,5.3333,5.3333,5.3333,5.3333
direction,823,191.25,0,0,0,0,0,0,50.0,49.872,2,0.2222,1.1111,2.0,2.8889,3.7778,4.6667,5.5556,6.4444
direction,824,191.25,0,1,0,0,0,1,120.0,112.1505,0,8.0,8.0,8.0,8.0,8.0,8.0,8.0,8.0
direction,825,191.25,0,0,1,1,0,0,12.5,12.1655,3,0.0556,0.2778,0.5,0.7222,0.9444,1.1667,1.3889,1.6111
direction,826,191.25,0,0,0,0,0,0,20.0,20.3924,0,1.3333,1.3333,1.3333,1.3333,1.3333,1.3333,1.3333,1.3333
direction,827,191.25,0,0,0,0,0,0,37.5,37.7882,1,0.1667,0.8333,1.5,2.1667,2.8333,3.5,4.1667,4.8333
direction,828,191.25,0,0,0,0,0,0,60.0,60.3387,0,4.0,4.0,4.0,4.0,4.0,4.0,4.0,4.0
direction,829,191.25,0,0,0,0,0,0,62.5,62.2641,1,0.2778,1.3889,2.5,3.6111,4.7222,5.8333,6.9444,8.0556
direction,830,191.25,0,0,0,0,0,0,100.0,99.8096,0,6.6667,6.6667,6.6667,6.6667,6.6667,6.6667,6.6667,6.6667
direction,831,191.25,0,0,0,0,0,0,25.0,25.4363,1,0.1111,0.5556,1.0,1.4444,1.8889,2.3333,2.7778,3.2222
direction,832,191.25,1,1,0,0,3,2,140.0,93.6959,0,9.3333,9.3333,9.3333,9.3333,9.3333,9.3333,9.3333,9.3333
direction,833,196.875,0,0,0,0,0,0,50.0,49.9775,1,0.2222,1.1111,2.0,2.8889,3.7778,4.6667,5.5556,6.4444
direction,834,196.875,0,0,0,0,0,0,40.0,39.8034,0,2.6667,2.6667,2.6667,2.6667,2.6667,2.6667,2.6667,2.6667
direction,835,196.875,0,0,1,1,0,0,12.5,12.6797,4,0.0556,0.2778,0.5,0.7222,0.9444,1.1667,1.3889,1.6111
direction,836,196.875,0,0,0,0,0,0,80.0,80.446,0,5.3333,5.3333,5.3333,5.3333,5.3333,5.3333,5.3333,5.3333
direction,837,196.875,0,0,0,0,0,0,37.5,37.6768,0,0.1667,0.8333,1.5,2.1667,2.8333,3.5,4.1667,4.8333
direction,838,196.875,1,1,0,0,1,3,120.0,87.9375,0,8.0,8.0,8.0,8.0,8.0,8.0,8.0,8.0
direction,839,196.875,0,0,0,0,0,0,62.5,62.6697,1,0.2778,1.3889,2.5,3.6111,4.7222,5.8333,6.9444,8.0556
direction,840,196.875,0,0,0,0,0,0,20.0,19.8158,0,1.3333,1.3333,1.3333,1.3333,1.3333,1.3333,1.3333,1.3333
direction,841,196.875,0,0,0,0,0,0,25.0,24.9831,2,0.1111,0.5556,1.0,1.4444,1.8889,2.3333,2.7778,3.2222
direction,842,196.875,0,0,0,0,0,0,60.0,59.6189,0,4.0,4.0,4.0,4.0,4.0,4.0,4.0,4.0
direction,843,196.875,0,0,0,0,0,0,50.0,50.3339,0,0.2222,1.1111,2.0,2.8889,3.7778,4.6667,5.5556,6.4444
direction,844,196.875,0,1,0,0,0,2,100.0,86.623,0,6.6667,6.6667,6.6667,6.6667,6.6667,6.6667,6.6667,6.6667
direction,845,196.875,0,0,1,0,0,0,12.5,12.3805,1,0.0556,0.2778,0.5,0.7222,0.9444,1.1667,1.3889,1.6111
direction,846,196.875,1,1,0,0,5,2,140.0,74.2875,0,9.3333,9.3333,9.3333,9.3333,9.3333,9.3333,9.3333,9.3333
direction,847,196.875,0,0,0,0,0,0,37.5,37.6995,1,0.1667,0.8333,1.5,2.1667,2.8333,3.5,4.1667,4.8333
direction,848,196.875,0,0,0,0,0,0,40.0,40.6617,0,2.6667,2.6667,2.6667,2.6667,2.6667,2.6667,2.6667,2.6667
direction,849,196.875,0,1,0,0,0,1,62.5,54.4059,1,0.2778,1.3889,2.5,3.6111,4.7222,5.8333,6.9444,8.0556
direction,850,196.875,0,0,0,0,0,0,80.0,79.4486,0,5.3333,5.3333,5.3333,5.3333,5.3333,5.3333,5.3333,5.3333
direction,851,196.875,0,0,0,0,0,0,25.0,25.2703,0,0.1111,0.5556,1.0,1.4444,1.8889,2.3333,2.7778,3.2222
direction,852,196.875,0,0,0,0,0,0,120.0,120.0941,0,8.0,8.0,8.0,8.0,8.0,8.0,8.0,8.0
direction,853,196.875,0,0,0,0,0,0,50.0,49.4415,1,0.2222,1.1111,2.0,2.8889,3.7778,4.6667,5.5556,6.4444
direction,854,196.875,0,0,0,0,0,0,20.0,20.0003,0,1.3333,1.3333,1.3333,1.3333,1.3333,1.3333,1.3333,1.3333
direction,855,196.875,0,0,1,1,0,0,12.5,12.6397,3,0.0556,0.2778,0.5,0.7222,0.9444,1.1667,1.3889,1.6111
direction,856,202.5,0,0,0,0,0,0,60.0,59.747,0,4.0,4.0,4.0,4.0,4.0,4.0,4.0,4.0
direction,857,202.5,0,0,0,0,0,0,37.5,36.7707,2,0.1667,0.8333,1.5,2.1667,2.8333,3.5,4.1667,4.8333
direction,858,202.5,0,0,0,0,0,0,100.0,99.5217,0,6.6667,6.6667,6.6667,6.6667,6.6667,6.6667,6.6667,6.6667
direction,859,202.5,0,0,0,0,0,0,62.5,62.7589,1,0.2778,1.3889,2.5,3.6111,4.7222,5.8333,6.9444,8.0556
direction,860,202.5,0,0,0,0,0,0,140.0,139.7428,0,9.3333,9.3333,9.3333,9.3333,9.3333,9.3333,9.3333,9.3333
direction,861,202.5,0,0,0,0,0,0,25.0,24.9689,2,0.1111,0.5556,1.0,1.4444,1.8889,2.3333,2.7778,3.2222
direction,862,202.5,0,0,0,0,0,0,40.0,39.7678,0,2.6667,2.6667,2.6667,2.6667,2.6667,2.6667,2.6667,2.6667
direction,863,202.5,0,0,0,0,0,0,50.0,49.7615,1,0.2222,1.1111,2.0,2.8889,3.7778,4.6667,5.5556,6.4444
direction,864,202.5,0,0,0,0,0,0,80.0,79.3965,0,5.3333,5.3333,5.3333,5.3333,5.3333,5.3333,5.3333,5.3333
direction,865,202.5,0,0,1,0,0,0,12.5,12.139,2,0.0556,0.2778,0.5,0.7222,0.9444,1.1667,1.3889,1.6111
direction,866,202.5,1,1,0,0,2,2,120.0,88.7694,0,8.0,8.0,8.0,8.0,8.0,8.0,8.0,8.0
direction,867,202.5,0,0,0,0,0,0,37.5,36.7961,2,0.1667,0.8333,1.5,2.1667,2.8333,3.5,4.1667,4.8333
direction,868,202.5,0,0,0,0,0,0,20.0,19.6957,0,1.3333,1.3333,1.3333,1.3333,1.3333,1.3333,1.3333,1.3333
direction,869,202.5,0,0,0,0,0,0,62.5,62.7155,1,0.2778,1.3889,2.5,3.6111,4.7222,5.8333,6.9444,8.0556
direction,870,202.5,0,0,0,0,0,0,60.0,60.5471,0,4.0,4.0,4.0,4.0,4.0,4.0,4.0,4.0
direction,871,202.5,0,0,0,0,0,0,25.0,24.7452,1,0.1111,0.5556,1.0,1.4444,1.8889,2.3333,2.7778,3.2222
direction,872,202.5,1,1,0,0,2,3,100.0,65.8663,0,6.6667,6.6667,6.6667,6.6667,6.6667,6.6667,6.6667,6.6667
direction,873,202.5,0,0,0,0,0,0,50.0,49.7181,1,0.2222,1.1111,2.0,2.8889,3.7778,4.6667,5.5556,6.4444
direction,874,202.5,0,0,0,0,0,0,140.0,139.652,0,9.3333,9.3333,9.3333,9.3333,9.3333,9.3333,9.3333,9.3333
direction,875,202.5,0,0,1,1,0,0,12.5,12.201,4,0.0556,0.2778,0.5,0.7222,0.9444,1.1667,1.3889,1.6111
direction,876,202.5,0,0,0,0,0,0,40.0,40.042,0,2.6667,2.6667,2.6667,2.6667,2.6667,2.6667,2.6667,2.6667
direction,877,202.5,0,0,0,0,0,0,37.5,38.2426,0,0.1667,0.8333,1.5,2.1667,2.8333,3.5,4.1667,4.8333
direction,878,202.5,0,0,0,0,0,0,80.0,79.8783,0,5.3333,5.3333,5.3333,5.3333,5.3333,5.3333,5.3333,5.3333
direction,879,208.125,0,0,0,0,0,0,62.5,62.7891,1,0.2778,1.3889,2.5,3.6111,4.7222,5.8333,6.9444,8.0556
direction,880,208.125,1,1,0,0,1,3,120.0,88.6019,0,8.0,8.0,8.0,8.0,8.0,8.0,8.0,8.0
direction,881,208.125,0,0,0,0,0,0,25.0,25.1,2,0.1111,0.5556,1.0,1.4444,1.8889,2.3333,2.7778,3.2222
direction,882,208.125,0,0,0,0,0,0,20.0,19.1549,0,1.3333,1.3333,1.3333,1.3333,1.3333,1.3333,1.3333,1.3333
direction,883,208.125,0,0,0,0,0,0,50.0,49.6567,1,0.2222,1.1111,2.0,2.8889,3.7778,4.6667,5.5556,6.4444
direction,884,208.125,0,0,0,0,0,0,60.0,59.8748,0,4.0,4.0,4.0,4.0,4.0,4.0,4.0,4.0
direction,885,208.125,0,0,1,0,0,0,12.5,12.4596,1,0.0556,0.2778,0.5,0.7222,0.9444,1.1667,1.3889,1.6111
direction,886,208.125,0,1,0,0,0,2,100.0,85.8683,0,6.6667,6.6667,6.6667,6.6667,6.6667,6.6667,6.6667,6.6667
direction,887,208.125,0,0,0,0,0,0,37.5,37.6327,1,0.1667,0.8333,1.5,2.1667,2.8333,3.5,4.1667,4.8333
direction,888,208.125,0,0,0,0,0,0,140.0,139.6578,0,9.3333,9.3333,9.3333,9.3333,9.3333,9.3333,9.3333,9.3333
direction,889,208.125,0,0,0,0,0,0,62.5,62.276,1,0.2778,1.3889,2.5,3.6111,4.7222,5.8333,6.9444,8.0556
direction,890,208.125,0,0,0,0,0,0,40.0,39.9516,0,2.6667,2.6667,2.6667,2.6667,2.6667,2.6667,2.6667,2.6667
direction,891,208.125,0,0,0,1,0,0,25.0,25.1087,3,0.1111,0.5556,1.0,1.4444,1.8889,2.3333,2.7778,3.2222
direction,892,208.125,0,1,0,0,0,4,80.0,58.5225,0,5.3333,5.3333,5.3333,5.3333,5.3333,5.3333,5.3333,5.3333
direction,893,208.125,0,0,0,0,0,0,50.0,50.0885,1,0.2222,1.1111,2.0,2.8889,3.7778,4.6667,5.5556,6.4444
direction,894,208.125,0,1,0,0,0,1,120.0,112.4399,0,8.0,8.0,8.0,8.0,8.0,8.0,8.0,8.0
direction,895,208.125,0,0,1,0,0,0,12.5,12.4584,2,0.0556,0.2778,0.5,0.7222,0.9444,1.1667,1.3889,1.6111
direction,896,208.125,0,0,0,0,0,0,20.0,20.0671,0,1.3333,1.3333,1.3333,1.3333,1.3333,1.3333,1.3333,1.3333
direction,897,208.125,0,0,0,0,0,0,37.5,36.9993,2,0.1667,0.8333,1.5,2.1667,2.8333,3.5,4.1667,4.8333
direction,898,208.125,0,0,0,0,0,0,60.0,60.0537,0,4.0,4.0,4.0,4.0,4.0,4.0,4.0,4.0
direction,899,208.125,0,0,0,0,0,0,62.5,62.0279,1,0.2778,1.3889,2.5,3.6111,4.7222,5.8333,6.9444,8.0556
direction,900,208.125,0,0,0,0,0,0,100.0,99.773,0,6.6667,6.6667,6.6667,6.6667,6.6667,6.6667,6.6667,6.6667
direction,901,208.125,0,0,0,0,0,0,25.0,24.547,1,0.1111,0.5556,1.0,1.4444,1.8889,2.3333,2.7778,3.2222
direction,902,213.75,0,1,0,0,0,2,140.0,121.0698,0,9.3333,9.3333,9.3333,9.3333,9.3333,9.3333,9.3333,9.3333
direction,903,213.75,0,0,0,0,0,0,50.0,49.6152,0,0.2222,1.1111,2.0,2.8889,3.7778,4.6667,5.5556,6.4444
direction,904,213.75,0,0,0,0,0,0,40.0,40.0987,0,2.6667,2.6667,2.6667,2.6667,2.6667,2.6667,2.6667,2.6667
direction,905,213.75,0,0,1,1,0,0,12.5,12.2391,3,0.0556,0.2778,0.5,0.7222,0.9444,1.1667,1.3889,1.6111
direction,906,213.75,0,0,0,0,0,0,80.0,79.3205,0,5.3333,5.3333,5.3333,5.3333,5.3333,5.3333,5.3333,5.3333
direction,907,213.75,0,0,0,0,0,0,37.5,38.3336,0,0.1667,0.8333,1.5,2.1667,2.8333,3.5,4.1667,4.8333
direction,908,213.75,0,1,0,0,0,3,120.0,95.9556,0,8.0,8.0,8.0,8.0,8.0,8.0,8.0,8.0
direction,909,213.75,0,0,0,0,0,0,62.5,62.1752,1,0.2778,1.3889,2.5,3.6111,4.7222,5.8333,6.9444,8.0556
direction,910,213.75,0,0,0,0,0,0,20.0,20.2702,0,1.3333,1.3333,1.3333,1.3333,1.3333,1.3333,1.3333,1.3333
direction,911,213.75,0,0,0,0,0,0,25.0,25.3039,1,0.1111,0.5556,1.0,1.4444,1.8889,2.3333,2.7778,3.2222
direction,912,213.75,0,0,0,0,0,0,60.0,59.8751,0,4.0,4.0,4.0,4.0,4.0,4.0,4.0,4.0
direction,913,213.75,0,0,0,0,0,0,50.0,50.4286,1,0.2222,1.1111,2.0,2.8889,3.7778,4.6667,5.5556,6.4444
direction,914,213.75,0,0,0,0,0,0,100.0,100.2638,0,6.6667,6.6667,6.6667,6.6667,6.6667,6.6667,6.6667,6.6667
direction,915,213.75,0,0,1,0,0,0,12.5,12.9675,0,0.0556,0.2778,0.5,0.7222,0.9444,1.1667,1.3889,1.6111
direction,916,213.75,0,1,0,0,0,1,140.0,131.3062,0,9.3333,9.3333,9.3333,9.3333,9.3333,9.3333,9.3333,9.3333
direction,917,213.75,0,0,0,0,0,0,37.5,37.5431,1,0.1667,0.8333,1.5,2.1667,2.8333,3.5,4.1667,4.8333
direction,918,213.75,0,0,0,0,0,0,40.0,39.5929,0,2.6667,2.6667,2.6667,2.6667,2.6667,2.6667,2.6667,2.6667
direction,919,213.75,0,0,0,0,0,0,62.5,62.6106,0,0.2778,1.3889,2.5,3.6111,4.7222,5.8333,6.9444,8.0556
direction,920,213.75,0,0,0,0,0,0,80.0,79.3529,0,5.3333,5.3333,5.3333,5.3333,5.3333,5.3333,5.3333,5.3333
direction,921,213.75,0,0,0,0,0,0,25.0,25.1739,1,0.1111,0.5556,1.0,1.4444,1.8889,2.3333,2.7778,3.2222
direction,922,213.75,0,0,0,0,0,0,120.0,120.352,0,8.0,8.0,8.0,8.0,8.0,8.0,8.0,8.0
direction,923,213.75,0,0,0,0,0,0,50.0,50.4777,1,0.2222,1.1111,2.0,2.8889,3.7778,4.6667,5.5556,6.4444
direction,924,213.75,0,0,0,0,0,0,20.0,20.1852,0,1.3333,1.3333,1.3333,1.3333,1.3333,1.3333,1.3333,1.3333
direction,925,219.375,0,0,1,1,0,0,12.5,11.9535,3,0.0556,0.2778,0.5,0.7222,0.9444,1.1667,1.3889,1.6111
direction,926,219.375,0,0,0,0,0,0,60.0,59.6933,0,4.0,4.0,4.0,4.0,4.0,4.0,4.0,4.0
direction,927,219.375,0,0,0,0,0,0,37.5,37.5904,1,0.1667,0.8333,1.5,2.1667,2.8333,3.5,4.1667,4.8333
direction,928,219.375,0,0,0,0,0,0,100.0,100.1993,0,6.6667,6.6667,6.6667,6.6667,6.6667,6.6667,6.6667,6.6667
direction,929,219.375,0,0,0,0,0,0,62.5,61.9288,1,0.2778,1.3889,2.5,3.6111,4.7222,5.8333,6.9444,8.0556
direction,930,219.375,1,1,0,0,1,2,140.0,111.5629,0,9.3333,9.3333,9.3333,9.3333,9.3333,9.3333,9.3333,9.3333
direction,931,219.375,0,0,0,0,0,0,25.0,24.9476,1,0.1111,0.5556,1.0,1.4444,1.8889,2.3333,2.7778,3.2222
direction,932,219.375,0,0,0,0,0,0,40.0,39.8697,0,2.6667,2.6667,2.6667,2.6667,2.6667,2.6667,2.6667,2.6667
direction,933,219.375,0,0,0,0,0,0,50.0,50.4805,0,0.2222,1.1111,2.0,2.8889,3.7778,4.6667,5.5556,6.4444
direction,934,219.375,0,0,0,0,0,0,80.0,79.3946,0,5.3333,5.3333,5.3333,5.3333,5.3333,5.3333,5.3333,5.3333
direction,935,219.375,0,0,1,0,0,0,12.5,11.942,2,0.0556,0.2778,0.5,0.7222,0.9444,1.1667,1.3889,1.6111
direction,936,219.375,1,1,0,0,2,3,120.0,79.6492,0,8.0,8.0,8.0,8.0,8.0,8.0,8.0,8.0
direction,937,219.375,0,0,0,0,0,0,37.5,37.5919,0,0.1667,0.8333,1.5,2.1667,2.8333,3.5,4.1667,4.8333
direction,938,219.375,0,0,0,0,0,0,20.0,20.6434,0,1.3333,1.3333,1.3333,1.3333,1.3333,1.3333,1.3333,1.3333
direction,939,219.375,0,0,0,0,0,0,62.5,62.4977,0,0.2778,1.3889,2.5,3.6111,4.7222,5.8333,6.9444,8.0556
direction,940,219.375,0,0,0,0,0,0,60.0,59.6609,0,4.0,4.0,4.0,4.0,4.0,4.0,4.0,4.0
direction,941,219.375,0,0,0,1,0,0,25.0,24.9267,3,0.1111,0.5556,1.0,1.4444,1.8889,2.3333,2.7778,3.2222
direction,942,219.375,0,1,0,0,0,2,100.0,86.6147,0,6.6667,6.6667,6.6667,6.6667,6.6667,6.6667,6.6667,6.6667
direction,943,219.375,0,0,0,0,0,0,50.0,49.6732,1,0.2222,1.1111,2.0,2.8889,3.7778,4.6667,5.5556,6.4444
direction,944,219.375,1,1,0,0,4,3,140.0,74.7249,0,9.3333,9.3333,9.3333,9.3333,9.3333,9.3333,9.3333,9.3333
direction,945,219.375,0,0,1,1,0,0,12.5,12.1259,4,0.0556,0.2778,0.5,0.7222,0.9444,1.1667,1.3889,1.6111
direction,946,219.375,0,0,0,0,0,0,40.0,39.712,0,2.6667,2.6667,2.6667,2.6667,2.6667,2.6667,2.6667,2.6667
direction,947,219.375,0,0,0,0,0,0,37.5,37.606,1,0.1667,0.8333,1.5,2.1667,2.8333,3.5,4.1667,4.8333
direction,948,225.0,0,0,0,0,0,0,80.0,79.9491,0,5.3333,5.3333,5.3333,5.3333,5.3333,5.3333,5.3333,5.3333
direction,949,225.0,0,0,0,0,0,0,62.5,62.2697,2,0.2778,1.3889,2.5,3.6111,4.7222,5.8333,6.9444,8.0556
direction,950,225.0,0,0,0,0,0,0,120.0,120.3353,0,8.0,8.0,8.0,8.0,8.0,8.0,8.0,8.0
direction,951,225.0,0,0,0,1,0,0,25.0,23.9432,3,0.1111,0.5556,1.0,1.4444,1.8889,2.3333,2.7778,3.2222
direction,952,225.0,0,0,0,0,0,0,20.0,19.8413,0,1.3333,1.3333,1.3333,1.3333,1.3333,1.3333,1.3333,1.3333
direction,953,225.0,0,0,0,0,0,0,50.0,49.5381,1,0.2222,1.1111,2.0,2.8889,3.7778,4.6667,5.5556,6.4444
direction,954,225.0,0,0,0,0,0,0,60.0,60.007,0,4.0,4.0,4.0,4.0,4.0,4.0,4.0,4.0
direction,955,225.0,0,0,1,1,0,0,12.5,12.8269,4,0.0556,0.2778,0.5,0.7222,0.9444,1.1667,1.3889,1.6111
direction,956,225.0,0,0,0,0,0,0,100.0,99.6496,0,6.6667,6.6667,6.6667,6.6667,6.6667,6.6667,6.6667,6.6667
direction,957,225.0,0,0,0,0,0,0,37.5,38.2708,1,0.1667,0.8333,1.5,2.1667,2.8333,3.5,4.1667,4.8333
direction,958,225.0,1,1,0,0,4,3,140.0,74.2029,0,9.3333,9.3333,9.3333,9.3333,9.3333,9.3333,9.3333,9.3333
direction,959,225.0,0,0,0,0,0,0,62.5,62.9217,0,0.2778,1.3889,2.5,3.6111,4.7222,5.8333,6.9444,8.0556
direction,960,225.0,0,0,0,0,0,0,40.0,40.3825,0,2.6667,2.6667,2.6667,2.6667,2.6667,2.6667,2.6667,2.6667
direction,961,225.0,0,0,0,0,0,0,25.0,25.4559,1,0.1111,0.5556,1.0,1.4444,1.8889,2.3333,2.7778,3.2222
direction,962,225.0,0,0,0,0,0,0,80.0,80.6404,0,5.3333,5.3333,5.3333,5.3333,5.3333,5.3333,5.3333,5.3333
direction,963,225.0,0,0,0,0,0,0,50.0,50.2107,1,0.2222,1.1111,2.0,2.8889,3.7778,4.6667,5.5556,6.4444
direction,964,225.0,0,0,0,0,0,0,120.0,120.0408,0,8.0,8.0,8.0,8.0,8.0,8.0,8.0,8.0
direction,965,225.0,0,0,1,0,0,0,12.5,12.6875,2,0.0556,0.2778,0.5,0.7222,0.9444,1.1667,1.3889,1.6111
direction,966,225.0,0,0,0,0,0,0,20.0,19.7869,0,1.3333,1.3333,1.3333,1.3333,1.3333,1.3333,1.3333,1.3333
direction,967,225.0,0,0,0,0,0,0,37.5,36.8078,2,0.1667,0.8333,1.5,2.1667,2.8333,3.5,4.1667,4.8333
direction,968,225.0,0,0,0,0,0,0,60.0,59.3707,0,4.0,4.0,4.0,4.0,4.0,4.0,4.0,4.0
direction,969,225.0,0,0,0,0,0,0,62.5,62.2211,1,0.2778,1.3889,2.5,3.6111,4.7222,5.8333,6.9444,8.0556
direction,970,225.0,0,0,0,0,0,0,100.0,100.4313,0,6.6667,6.6667,6.6667,6.6667,6.6667,6.6667,6.6667,6.6667
direction,971,230.625,0,0,0,0,0,0,25.0,25.6372,1,0.1111,0.5556,1.0,1.4444,1.8889,2.3333,2.7778,3.2222
direction,972,230.625,0,0,0,0,0,0,140.0,140.0007,0,9.3333,9.3333,9.3333,9.3333,9.3333,9.3333,9.3333,9.3333
direction,973,230.625,0,0,0,0,0,0,50.0,50.4817,1,0.2222,1.1111,2.0,2.8889,3.7778,4.6667,5.5556,6.4444
direction,974,230.625,0,0,0,0,0,0,40.0,39.7825,0,2.6667,2.6667,2.6667,2.6667,2.6667,2.6667,2.6667,2.6667
direction,975,230.625,0,0,1,0,0,0,12.5,12.8429,2,0.0556,0.2778,0.5,0.7222,0.9444,1.1667,1.3889,1.6111
direction,976,230.625,0,0,0,0,0,0,80.0,80.3127,0,5.3333,5.3333,5.3333,5.3333,5.3333,5.3333,5.3333,5.3333
direction,977,230.625,0,0,0,0,0,0,37.5,37.0793,2,0.1667,0.8333,1.5,2.1667,2.8333,3.5,4.1667,4.8333
direction,978,230.625,0,0,0,0,0,0,120.0,120.1,0,8.0,8.0,8.0,8.0,8.0,8.0,8.0,8.0
direction,979,230.625,0,0,0,0,0,0,62.5,62.4273,1,0.2778,1.3889,2.5,3.6111,4.7222,5.8333,6.9444,8.0556
direction,980,230.625,0,0,0,0,0,0,20.0,19.1284,0,1.3333,1.3333,1.3333,1.3333,1.3333,1.3333,1.3333,1.3333
direction,981,230.625,0,0,0,0,0,0,25.0,24.8181,2,0.1111,0.5556,1.0,1.4444,1.8889,2.3333,2.7778,3.2222
direction,982,230.625,0,0,0,0,0,0,60.0,59.6956,0,4.0,4.0,4.0,4.0,4.0,4.0,4.0,4.0
direction,983,230.625,0,0,0,0,0,0,50.0,50.3747,1,0.2222,1.1111,2.0,2.8889,3.7778,4.6667,5.5556,6.4444
direction,984,230.625,0,1,0,0,0,2,100.0,86.7238,0,6.6667,6.6667,6.6667,6.6667,6.6667,6.6667,6.6667,6.6667
direction,985,230.625,0,0,1,0,0,0,12.5,12.7676,1,0.0556,0.2778,0.5,0.7222,0.9444,1.1667,1.3889,1.6111
direction,986,230.625,1,1,0,0,1,3,140.0,103.0541,0,9.3333,9.3333,9.3333,9.3333,9.3333,9.3333,9.3333,9.3333
direction,987,230.625,0,0,0,0,0,0,37.5,37.6905,1,0.1667,0.8333,1.5,2.1667,2.8333,3.5,4.1667,4.8333
direction,988,230.625,0,0,0,0,0,0,40.0,40.4813,0,2.6667,2.6667,2.6667,2.6667,2.6667,2.6667,2.6667,2.6667
direction,989,230.625,0,0,0,0,0,0,62.5,63.2021,0,0.2778,1.3889,2.5,3.6111,4.7222,5.8333,6.9444,8.0556
direction,990,230.625,0,0,0,0,0,0,80.0,80.1874,0,5.3333,5.3333,5.3333,5.3333,5.3333,5.3333,5.3333,5.3333
direction,991,230.625,0,0,0,1,0,0,25.0,24.8395,3,0.1111,0.5556,1.0,1.4444,1.8889,2.3333,2.7778,3.2222
direction,992,230.625,0,1,0,0,0,1,120.0,112.4137,0,8.0,8.0,8.0,8.0,8.0,8.0,8.0,8.0
direction,993,230.625,0,0,0,0,0,0,50.0,50.4236,1,0.2222,1.1111,2.0,2.8889,3.7778,4.6667,5.5556,6.4444
direction,994,236.25,0,0,0,0,0,0,20.0,20.2322,0,1.3333,1.3333,1.3333,1.3333,1.3333,1.3333,1.3333,1.3333
direction,995,236.25,0,0,1,1,0,0,12.5,12.1715,4,0.0556,0.2778,0.5,0.7222,0.9444,1.1667,1.3889,1.6111
direction,996,236.25,0,0,0,0,0,0,60.0,59.971,0,4.0,4.0,4.0,4.0,4.0,4.0,4.0,4.0
direction,997,236.25,0,0,0,0,0,0,37.5,36.9015,2,0.1667,0.8333,1.5,2.1667,2.8333,3.5,4.1667,4.8333
direction,998,236.25,0,0,0,0,0,0,100.0,100.0728,0,6.6667,6.6667,6.6667,6.6667,6.6667,6.6667,6.6667,6.6667
direction,999,236.25,0,0,0,0,0,0,62.5,62.0829,1,0.2778,1.3889,2.5,3.6111,4.7222,5.8333,6.9444,8.0556
direction,1000,236.25,0,0,0,0,0,0,140.0,140.6631,0,9.3333,9.3333,9.3333,9.3333,9.3333,9.3333,9.3333,9.3333
direction,1001,236.25,0,0,0,0,0,0,25.0,25.2912,0,0.1111,0.5556,1.0,1.4444,1.8889,2.3333,2.7778,3.2222
direction,1002,236.25,0,0,0,0,0,0,40.0,41.0041,0,2.6667,2.6667,2.6667,2.6667,2.6667,2.6667,2.6667,2.6667
direction,1003,236.25,0,0,0,0,0,0,50.0,49.7007,2,0.2222,1.1111,2.0,2.8889,3.7778,4.6667,5.5556,6.4444
direction,1004,236.25,0,0,0,0,0,0,80.0,80.157,0,5.3333,5.3333,5.3333,5.3333,5.3333,5.3333,5.3333,5.3333
direction,1005,236.25,0,0,1,0,0,0,12.5,12.1877,2,0.0556,0.2778,0.5,0.7222,0.9444,1.1667,1.3889,1.6111
direction,1006,236.25,0,1,0,0,0,2,120.0,104.6393,0,8.0,8.0,8.0,8.0,8.0,8.0,8.0,8.0
direction,1007,236.25,0,0,0,0,0,0,37.5,37.4848,1,0.1667,0.8333,1.5,2.1667,2.8333,3.5,4.1667,4.8333
direction,1008,236.25,0,0,0,0,0,0,20.0,20.3421,0,1.3333,1.3333,1.3333,1.3333,1.3333,1.3333,1.3333,1.3333
direction,1009,236.25,0,0,0,0,0,0,62.5,62.6971,1,0.2778,1.3889,2.5,3.6111,4.7222,5.8333,6.9444,8.0556
direction,1010,236.25,0,0,0,0,0,0,60.0,59.885,0,4.0,4.0,4.0,4.0,4.0,4.0,4.0,4.0
direction,1011,236.25,0,0,0,0,0,0,25.0,25.2967,2,0.1111,0.5556,1.0,1.4444,1.8889,2.3333,2.7778,3.2222
direction,1012,236.25,1,1,0,0,2,4,100.0,60.4123,0,6.6667,6.6667,6.6667,6.6667,6.6667,6.6667,6.6667,6.6667
direction,1013,236.25,0,0,0,0,0,0,50.0,50.4754,1,0.2222,1.1111,2.0,2.8889,3.7778,4.6667,5.5556,6.4444
direction,1014,236.25,1,1,0,0,1,3,140.0,102.9675,0,9.3333,9.3333,9.3333,9.3333,9.3333,9.3333,9.3333,9.3333
direction,1015,236.25,0,0,1,1,0,0,12.5,12.1363,3,0.0556,0.2778,0.5,0.7222,0.9444,1.1667,1.3889,1.6111
direction,1016,236.25,0,0,0,0,0,0,40.0,39.6176,0,2.6667,2.6667,2.6667,2.6667,2.6667,2.6667,2.6667,2.6667
direction,1017,241.875,0,0,0,0,0,0,37.5,37.6393,0,0.1667,0.8333,1.5,2.1667,2.8333,3.5,4.1667,4.8333
direction,1018,241.875,0,0,0,0,0,0,80.0,79.683,0,5.3333,5.3333,5.3333,5.3333,5.3333,5.3333,5.3333,5.3333
direction,1019,241.875,0,0,0,0,0,0,62.5,62.5946,1,0.2778,1.3889,2.5,3.6111,4.7222,5.8333,6.9444,8.0556
direction,1020,241.875,1,1,0,0,1,3,120.0,88.595,0,8.0,8.0,8.0,8.0,8.0,8.0,8.0,8.0
direction,1021,241.875,0,0,0,0,0,0,25.0,25.0835,1,0.1111,0.5556,1.0,1.4444,1.8889,2.3333,2.7778,3.2222
direction,1022,241.875,0,0,0,0,0,0,20.0,20.6237,0,1.3333,1.3333,1.3333,1.3333,1.3333,1.3333,1.3333,1.3333
direction,1023,241.875,0,0,0,0,0,0,50.0,50.145,1,0.2222,1.1111,2.0,2.8889,3.7778,4.6667,5.5556,6.4444
direction,1024,241.875,0,0,0,0,0,0,60.0,60.4992,0,4.0,4.0,4.0,4.0,4.0,4.0,4.0,4.0
direction,1025,241.875,0,0,1,0,0,0,12.5,12.5517,1,0.0556,0.2778,0.5,0.7222,0.9444,1.1667,1.3889,1.6111
direction,1026,241.875,0,0,0,0,0,0,100.0,100.2156,0,6.6667,6.6667,6.6667,6.6667,6.6667,6.6667,6.6667,6.6667
direction,1027,241.875,0,0,0,0,0,0,37.5,37.1124,2,0.1667,0.8333,1.5,2.1667,2.8333,3.5,4.1667,4.8333
direction,1028,241.875,1,1,0,0,6,3,140.0,55.4896,0,9.3333,9.3333,9.3333,9.3333,9.3333,9.3333,9.3333,9.3333
direction,1029,241.875,0,0,0,0,0,0,62.5,62.1847,1,0.2778,1.3889,2.5,3.6111,4.7222,5.8333,6.9444,8.0556
direction,1030,241.875,0,0,0,0,0,0,40.0,39.7712,0,2.6667,2.6667,2.6667,2.6667,2.6667,2.6667,2.6667,2.6667
direction,1031,241.875,0,0,0,0,0,0,25.0,25.0898,1,0.1111,0.5556,1.0,1.4444,1.8889,2.3333,2.7778,3.2222
direction,1032,241.875,0,0,0,0,0,0,80.0,79.696,0,5.3333,5.3333,5.3333,5.3333,5.3333,5.3333,5.3333,5.3333
direction,1033,241.875,0,0,0,0,0,0,50.0,50.1615,1,0.2222,1.1111,2.0,2.8889,3.7778,4.6667,5.5556,6.4444
direction,1034,241.875,0,1,0,0,0,2,120.0,103.3217,0,8.0,8.0,8.0,8.0,8.0,8.0,8.0,8.0
direction,1035,241.875,0,0,1,0,0,0,12.5,12.5057,2,0.0556,0.2778,0.5,0.7222,0.9444,1.1667,1.3889,1.6111
direction,1036,241.875,0,0,0,0,0,0,20.0,20.1631,0,1.3333,1.3333,1.3333,1.3333,1.3333,1.3333,1.3333,1.3333
direction,1037,241.875,0,0,0,0,0,0,37.5,37.1906,1,0.1667,0.8333,1.5,2.1667,2.8333,3.5,4.1667,4.8333
direction,1038,241.875,0,0,0,0,0,0,60.0,59.9179,0,4.0,4.0,4.0,4.0,4.0,4.0,4.0,4.0
direction,1039,241.875,0,0,0,0,0,0,62.5,62.7266,1,0.2778,1.3889,2.5,3.6111,4.7222,5.8333,6.9444,8.0556
direction,1040,247.5,0,1,0,0,0,3,100.0,79.8244,0,6.6667,6.6667,6.6667,6.6667,6.6667,6.6667,6.6667,6.6667
direction,1041,247.5,0,0,0,0,0,0,25.0,25.0067,2,0.1111,0.5556,1.0,1.4444,1.8889,2.3333,2.7778,3.2222
direction,1042,247.5,0,1,0,0,0,1,140.0,130.8984,0,9.3333,9.3333,9.3333,9.3333,9.3333,9.3333,9.3333,9.3333
direction,1043,247.5,0,0,0,0,0,0,50.0,50.6967,0,0.2222,1.1111,2.0,2.8889,3.7778,4.6667,5.5556,6.4444
direction,1044,247.5,0,0,0,0,0,0,40.0,40.0106,0,2.6667,2.6667,2.6667,2.6667,2.6667,2.6667,2.6667,2.6667
direction,1045,247.5,0,0,1,0,0,0,12.5,13.0503,1,0.0556,0.2778,0.5,0.7222,0.9444,1.1667,1.3889,1.6111
direction,1046,247.5,0,0,0,0,0,0,80.0,80.226,0,5.3333,5.3333,5.3333,5.3333,5.3333,5.3333,5.3333,5.3333
direction,1047,247.5,0,0,0,0,0,0,37.5,37.6999,1,0.1667,0.8333,1.5,2.1667,2.8333,3.5,4.1667,4.8333
direction,1048,247.5,1,1,0,0,3,2,120.0,80.2869,0,8.0,8.0,8.0,8.0,8.0,8.0,8.0,8.0
direction,1049,247.5,0,0,0,0,0,0,62.5,61.7903,1,0.2778,1.3889,2.5,3.6111,4.7222,5.8333,6.9444,8.0556
direction,1050,247.5,0,0,0,0,0,0,20.0,20.6097,0,1.3333,1.3333,1.3333,1.3333,1.3333,1.3333,1.3333,1.3333
direction,1051,247.5,0,0,0,0,0,0,25.0,26.0174,0,0.1111,0.5556,1.0,1.4444,1.8889,2.3333,2.7778,3.2222
direction,1052,247.5,0,0,0,0,0,0,60.0,59.615,0,4.0,4.0,4.0,4.0,4.0,4.0,4.0,4.0
direction,1053,247.5,0,0,0,0,0,0,50.0,49.7326,1,0.2222,1.1111,2.0,2.8889,3.7778,4.6667,5.5556,6.4444
direction,1054,247.5,0,0,0,0,0,0,100.0,100.4979,0,6.6667,6.6667,6.6667,6.6667,6.6667,6.6667,6.6667,6.6667
direction,1055,247.5,0,0,1,1,0,0,12.5,12.0422,3,0.0556,0.2778,0.5,0.7222,0.9444,1.1667,1.3889,1.6111
direction,1056,247.5,1,1,0,0,6,2,140.0,65.9273,0,9.3333,9.3333,9.3333,9.3333,9.3333,9.3333,9.3333,9.3333
direction,1057,247.5,0,0,0,0,0,0,37.5,38.1517,0,0.1667,0.8333,1.5,2.1667,2.8333,3.5,4.1667,4.8333
direction,1058,247.5,0,0,0,0,0,0,40.0,39.8635,0,2.6667,2.6667,2.6667,2.6667,2.6667,2.6667,2.6667,2.6667
direction,1059,247.5,0,0,0,0,0,0,62.5,62.7655,1,0.2778,1.3889,2.5,3.6111,4.7222,5.8333,6.9444,8.0556
direction,1060,247.5,0,0,0,0,0,0,80.0,80.2645,0,5.3333,5.3333,5.3333,5.3333,5.3333,5.3333,5.3333,5.3333
direction,1061,247.5,0,0,0,0,0,0,25.0,25.0757,1,0.1111,0.5556,1.0,1.4444,1.8889,2.3333,2.7778,3.2222
direction,1062,247.5,0,0,0,0,0,0,120.0,120.2061,0,8.0,8.0,8.0,8.0,8.0,8.0,8.0,8.0
direction,1063,253.125,0,0,0,0,0,0,50.0,50.2457,1,0.2222,1.1111,2.0,2.8889,3.7778,4.6667,5.5556,6.4444
direction,1064,253.125,0,0,0,0,0,0,20.0,19.9816,0,1.3333,1.3333,1.3333,1.3333,1.3333,1.3333,1.3333,1.3333
direction,1065,253.125,0,0,1,1,0,0,12.5,12.6806,4,0.0556,0.2778,0.5,0.7222,0.9444,1.1667,1.3889,1.6111
direction,1066,253.125,0,0,0,0,0,0,60.0,59.5197,0,4.0,4.0,4.0,4.0,4.0,4.0,4.0,4.0
direction,1067,253.125,0,0,0,0,0,0,37.5,37.6388,1,0.1667,0.8333,1.5,2.1667,2.8333,3.5,4.1667,4.8333
direction,1068,253.125,1,1,0,0,2,3,100.0,66.719,0,6.6667,6.6667,6.6667,6.6667,6.6667,6.6667,6.6667,6.6667
direction,1069,253.125,0,0,0,0,0,0,62.5,62.6399,1,0.2778,1.3889,2.5,3.6111,4.7222,5.8333,6.9444,8.0556
direction,1070,253.125,1,1,0,0,4,2,140.0,84.4935,0,9.3333,9.3333,9.3333,9.3333,9.3333,9.3333,9.3333,9.3333
direction,1071,253.125,0,0,0,0,0,0,25.0,25.2972,2,0.1111,0.5556,1.0,1.4444,1.8889,2.3333,2.7778,3.2222
direction,1072,253.125,0,0,0,0,0,0,40.0,39.8776,0,2.6667,2.6667,2.6667,2.6667,2.6667,2.6667,2.6667,2.6667
direction,1073,253.125,0,0,0,0,0,0,50.0,49.9851,0,0.2222,1.1111,2.0,2.8889,3.7778,4.6667,5.5556,6.4444
direction,1074,253.125,0,0,0,0,0,0,80.0,79.4245,0,5.3333,5.3333,5.3333,5.3333,5.3333,5.3333,5.3333,5.3333
direction,1075,253.125,0,0,1,1,0,0,12.5,12.6924,4,0.0556,0.2778,0.5,0.7222,0.9444,1.1667,1.3889,1.6111
direction,1076,253.125,1,1,0,0,1,2,120.0,95.2098,0,8.0,8.0,8.0,8.0,8.0,8.0,8.0,8.0
direction,1077,253.125,0,0,0,0,0,0,37.5,36.7013,2,0.1667,0.8333,1.5,2.1667,2.8333,3.5,4.1667,4.8333
direction,1078,253.125,0,0,0,0,0,0,20.0,19.9993,0,1.3333,1.3333,1.3333,1.3333,1.3333,1.3333,1.3333,1.3333
direction,1079,253.125,0,0,0,0,0,0,62.5,62.6113,1,0.2778,1.3889,2.5,3.6111,4.7222,5.8333,6.9444,8.0556
direction,1080,253.125,0,0,0,0,0,0,60.0,59.7365,0,4.0,4.0,4.0,4.0,4.0,4.0,4.0,4.0
direction,1081,253.125,0,0,0,0,0,0,25.0,24.959,2,0.1111,0.5556,1.0,1.4444,1.8889,2.3333,2.7778,3.2222
direction,1082,253.125,0,0,0,0,0,0,100.0,100.327,0,6.6667,6.6667,6.6667,6.6667,6.6667,6.6667,6.6667,6.6667
direction,1083,253.125,0,0,0,0,0,0,50.0,49.9974,1,0.2222,1.1111,2.0,2.8889,3.7778,4.6667,5.5556,6.4444
direction,1084,253.125,1,1,0,0,5,2,140.0,75.2861,0,9.3333,9.3333,9.3333,9.3333,9.3333,9.3333,9.3333,9.3333
direction,1085,253.125,0,0,1,1,0,0,12.5,11.7411,4,0.0556,0.2778,0.5,0.7222,0.9444,1.1667,1.3889,1.6111
direction,1086,258.75,0,0,0,0,0,0,40.0,39.8389,0,2.6667,2.6667,2.6667,2.6667,2.6667,2.6667,2.6667,2.6667
direction,1087,258.75,0,0,0,0,0,0,37.5,37.587,1,0.1667,0.8333,1.5,2.1667,2.8333,3.5,4.1667,4.8333
direction,1088,258.75,0,0,0,0,0,0,80.0,80.3406,0,5.3333,5.3333,5.3333,5.3333,5.3333,5.3333,5.3333,5.3333
direction,1089,258.75,0,0,0,0,0,0,62.5,63.1506,0,0.2778,1.3889,2.5,3.6111,4.7222,5.8333,6.9444,8.0556
direction,1090,258.75,1,1,0,0,2,3,120.0,80.4257,0,8.0,8.0,8.0,8.0,8.0,8.0,8.0,8.0
direction,1091,258.75,0,0,0,0,0,0,25.0,25.4373,2,0.1111,0.5556,1.0,1.4444,1.8889,2.3333,2.7778,3.2222
direction,1092,258.75,0,0,0,0,0,0,20.0,20.1954,0,1.3333,1.3333,1.3333,1.3333,1.3333,1.3333,1.3333,1.3333
direction,1093,258.75,0,0,0,0,0,0,50.0,49.9566,1,0.2222,1.1111,2.0,2.8889,3.7778,4.6667,5.5556,6.4444
direction,1094,258.75,0,0,0,0,0,0,60.0,60.2711,0,4.0,4.0,4.0,4.0,4.0,4.0,4.0,4.0
direction,1095,258.75,0,0,1,1,0,0,12.5,12.4402,3,0.0556,0.2778,0.5,0.7222,0.9444,1.1667,1.3889,1.6111
direction,1096,258.75,0,0,0,0,0,0,100.0,99.8429,0,6.6667,6.6667,6.6667,6.6667,6.6667,6.6667,6.6667,6.6667
direction,1097,258.75,0,0,0,0,0,0,37.5,36.6275,2,0.1667,0.8333,1.5,2.1667,2.8333,3.5,4.1667,4.8333
direction,1098,258.75,0,0,0,0,0,0,140.0,139.7123,0,9.3333,9.3333,9.3333,9.3333,9.3333,9.3333,9.3333,9.3333
direction,1099,258.75,0,0,0,0,0,0,62.5,62.4119,1,0.2778,1.3889,2.5,3.6111,4.7222,5.8333,6.9444,8.0556
direction,1100,258.75,0,0,0,0,0,0,40.0,39.8848,0,2.6667,2.6667,2.6667,2.6667,2.6667,2.6667,2.6667,2.6667
direction,1101,258.75,0,0,0,0,0,0,25.0,25.464,1,0.1111,0.5556,1.0,1.4444,1.8889,2.3333,2.7778,3.2222
direction,1102,258.75,0,0,0,0,0,0,80.0,80.5338,0,5.3333,5.3333,5.3333,5.3333,5.3333,5.3333,5.3333,5.3333
direction,1103,258.75,0,0,0,0,0,0,50.0,49.9614,1,0.2222,1.1111,2.0,2.8889,3.7778,4.6667,5.5556,6.4444
direction,1104,258.75,0,0,0,0,0,0,120.0,120.208,0,8.0,8.0,8.0,8.0,8.0,8.0,8.0,8.0
direction,1105,258.75,0,0,1,0,0,0,12.5,12.346,2,0.0556,0.2778,0.5,0.7222,0.9444,1.1667,1.3889,1.6111
direction,1106,258.75,0,0,0,0,0,0,20.0,20.4368,0,1.3333,1.3333,1.3333,1.3333,1.3333,1.3333,1.3333,1.3333
direction,1107,258.75,0,0,0,0,0,0,37.5,37.6829,1,0.1667,0.8333,1.5,2.1667,2.8333,3.5,4.1667,4.8333
direction,1108,258.75,0,0,0,0,0,0,60.0,59.2453,0,4.0,4.0,4.0,4.0,4.0,4.0,4.0,4.0
direction,1109,264.375,0,0,0,0,0,0,62.5,62.325,1,0.2778,1.3889,2.5,3.6111,4.7222,5.8333,6.9444,8.0556
direction,1110,264.375,1,1,0,0,3,3,100.0,60.3374,0,6.6667,6.6667,6.6667,6.6667,6.6667,6.6667,6.6667,6.6667
direction,1111,264.375,0,0,0,0,0,0,25.0,25.0867,1,0.1111,0.5556,1.0,1.4444,1.8889,2.3333,2.7778,3.2222
direction,1112,264.375,0,0,0,0,0,0,140.0,140.6208,0,9.3333,9.3333,9.3333,9.3333,9.3333,9.3333,9.3333,9.3333
direction,1113,264.375,0,0,0,0,0,0,50.0,50.2011,0,0.2222,1.1111,2.0,2.8889,3.7778,4.6667,5.5556,6.4444
direction,1114,264.375,0,0,0,0,0,0,40.0,40.2079,0,2.6667,2.6667,2.6667,2.6667,2.6667,2.6667,2.6667,2.6667
direction,1115,264.375,0,0,1,0,0,0,12.5,13.1084,2,0.0556,0.2778,0.5,0.7222,0.9444,1.1667,1.3889,1.6111
direction,1116,264.375,0,0,0,0,0,0,80.0,80.3746,0,5.3333,5.3333,5.3333,5.3333,5.3333,5.3333,5.3333,5.3333
direction,1117,264.375,0,0,0,0,0,0,37.5,37.2583,2,0.1667,0.8333,1.5,2.1667,2.8333,3.5,4.1667,4.8333
direction,1118,264.375,1,1,0,0,6,2,120.0,56.2107,0,8.0,8.0,8.0,8.0,8.0,8.0,8.0,8.0
direction,1119,264.375,0,0,0,0,0,0,62.5,62.3037,1,0.2778,1.3889,2.5,3.6111,4.7222,5.8333,6.9444,8.0556
direction,1120,264.375,0,0,0,0,0,0,20.0,20.0887,0,1.3333,1.3333,1.3333,1.3333,1.3333,1.3333,1.3333,1.3333
direction,1121,264.375,0,0,0,0,0,0,25.0,25.1276,1,0.1111,0.5556,1.0,1.4444,1.8889,2.3333,2.7778,3.2222
direction,1122,264.375,0,0,0,0,0,0,60.0,59.2305,0,4.0,4.0,4.0,4.0,4.0,4.0,4.0,4.0
direction,1123,264.375,0,0,0,0,0,0,50.0,50.2852,1,0.2222,1.1111,2.0,2.8889,3.7778,4.6667,5.5556,6.4444
direction,1124,264.375,0,0,0,0,0,0,100.0,100.5294,0,6.6667,6.6667,6.6667,6.6667,6.6667,6.6667,6.6667,6.6667
direction,1125,264.375,0,0,1,1,0,0,12.5,12.066,3,0.0556,0.2778,0.5,0.7222,0.9444,1.1667,1.3889,1.6111
direction,1126,264.375,1,1,0,0,1,3,140.0,102.6029,0,9.3333,9.3333,9.3333,9.3333,9.3333,9.3333,9.3333,9.3333
direction,1127,264.375,0,0,0,0,0,0,37.5,37.2481,1,0.1667,0.8333,1.5,2.1667,2.8333,3.5,4.1667,4.8333
direction,1128,264.375,0,0,0,0,0,0,40.0,39.2671,0,2.6667,2.6667,2.6667,2.6667,2.6667,2.6667,2.6667,2.6667
direction,1129,264.375,0,1,0,0,0,1,62.5,54.2241,1,0.2778,1.3889,2.5,3.6111,4.7222,5.8333,6.9444,8.0556
direction,1130,264.375,0,1,0,0,0,3,80.0,64.2628,0,5.3333,5.3333,5.3333,5.3333,5.3333,5.3333,5.3333,5.3333
direction,1131,264.375,0,0,0,0,0,0,25.0,25.0911,0,0.1111,0.5556,1.0,1.4444,1.8889,2.3333,2.7778,3.2222
direction,1132,270.0,0,1,0,0,0,2,120.0,104.0,0,8.0,8.0,8.0,8.0,8.0,8.0,8.0,8.0
direction,1133,270.0,0,0,0,0,0,0,50.0,50.0,1,0.2222,1.1111,2.0,2.8889,3.7778,4.6667,5.5556,6.4444
direction,1134,270.0,0,0,0,0,0,0,20.0,19.98,0,1.3333,1.3333,1.3333,1.3333,1.3333,1.3333,1.3333,1.3333
direction,1135,270.0,0,0,1,0,0,0,12.5,12.9888,1,0.0556,0.2778,0.5,0.7222,0.9444,1.1667,1.3889,1.6111
direction,1136,270.0,0,0,0,0,0,0,60.0,60.0,0,4.0,4.0,4.0,4.0,4.0,4.0,4.0,4.0
direction,1137,270.0,0,0,0,0,0,0,37.5,37.0314,2,0.1667,0.8333,1.5,2.1667,2.8333,3.5,4.1667,4.8333
direction,1138,270.0,0,0,0,0,0,0,100.0,99.9888,0,6.6667,6.6667,6.6667,6.6667,6.6667,6.6667,6.6667,6.6667
direction,1139,270.0,0,0,0,0,0,0,62.5,62.9543,1,0.2778,1.3889,2.5,3.6111,4.7222,5.8333,6.9444,8.0556
direction,1140,270.0,1,1,0,0,2,2,140.0,102.0,0,9.3333,9.3333,9.3333,9.3333,9.3333,9.3333,9.3333,9.3333
direction,1141,270.0,0,0,0,0,0,0,25.0,25.0599,2,0.1111,0.5556,1.0,1.4444,1.8889,2.3333,2.7778,3.2222
direction,1142,270.0,0,0,0,0,0,0,40.0,40.0,0,2.6667,2.6667,2.6667,2.6667,2.6667,2.6667,2.6667,2.6667
direction,1143,270.0,0,0,0,0,0,0,50.0,50.0,1,0.2222,1.1111,2.0,2.8889,3.7778,4.6667,5.5556,6.4444
direction,1144,270.0,0,0,0,0,0,0,80.0,80.0372,0,5.3333,5.3333,5.3333,5.3333,5.3333,5.3333,5.3333,5.3333
direction,1145,270.0,0,0,1,0,0,0,12.5,13.0285,1,0.0556,0.2778,0.5,0.7222,0.9444,1.1667,1.3889,1.6111
direction,1146,270.0,1,1,0,0,2,3,120.0,80.0,0,8.0,8.0,8.0,8.0,8.0,8.0,8.0,8.0
direction,1147,270.0,0,0,0,0,0,0,37.5,37.997,1,0.1667,0.8333,1.5,2.1667,2.8333,3.5,4.1667,4.8333
direction,1148,270.0,0,0,0,0,0,0,20.0,19.9716,0,1.3333,1.3333,1.3333,1.3333,1.3333,1.3333,1.3333,1.3333
direction,1149,270.0,0,1,0,0,0,2,62.5,47.0602,1,0.2778,1.3889,2.5,3.6111,4.7222,5.8333,6.9444,8.0556
direction,1150,270.0,0,0,0,0,0,0,60.0,60.0,0,4.0,4.0,4.0,4.0,4.0,4.0,4.0,4.0
direction,1151,270.0,0,0,0,0,0,0,25.0,24.9604,2,0.1111,0.5556,1.0,1.4444,1.8889,2.3333,2.7778,3.2222
direction,1152,270.0,1,1,0,0,1,3,100.0,73.0397,0,6.6667,6.6667,6.6667,6.6667,6.6667,6.6667,6.6667,6.6667
direction,1153,270.0,0,0,0,0,0,0,50.0,50.0568,2,0.2222,1.1111,2.0,2.8889,3.7778,4.6667,5.5556,6.4444
direction,1154,270.0,1,1,0,0,2,2,140.0,102.94,0,9.3333,9.3333,9.3333,9.3333,9.3333,9.3333,9.3333,9.3333
direction,1155,275.625,0,0,1,1,0,0,12.5,12.0033,4,0.0556,0.2778,0.5,0.7222,0.9444,1.1667,1.3889,1.6111
direction,1156,275.625,0,0,0,0,0,0,40.0,40.1678,0,2.6667,2.6667,2.6667,2.6667,2.6667,2.6667,2.6667,2.6667
direction,1157,275.625,0,0,0,0,0,0,37.5,38.1087,0,0.1667,0.8333,1.5,2.1667,2.8333,3.5,4.1667,4.8333
direction,1158,275.625,0,0,0,0,0,0,80.0,80.4263,0,5.3333,5.3333,5.3333,5.3333,5.3333,5.3333,5.3333,5.3333
direction,1159,275.625,0,0,0,0,0,0,62.5,63.3189,0,0.2778,1.3889,2.5,3.6111,4.7222,5.8333,6.9444,8.0556
direction,1160,275.625,1,1,0,0,5,3,120.0,56.224,0,8.0,8.0,8.0,8.0,8.0,8.0,8.0,8.0
direction,1161,275.625,0,0,0,0,0,0,25.0,25.0337,2,0.1111,0.5556,1.0,1.4444,1.8889,2.3333,2.7778,3.2222
direction,1162,275.625,0,0,0,0,0,0,20.0,20.0977,0,1.3333,1.3333,1.3333,1.3333,1.3333,1.3333,1.3333,1.3333
direction,1163,275.625,0,0,0,0,0,0,50.0,50.2695,0,0.2222,1.1111,2.0,2.8889,3.7778,4.6667,5.5556,6.4444
direction,1164,275.625,0,0,0,0,0,0,60.0,60.2993,0,4.0,4.0,4.0,4.0,4.0,4.0,4.0,4.0
direction,1165,275.625,0,0,1,0,0,0,12.5,13.1084,2,0.0556,0.2778,0.5,0.7222,0.9444,1.1667,1.3889,1.6111
direction,1166,275.625,0,0,0,0,0,0,100.0,99.5424,0,6.6667,6.6667,6.6667,6.6667,6.6667,6.6667,6.6667,6.6667
direction,1167,275.625,0,0,0,0,0,0,37.5,37.2481,1,0.1667,0.8333,1.5,2.1667,2.8333,3.5,4.1667,4.8333
direction,1168,275.625,1,1,0,0,7,3,140.0,47.2186,0,9.3333,9.3333,9.3333,9.3333,9.3333,9.3333,9.3333,9.3333
direction,1169,275.625,0,0,0,0,0,0,62.5,62.2896,1,0.2778,1.3889,2.5,3.6111,4.7222,5.8333,6.9444,8.0556
direction,1170,275.625,0,0,0,0,0,0,40.0,39.2353,0,2.6667,2.6667,2.6667,2.6667,2.6667,2.6667,2.6667,2.6667
direction,1171,275.625,0,0,0,0,0,0,25.0,25.039,1,0.1111,0.5556,1.0,1.4444,1.8889,2.3333,2.7778,3.2222
direction,1172,275.625,0,0,0,0,0,0,80.0,79.3499,0,5.3333,5.3333,5.3333,5.3333,5.3333,5.3333,5.3333,5.3333
direction,1173,275.625,0,0,0,0,0,0,50.0,50.2772,1,0.2222,1.1111,2.0,2.8889,3.7778,4.6667,5.5556,6.4444
direction,1174,275.625,1,1,0,0,4,3,120.0,64.2748,0,8.0,8.0,8.0,8.0,8.0,8.0,8.0,8.0
direction,1175,275.625,0,0,1,1,0,0,12.5,12.0444,3,0.0556,0.2778,0.5,0.7222,0.9444,1.1667,1.3889,1.6111
direction,1176,275.625,0,0,0,0,0,0,20.0,19.0546,0,1.3333,1.3333,1.3333,1.3333,1.3333,1.3333,1.3333,1.3333
direction,1177,275.625,0,0,0,0,0,0,37.5,37.1877,1,0.1667,0.8333,1.5,2.1667,2.8333,3.5,4.1667,4.8333
direction,1178,281.25,0,0,0,0,0,0,60.0,59.2453,0,4.0,4.0,4.0,4.0,4.0,4.0,4.0,4.0
direction,1179,281.25,0,0,0,0,0,0,62.5,63.3513,0,0.2778,1.3889,2.5,3.6111,4.7222,5.8333,6.9444,8.0556
direction,1180,281.25,0,0,0,0,0,0,100.0,100.0368,0,6.6667,6.6667,6.6667,6.6667,6.6667,6.6667,6.6667,6.6667
direction,1181,281.25,0,0,0,0,0,0,25.0,24.3189,2,0.1111,0.5556,1.0,1.4444,1.8889,2.3333,2.7778,3.2222
direction,1182,281.25,0,0,0,0,0,0,140.0,139.5998,0,9.3333,9.3333,9.3333,9.3333,9.3333,9.3333,9.3333,9.3333
direction,1183,281.25,0,0,0,0,0,0,50.0,50.069,1,0.2222,1.1111,2.0,2.8889,3.7778,4.6667,5.5556,6.4444
direction,1184,281.25,0,0,0,0,0,0,40.0,39.7823,0,2.6667,2.6667,2.6667,2.6667,2.6667,2.6667,2.6667,2.6667
direction,1185,281.25,0,0,1,1,0,0,12.5,12.4058,3,0.0556,0.2778,0.5,0.7222,0.9444,1.1667,1.3889,1.6111
direction,1186,281.25,0,0,0,0,0,0,80.0,80.6207,0,5.3333,5.3333,5.3333,5.3333,5.3333,5.3333,5.3333,5.3333
direction,1187,281.25,0,0,0,0,0,0,37.5,37.6168,0,0.1667,0.8333,1.5,2.1667,2.8333,3.5,4.1667,4.8333
direction,1188,281.25,0,0,0,0,0,0,120.0,120.2161,0,8.0,8.0,8.0,8.0,8.0,8.0,8.0,8.0
direction,1189,281.25,0,0,0,0,0,0,62.5,63.3511,0,0.2778,1.3889,2.5,3.6111,4.7222,5.8333,6.9444,8.0556
direction,1190,281.25,0,0,0,0,0,0,20.0,19.3758,0,1.3333,1.3333,1.3333,1.3333,1.3333,1.3333,1.3333,1.3333
direction,1191,281.25,0,0,0,0,0,0,25.0,25.4763,0,0.1111,0.5556,1.0,1.4444,1.8889,2.3333,2.7778,3.2222
direction,1192,281.25,0,0,0,0,0,0,60.0,60.0695,0,4.0,4.0,4.0,4.0,4.0,4.0,4.0,4.0
direction,1193,281.25,0,0,0,0,0,0,50.0,50.0653,1,0.2222,1.1111,2.0,2.8889,3.7778,4.6667,5.5556,6.4444
direction,1194,281.25,0,1,0,0,0,1,100.0,93.7911,0,6.6667,6.6667,6.6667,6.6667,6.6667,6.6667,6.6667,6.6667
direction,1195,281.25,0,0,1,1,0,0,12.5,12.1619,3,0.0556,0.2778,0.5,0.7222,0.9444,1.1667,1.3889,1.6111
direction,1196,281.25,1,1,0,0,4,2,140.0,84.5639,0,9.3333,9.3333,9.3333,9.3333,9.3333,9.3333,9.3333,9.3333
direction,1197,281.25,0,0,0,0,0,0,37.5,37.7,1,0.1667,0.8333,1.5,2.1667,2.8333,3.5,4.1667,4.8333
direction,1198,281.25,0,0,0,0,0,0,40.0,39.8913,0,2.6667,2.6667,2.6667,2.6667,2.6667,2.6667,2.6667,2.6667
direction,1199,281.25,0,0,0,0,0,0,62.5,62.3751,1,0.2778,1.3889,2.5,3.6111,4.7222,5.8333,6.9444,8.0556
direction,1200,281.25,0,0,0,0,0,0,80.0,80.6453,0,5.3333,5.3333,5.3333,5.3333,5.3333,5.3333,5.3333,5.3333
direction,1201,286.875,0,0,0,0,0,0,25.0,25.0387,1,0.1111,0.5556,1.0,1.4444,1.8889,2.3333,2.7778,3.2222
direction,1202,286.875,0,0,0,0,0,0,120.0,120.1998,0,8.0,8.0,8.0,8.0,8.0,8.0,8.0,8.0
direction,1203,286.875,0,0,0,0,0,0,50.0,49.9851,1,0.2222,1.1111,2.0,2.8889,3.7778,4.6667,5.5556,6.4444
direction,1204,286.875,0,0,0,0,0,0,20.0,19.9075,0,1.3333,1.3333,1.3333,1.3333,1.3333,1.3333,1.3333,1.3333
direction,1205,286.875,0,0,1,0,0,0,12.5,12.6267,2,0.0556,0.2778,0.5,0.7222,0.9444,1.1667,1.3889,1.6111
direction,1206,286.875,0,0,0,0,0,0,60.0,59.8345,0,4.0,4.0,4.0,4.0,4.0,4.0,4.0,4.0
direction,1207,286.875,0,0,0,0,0,0,37.5,36.7697,2,0.1667,0.8333,1.5,2.1667,2.8333,3.5,4.1667,4.8333
direction,1208,286.875,0,0,0,0,0,0,100.0,100.2939,0,6.6667,6.6667,6.6667,6.6667,6.6667,6.6667,6.6667,6.6667
direction,1209,286.875,0,0,0,0,0,0,62.5,62.597,0,0.2778,1.3889,2.5,3.6111,4.7222,5.8333,6.9444,8.0556
direction,1210,286.875,1,1,0,0,6,2,140.0,65.7657,0,9.3333,9.3333,9.3333,9.3333,9.3333,9.3333,9.3333,9.3333
direction,1211,286.875,0,0,0,0,0,0,25.0,24.9795,2,0.1111,0.5556,1.0,1.4444,1.8889,2.3333,2.7778,3.2222
direction,1212,286.875,0,0,0,0,0,0,40.0,40.6294,0,2.6667,2.6667,2.6667,2.6667,2.6667,2.6667,2.6667,2.6667
direction,1213,286.875,0,0,0,0,0,0,50.0,50.2541,1,0.2222,1.1111,2.0,2.8889,3.7778,4.6667,5.5556,6.4444
direction,1214,286.875,0,0,0,0,0,0,80.0,80.4586,0,5.3333,5.3333,5.3333,5.3333,5.3333,5.3333,5.3333,5.3333
direction,1215,286.875,0,0,1,1,0,0,12.5,12.6798,3,0.0556,0.2778,0.5,0.7222,0.9444,1.1667,1.3889,1.6111
direction,1216,286.875,0,0,0,0,0,0,120.0,119.2167,0,8.0,8.0,8.0,8.0,8.0,8.0,8.0,8.0
direction,1217,286.875,0,0,0,0,0,0,37.5,37.6907,0,0.1667,0.8333,1.5,2.1667,2.8333,3.5,4.1667,4.8333
direction,1218,286.875,0,0,0,0,0,0,20.0,19.8631,0,1.3333,1.3333,1.3333,1.3333,1.3333,1.3333,1.3333,1.3333
direction,1219,286.875,0,0,0,0,0,0,62.5,61.6934,1,0.2778,1.3889,2.5,3.6111,4.7222,5.8333,6.9444,8.0556
direction,1220,286.875,0,0,0,0,0,0,60.0,59.8151,0,4.0,4.0,4.0,4.0,4.0,4.0,4.0,4.0
direction,1221,286.875,0,0,0,1,0,0,25.0,23.9547,3,0.1111,0.5556,1.0,1.4444,1.8889,2.3333,2.7778,3.2222
direction,1222,286.875,0,0,0,0,0,0,100.0,99.4531,0,6.6667,6.6667,6.6667,6.6667,6.6667,6.6667,6.6667,6.6667
direction,1223,286.875,0,0,0,0,0,0,50.0,49.9811,1,0.2222,1.1111,2.0,2.8889,3.7778,4.6667,5.5556,6.4444
direction,1224,292.5,1,1,0,0,3,3,140.0,83.437,0,9.3333,9.3333,9.3333,9.3333,9.3333,9.3333,9.3333,9.3333
direction,1225,292.5,0,0,1,1,0,0,12.5,12.0637,3,0.0556,0.2778,0.5,0.7222,0.9444,1.1667,1.3889,1.6111
direction,1226,292.5,0,0,0,0,0,0,40.0,40.3841,0,2.6667,2.6667,2.6667,2.6667,2.6667,2.6667,2.6667,2.6667
direction,1227,292.5,0,0,0,0,0,0,37.5,36.8159,2,0.1667,0.8333,1.5,2.1667,2.8333,3.5,4.1667,4.8333
direction,1228,292.5,0,0,0,0,0,0,80.0,79.8311,0,5.3333,5.3333,5.3333,5.3333,5.3333,5.3333,5.3333,5.3333
direction,1229,292.5,0,0,0,0,0,0,62.5,61.8144,1,0.2778,1.3889,2.5,3.6111,4.7222,5.8333,6.9444,8.0556
direction,1230,292.5,1,1,0,0,5,3,120.0,55.1374,0,8.0,8.0,8.0,8.0,8.0,8.0,8.0,8.0
direction,1231,292.5,0,0,0,0,0,0,25.0,25.0492,1,0.1111,0.5556,1.0,1.4444,1.8889,2.3333,2.7778,3.2222
direction,1232,292.5,0,0,0,0,0,0,20.0,19.6758,0,1.3333,1.3333,1.3333,1.3333,1.3333,1.3333,1.3333,1.3333
direction,1233,292.5,0,0,0,0,0,0,50.0,49.7719,1,0.2222,1.1111,2.0,2.8889,3.7778,4.6667,5.5556,6.4444
direction,1234,292.5,0,0,0,0,0,0,60.0,60.1455,0,4.0,4.0,4.0,4.0,4.0,4.0,4.0,4.0
direction,1235,292.5,0,0,1,0,0,0,12.5,12.9706,2,0.0556,0.2778,0.5,0.7222,0.9444,1.1667,1.3889,1.6111
direction,1236,292.5,0,0,0,0,0,0,100.0,100.4574,0,6.6667,6.6667,6.6667,6.6667,6.6667,6.6667,6.6667,6.6667
direction,1237,292.5,0,0,0,0,0,0,37.5,37.1134,1,0.1667,0.8333,1.5,2.1667,2.8333,3.5,4.1667,4.8333
direction,1238,292.5,0,0,0,0,0,0,140.0,139.3561,0,9.3333,9.3333,9.3333,9.3333,9.3333,9.3333,9.3333,9.3333
direction,1239,292.5,0,0,0,0,0,0,62.5,61.5481,1,0.2778,1.3889,2.5,3.6111,4.7222,5.8333,6.9444,8.0556
direction,1240,292.5,0,0,0,0,0,0,40.0,39.9894,0,2.6667,2.6667,2.6667,2.6667,2.6667,2.6667,2.6667,2.6667
direction,1241,292.5,0,0,0,0,0,0,25.0,25.057,1,0.1111,0.5556,1.0,1.4444,1.8889,2.3333,2.7778,3.2222
direction,1242,292.5,0,0,0,0,0,0,80.0,80.2072,0,5.3333,5.3333,5.3333,5.3333,5.3333,5.3333,5.3333,5.3333
direction,1243,292.5,0,0,0,0,0,0,50.0,49.7558,1,0.2222,1.1111,2.0,2.8889,3.7778,4.6667,5.5556,6.4444
direction,1244,292.5,1,1,0,0,4,2,120.0,71.3096,0,8.0,8.0,8.0,8.0,8.0,8.0,8.0,8.0
direction,1245,292.5,0,0,1,1,0,0,12.5,11.7323,3,0.0556,0.2778,0.5,0.7222,0.9444,1.1667,1.3889,1.6111
direction,1246,292.5,0,0,0,0,0,0,20.0,20.2021,0,1.3333,1.3333,1.3333,1.3333,1.3333,1.3333,1.3333,1.3333
direction,1247,298.125,0,0,0,0,0,0,37.5,37.1092,1,0.1667,0.8333,1.5,2.1667,2.8333,3.5,4.1667,4.8333
direction,1248,298.125,0,0,0,0,0,0,60.0,59.892,0,4.0,4.0,4.0,4.0,4.0,4.0,4.0,4.0
direction,1249,298.125,0,0,0,0,0,0,62.5,62.0868,1,0.2778,1.3889,2.5,3.6111,4.7222,5.8333,6.9444,8.0556
direction,1250,298.125,0,1,0,0,0,2,100.0,87.2057,0,6.6667,6.6667,6.6667,6.6667,6.6667,6.6667,6.6667,6.6667
direction,1251,298.125,0,0,0,0,0,0,25.0,25.0574,1,0.1111,0.5556,1.0,1.4444,1.8889,2.3333,2.7778,3.2222
direction,1252,298.125,0,0,0,0,0,0,140.0,139.6441,0,9.3333,9.3333,9.3333,9.3333,9.3333,9.3333,9.3333,9.3333
direction,1253,298.125,0,0,0,0,0,0,50.0,50.0853,1,0.2222,1.1111,2.0,2.8889,3.7778,4.6667,5.5556,6.4444
direction,1254,298.125,0,0,0,0,0,0,40.0,39.7318,0,2.6667,2.6667,2.6667,2.6667,2.6667,2.6667,2.6667,2.6667
direction,1255,298.125,0,0,1,0,0,0,12.5,12.5493,2,0.0556,0.2778,0.5,0.7222,0.9444,1.1667,1.3889,1.6111
direction,1256,298.125,0,0,0,0,0,0,80.0,79.6736,0,5.3333,5.3333,5.3333,5.3333,5.3333,5.3333,5.3333,5.3333
direction,1257,298.125,0,0,0,0,0,0,37.5,37.6662,2,0.1667,0.8333,1.5,2.1667,2.8333,3.5,4.1667,4.8333
direction,1258,298.125,0,0,0,0,0,0,120.0,118.9506,0,8.0,8.0,8.0,8.0,8.0,8.0,8.0,8.0
direction,1259,298.125,0,0,0,0,0,0,62.5,62.6752,1,0.2778,1.3889,2.5,3.6111,4.7222,5.8333,6.9444,8.0556
direction,1260,298.125,0,0,0,0,0,0,20.0,20.0357,0,1.3333,1.3333,1.3333,1.3333,1.3333,1.3333,1.3333,1.3333
direction,1261,298.125,0,0,0,0,0,0,25.0,25.1085,1,0.1111,0.5556,1.0,1.4444,1.8889,2.3333,2.7778,3.2222
direction,1262,298.125,0,0,0,0,0,0,60.0,59.97,0,4.0,4.0,4.0,4.0,4.0,4.0,4.0,4.0
direction,1263,298.125,0,0,0,0,0,0,50.0,49.615,2,0.2222,1.1111,2.0,2.8889,3.7778,4.6667,5.5556,6.4444
direction,1264,298.125,0,1,0,0,0,4,100.0,73.895,0,6.6667,6.6667,6.6667,6.6667,6.6667,6.6667,6.6667,6.6667
direction,1265,298.125,0,0,1,0,0,0,12.5,12.5047,2,0.0556,0.2778,0.5,0.7222,0.9444,1.1667,1.3889,1.6111
direction,1266,298.125,0,1,0,0,0,2,140.0,121.1883,0,9.3333,9.3333,9.3333,9.3333,9.3333,9.3333,9.3333,9.3333
direction,1267,298.125,0,0,0,0,0,0,37.5,37.6636,2,0.1667,0.8333,1.5,2.1667,2.8333,3.5,4.1667,4.8333
direction,1268,298.125,0,0,0,0,0,0,40.0,39.7407,0,2.6667,2.6667,2.6667,2.6667,2.6667,2.6667,2.6667,2.6667
direction,1269,298.125,0,0,0,0,0,0,62.5,62.1647,1,0.2778,1.3889,2.5,3.6111,4.7222,5.8333,6.9444,8.0556
direction,1270,303.75,0,0,0,0,0,0,80.0,80.725,0,5.3333,5.3333,5.3333,5.3333,5.3333,5.3333,5.3333,5.3333
direction,1271,303.75,0,0,0,0,0,0,25.0,25.1825,1,0.1111,0.5556,1.0,1.4444,1.8889,2.3333,2.7778,3.2222
direction,1272,303.75,0,0,0,0,0,0,120.0,120.3282,0,8.0,8.0,8.0,8.0,8.0,8.0,8.0,8.0
direction,1273,303.75,0,0,0,0,0,0,50.0,50.4665,1,0.2222,1.1111,2.0,2.8889,3.7778,4.6667,5.5556,6.4444
direction,1274,303.75,0,0,0,0,0,0,20.0,20.3254,0,1.3333,1.3333,1.3333,1.3333,1.3333,1.3333,1.3333,1.3333
direction,1275,303.75,0,0,1,1,0,0,12.5,12.1345,3,0.0556,0.2778,0.5,0.7222,0.9444,1.1667,1.3889,1.6111
direction,1276,303.75,0,0,0,0,0,0,60.0,59.5587,0,4.0,4.0,4.0,4.0,4.0,4.0,4.0,4.0
direction,1277,303.75,0,0,0,0,0,0,37.5,37.4997,1,0.1667,0.8333,1.5,2.1667,2.8333,3.5,4.1667,4.8333
direction,1278,303.75,0,0,0,0,0,0,100.0,100.0948,0,6.6667,6.6667,6.6667,6.6667,6.6667,6.6667,6.6667,6.6667
direction,1279,303.75,0,0,0,0,0,0,62.5,62.6177,1,0.2778,1.3889,2.5,3.6111,4.7222,5.8333,6.9444,8.0556
direction,1280,303.75,1,1,0,0,2,2,140.0,102.2949,0,9.3333,9.3333,9.3333,9.3333,9.3333,9.3333,9.3333,9.3333
direction,1281,303.75,0,0,0,0,0,0,25.0,24.3963,2,0.1111,0.5556,1.0,1.4444,1.8889,2.3333,2.7778,3.2222
direction,1282,303.75,0,0,0,0,0,0,40.0,40.2445,0,2.6667,2.6667,2.6667,2.6667,2.6667,2.6667,2.6667,2.6667
direction,1283,303.75,0,0,0,0,0,0,50.0,49.6248,1,0.2222,1.1111,2.0,2.8889,3.7778,4.6667,5.5556,6.4444
direction,1284,303.75,0,0,0,0,0,0,80.0,79.3339,0,5.3333,5.3333,5.3333,5.3333,5.3333,5.3333,5.3333,5.3333
direction,1285,303.75,0,0,1,1,0,0,12.5,12.2333,3,0.0556,0.2778,0.5,0.7222,0.9444,1.1667,1.3889,1.6111
direction,1286,303.75,1,1,0,0,4,3,120.0,64.0244,0,8.0,8.0,8.0,8.0,8.0,8.0,8.0,8.0
direction,1287,303.75,0,0,0,0,0,0,37.5,36.9422,1,0.1667,0.8333,1.5,2.1667,2.8333,3.5,4.1667,4.8333
direction,1288,303.75,0,0,0,0,0,0,20.0,19.3218,0,1.3333,1.3333,1.3333,1.3333,1.3333,1.3333,1.3333,1.3333
direction,1289,303.75,0,0,0,0,0,0,62.5,62.1289,1,0.2778,1.3889,2.5,3.6111,4.7222,5.8333,6.9444,8.0556
direction,1290,303.75,0,0,0,0,0,0,60.0,59.196,0,4.0,4.0,4.0,4.0,4.0,4.0,4.0,4.0
direction,1291,303.75,0,0,0,1,0,0,25.0,24.3963,3,0.1111,0.5556,1.0,1.4444,1.8889,2.3333,2.7778,3.2222
direction,1292,303.75,0,0,0,0,0,0,100.0,100.9698,0,6.6667,6.6667,6.6667,6.6667,6.6667,6.6667,6.6667,6.6667
direction,1293,309.375,0,0,0,0,0,0,50.0,49.706,1,0.2222,1.1111,2.0,2.8889,3.7778,4.6667,5.5556,6.4444
direction,1294,309.375,1,1,0,0,2,3,140.0,93.1368,0,9.3333,9.3333,9.3333,9.3333,9.3333,9.3333,9.3333,9.3333
direction,1295,309.375,0,0,1,1,0,0,12.5,12.194,3,0.0556,0.2778,0.5,0.7222,0.9444,1.1667,1.3889,1.6111
direction,1296,309.375,0,0,0,0,0,0,40.0,39.9903,0,2.6667,2.6667,2.6667,2.6667,2.6667,2.6667,2.6667,2.6667
direction,1297,309.375,0,0,0,0,0,0,37.5,37.6216,2,0.1667,0.8333,1.5,2.1667,2.8333,3.5,4.1667,4.8333
direction,1298,309.375,0,0,0,0,0,0,80.0,80.2322,0,5.3333,5.3333,5.3333,5.3333,5.3333,5.3333,5.3333,5.3333
direction,1299,309.375,0,0,0,0,0,0,62.5,62.5116,1,0.2778,1.3889,2.5,3.6111,4.7222,5.8333,6.9444,8.0556
direction,1300,309.375,0,0,0,0,0,0,120.0,119.9217,0,8.0,8.0,8.0,8.0,8.0,8.0,8.0,8.0
direction,1301,309.375,0,0,0,0,0,0,25.0,25.6309,1,0.1111,0.5556,1.0,1.4444,1.8889,2.3333,2.7778,3.2222
direction,1302,309.375,0,0,0,0,0,0,20.0,20.0005,0,1.3333,1.3333,1.3333,1.3333,1.3333,1.3333,1.3333,1.3333
direction,1303,309.375,0,0,0,0,0,0,50.0,49.9021,0,0.2222,1.1111,2.0,2.8889,3.7778,4.6667,5.5556,6.4444
direction,1304,309.375,0,0,0,0,0,0,60.0,60.4942,0,4.0,4.0,4.0,4.0,4.0,4.0,4.0,4.0
direction,1305,309.375,0,0,1,1,0,0,12.5,12.8163,3,0.0556,0.2778,0.5,0.7222,0.9444,1.1667,1.3889,1.6111
direction,1306,309.375,0,1,0,0,0,4,100.0,73.9279,0,6.6667,6.6667,6.6667,6.6667,6.6667,6.6667,6.6667,6.6667
direction,1307,309.375,0,0,0,0,0,0,37.5,37.674,0,0.1667,0.8333,1.5,2.1667,2.8333,3.5,4.1667,4.8333
direction,1308,309.375,0,0,0,0,0,0,140.0,139.9235,0,9.3333,9.3333,9.3333,9.3333,9.3333,9.3333,9.3333,9.3333
direction,1309,309.375,0,0,0,0,0,0,62.5,62.4829,1,0.2778,1.3889,2.5,3.6111,4.7222,5.8333,6.9444,8.0556
direction,1310,309.375,0,0,0,0,0,0,40.0,39.9215,0,2.6667,2.6667,2.6667,2.6667,2.6667,2.6667,2.6667,2.6667
direction,1311,309.375,0,0,0,0,0,0,25.0,24.8162,2,0.1111,0.5556,1.0,1.4444,1.8889,2.3333,2.7778,3.2222
direction,1312,309.375,0,0,0,0,0,0,80.0,80.2479,0,5.3333,5.3333,5.3333,5.3333,5.3333,5.3333,5.3333,5.3333
direction,1313,309.375,0,0,0,0,0,0,50.0,49.6852,0,0.2222,1.1111,2.0,2.8889,3.7778,4.6667,5.5556,6.4444
direction,1314,309.375,0,0,0,0,0,0,120.0,120.1185,0,8.0,8.0,8.0,8.0,8.0,8.0,8.0,8.0
direction,1315,309.375,0,0,1,1,0,0,12.5,12.1622,3,0.0556,0.2778,0.5,0.7222,0.9444,1.1667,1.3889,1.6111
direction,1316,315.0,0,0,0,0,0,0,20.0,19.781,0,1.3333,1.3333,1.3333,1.3333,1.3333,1.3333,1.3333,1.3333
direction,1317,315.0,0,0,0,0,0,0,37.5,36.7514,2,0.1667,0.8333,1.5,2.1667,2.8333,3.5,4.1667,4.8333
direction,1318,315.0,0,0,0,0,0,0,60.0,59.3605,0,4.0,4.0,4.0,4.0,4.0,4.0,4.0,4.0
direction,1319,315.0,0,0,0,0,0,0,62.5,62.2111,1,0.2778,1.3889,2.5,3.6111,4.7222,5.8333,6.9444,8.0556
direction,1320,315.0,0,0,0,0,0,0,100.0,100.522,0,6.6667,6.6667,6.6667,6.6667,6.6667,6.6667,6.6667,6.6667
direction,1321,315.0,0,0,0,0,0,0,25.0,25.4884,2,0.1111,0.5556,1.0,1.4444,1.8889,2.3333,2.7778,3.2222
direction,1322,315.0,0,1,0,0,0,1,140.0,130.7558,0,9.3333,9.3333,9.3333,9.3333,9.3333,9.3333,9.3333,9.3333
direction,1323,315.0,0,0,0,0,0,0,50.0,50.1949,1,0.2222,1.1111,2.0,2.8889,3.7778,4.6667,5.5556,6.4444
direction,1324,315.0,0,0,0,0,0,0,40.0,39.6404,0,2.6667,2.6667,2.6667,2.6667,2.6667,2.6667,2.6667,2.6667
direction,1325,315.0,0,0,1,1,0,0,12.5,12.6432,3,0.0556,0.2778,0.5,0.7222,0.9444,1.1667,1.3889,1.6111
direction,1326,315.0,0,0,0,0,0,0,80.0,79.8493,0,5.3333,5.3333,5.3333,5.3333,5.3333,5.3333,5.3333,5.3333
direction,1327,315.0,0,0,0,0,0,0,37.5,36.7414,2,0.1667,0.8333,1.5,2.1667,2.8333,3.5,4.1667,4.8333
direction,1328,315.0,0,0,0,0,0,0,120.0,120.1941,0,8.0,8.0,8.0,8.0,8.0,8.0,8.0,8.0
direction,1329,315.0,0,0,0,0,0,0,62.5,62.2435,1,0.2778,1.3889,2.5,3.6111,4.7222,5.8333,6.9444,8.0556
direction,1330,315.0,0,0,0,0,0,0,20.0,20.4618,0,1.3333,1.3333,1.3333,1.3333,1.3333,1.3333,1.3333,1.3333
direction,1331,315.0,0,0,0,0,0,0,25.0,24.6751,1,0.1111,0.5556,1.0,1.4444,1.8889,2.3333,2.7778,3.2222
direction,1332,315.0,0,0,0,0,0,0,60.0,60.1657,0,4.0,4.0,4.0,4.0,4.0,4.0,4.0,4.0
direction,1333,315.0,0,0,0,0,0,0,50.0,50.2404,0,0.2222,1.1111,2.0,2.8889,3.7778,4.6667,5.5556,6.4444
direction,1334,315.0,0,0,0,0,0,0,100.0,100.4273,0,6.6667,6.6667,6.6667,6.6667,6.6667,6.6667,6.6667,6.6667
direction,1335,315.0,0,0,1,1,0,0,12.5,12.1074,3,0.0556,0.2778,0.5,0.7222,0.9444,1.1667,1.3889,1.6111
direction,1336,315.0,0,0,0,0,0,0,140.0,140.0353,0,9.3333,9.3333,9.3333,9.3333,9.3333,9.3333,9.3333,9.3333
direction,1337,315.0,0,0,0,0,0,0,37.5,37.4797,1,0.1667,0.8333,1.5,2.1667,2.8333,3.5,4.1667,4.8333
direction,1338,315.0,0,0,0,0,0,0,40.0,40.9781,0,2.6667,2.6667,2.6667,2.6667,2.6667,2.6667,2.6667,2.6667
direction,1339,320.625,0,0,0,0,0,0,62.5,62.4916,1,0.2778,1.3889,2.5,3.6111,4.7222,5.8333,6.9444,8.0556
direction,1340,320.625,0,0,0,0,0,0,80.0,80.3254,0,5.3333,5.3333,5.3333,5.3333,5.3333,5.3333,5.3333,5.3333
direction,1341,320.625,0,0,0,0,0,0,25.0,25.6418,1,0.1111,0.5556,1.0,1.4444,1.8889,2.3333,2.7778,3.2222
direction,1342,320.625,0,0,0,0,0,0,120.0,120.1657,0,8.0,8.0,8.0,8.0,8.0,8.0,8.0,8.0
direction,1343,320.625,0,0,0,0,0,0,50.0,50.3916,1,0.2222,1.1111,2.0,2.8889,3.7778,4.6667,5.5556,6.4444
direction,1344,320.625,0,0,0,0,0,0,20.0,20.5852,0,1.3333,1.3333,1.3333,1.3333,1.3333,1.3333,1.3333,1.3333
direction,1345,320.625,0,0,1,0,0,0,12.5,12.8943,1,0.0556,0.2778,0.5,0.7222,0.9444,1.1667,1.3889,1.6111
direction,1346,320.625,0,0,0,0,0,0,60.0,60.5317,0,4.0,4.0,4.0,4.0,4.0,4.0,4.0,4.0
direction,1347,320.625,0,0,0,0,0,0,37.5,37.0748,0,0.1667,0.8333,1.5,2.1667,2.8333,3.5,4.1667,4.8333
direction,1348,320.625,0,0,0,0,0,0,100.0,100.0798,0,6.6667,6.6667,6.6667,6.6667,6.6667,6.6667,6.6667,6.6667
direction,1349,320.625,0,0,0,0,0,0,62.5,62.54,1,0.2778,1.3889,2.5,3.6111,4.7222,5.8333,6.9444,8.0556
direction,1350,320.625,1,1,0,0,5,3,140.0,65.5421,0,9.3333,9.3333,9.3333,9.3333,9.3333,9.3333,9.3333,9.3333
direction,1351,320.625,0,0,0,0,0,0,25.0,24.8922,2,0.1111,0.5556,1.0,1.4444,1.8889,2.3333,2.7778,3.2222
direction,1352,320.625,0,0,0,0,0,0,40.0,39.7545,0,2.6667,2.6667,2.6667,2.6667,2.6667,2.6667,2.6667,2.6667
direction,1353,320.625,0,0,0,0,0,0,50.0,50.4916,0,0.2222,1.1111,2.0,2.8889,3.7778,4.6667,5.5556,6.4444
direction,1354,320.625,0,0,0,0,0,0,80.0,80.2894,0,5.3333,5.3333,5.3333,5.3333,5.3333,5.3333,5.3333,5.3333
direction,1355,320.625,0,0,1,1,0,0,12.5,12.0926,4,0.0556,0.2778,0.5,0.7222,0.9444,1.1667,1.3889,1.6111
direction,1356,320.625,1,1,0,0,3,3,120.0,71.6134,0,8.0,8.0,8.0,8.0,8.0,8.0,8.0,8.0
direction,1357,320.625,0,0,0,0,0,0,37.5,37.6802,1,0.1667,0.8333,1.5,2.1667,2.8333,3.5,4.1667,4.8333
direction,1358,320.625,0,0,0,0,0,0,20.0,20.6213,0,1.3333,1.3333,1.3333,1.3333,1.3333,1.3333,1.3333,1.3333
direction,1359,320.625,0,0,0,0,0,0,62.5,62.6752,0,0.2778,1.3889,2.5,3.6111,4.7222,5.8333,6.9444,8.0556
direction,1360,320.625,0,0,0,0,0,0,60.0,59.6235,0,4.0,4.0,4.0,4.0,4.0,4.0,4.0,4.0
direction,1361,320.625,0,0,0,0,0,0,25.0,24.8868,2,0.1111,0.5556,1.0,1.4444,1.8889,2.3333,2.7778,3.2222
direction,1362,326.25,0,0,0,0,0,0,100.0,100.2196,0,6.6667,6.6667,6.6667,6.6667,6.6667,6.6667,6.6667,6.6667
direction,1363,326.25,0,0,0,0,0,0,50.0,49.5544,1,0.2222,1.1111,2.0,2.8889,3.7778,4.6667,5.5556,6.4444
direction,1364,326.25,0,0,0,0,0,0,140.0,139.8013,0,9.3333,9.3333,9.3333,9.3333,9.3333,9.3333,9.3333,9.3333
direction,1365,326.25,0,0,1,1,0,0,12.5,12.2449,3,0.0556,0.2778,0.5,0.7222,0.9444,1.1667,1.3889,1.6111
direction,1366,326.25,0,0,0,0,0,0,40.0,39.5773,0,2.6667,2.6667,2.6667,2.6667,2.6667,2.6667,2.6667,2.6667
direction,1367,326.25,0,0,0,0,0,0,37.5,37.5432,1,0.1667,0.8333,1.5,2.1667,2.8333,3.5,4.1667,4.8333
direction,1368,326.25,0,0,0,0,0,0,80.0,79.3713,0,5.3333,5.3333,5.3333,5.3333,5.3333,5.3333,5.3333,5.3333
direction,1369,326.25,0,0,0,0,0,0,62.5,62.2103,1,0.2778,1.3889,2.5,3.6111,4.7222,5.8333,6.9444,8.0556
direction,1370,326.25,0,0,0,0,0,0,120.0,120.3685,0,8.0,8.0,8.0,8.0,8.0,8.0,8.0,8.0
direction,1371,326.25,0,0,0,1,0,0,25.0,24.4583,3,0.1111,0.5556,1.0,1.4444,1.8889,2.3333,2.7778,3.2222
direction,1372,326.25,0,0,0,0,0,0,20.0,19.4321,0,1.3333,1.3333,1.3333,1.3333,1.3333,1.3333,1.3333,1.3333
direction,1373,326.25,0,0,0,0,0,0,50.0,49.9153,0,0.2222,1.1111,2.0,2.8889,3.7778,4.6667,5.5556,6.4444
direction,1374,326.25,0,0,0,0,0,0,60.0,59.0435,0,4.0,4.0,4.0,4.0,4.0,4.0,4.0,4.0
direction,1375,326.25,0,0,1,1,0,0,12.5,12.2478,3,0.0556,0.2778,0.5,0.7222,0.9444,1.1667,1.3889,1.6111
direction,1376,326.25,0,0,0,0,0,0,100.0,100.057,0,6.6667,6.6667,6.6667,6.6667,6.6667,6.6667,6.6667,6.6667
direction,1377,326.25,0,0,0,0,0,0,37.5,38.2616,0,0.1667,0.8333,1.5,2.1667,2.8333,3.5,4.1667,4.8333
direction,1378,326.25,0,1,0,0,0,3,140.0,111.8862,0,9.3333,9.3333,9.3333,9.3333,9.3333,9.3333,9.3333,9.3333
direction,1379,326.25,0,0,0,0,0,0,62.5,62.1245,1,0.2778,1.3889,2.5,3.6111,4.7222,5.8333,6.9444,8.0556
direction,1380,326.25,0,0,0,0,0,0,40.0,39.598,0,2.6667,2.6667,2.6667,2.6667,2.6667,2.6667,2.6667,2.6667
direction,1381,326.25,0,0,0,0,0,0,25.0,25.1906,0,0.1111,0.5556,1.0,1.4444,1.8889,2.3333,2.7778,3.2222
direction,1382,326.25,0,0,0,0,0,0,80.0,79.3681,0,5.3333,5.3333,5.3333,5.3333,5.3333,5.3333,5.3333,5.3333
direction,1383,326.25,0,0,0,0,0,0,50.0,49.9444,0,0.2222,1.1111,2.0,2.8889,3.7778,4.6667,5.5556,6.4444
direction,1384,326.25,0,0,0,0,0,0,120.0,120.3414,0,8.0,8.0,8.0,8.0,8.0,8.0,8.0,8.0
direction,1385,331.875,0,0,1,1,0,0,12.5,12.4932,4,0.0556,0.2778,0.5,0.7222,0.9444,1.1667,1.3889,1.6111
direction,1386,331.875,0,0,0,0,0,0,20.0,19.1908,0,1.3333,1.3333,1.3333,1.3333,1.3333,1.3333,1.3333,1.3333
direction,1387,331.875,0,0,0,0,0,0,37.5,37.5211,1,0.1667,0.8333,1.5,2.1667,2.8333,3.5,4.1667,4.8333
direction,1388,331.875,0,0,0,0,0,0,60.0,59.9154,0,4.0,4.0,4.0,4.0,4.0,4.0,4.0,4.0
direction,1389,331.875,0,0,0,0,0,0,62.5,62.7291,1,0.2778,1.3889,2.5,3.6111,4.7222,5.8333,6.9444,8.0556
direction,1390,331.875,1,1,0,0,1,4,100.0,67.2205,0,6.6667,6.6667,6.6667,6.6667,6.6667,6.6667,6.6667,6.6667
direction,1391,331.875,0,0,0,0,0,0,25.0,24.6085,1,0.1111,0.5556,1.0,1.4444,1.8889,2.3333,2.7778,3.2222
direction,1392,331.875,0,0,0,0,0,0,140.0,140.5197,0,9.3333,9.3333,9.3333,9.3333,9.3333,9.3333,9.3333,9.3333
direction,1393,331.875,0,0,0,0,0,0,50.0,50.1391,2,0.2222,1.1111,2.0,2.8889,3.7778,4.6667,5.5556,6.4444
direction,1394,331.875,0,0,0,0,0,0,40.0,39.916,0,2.6667,2.6667,2.6667,2.6667,2.6667,2.6667,2.6667,2.6667
direction,1395,331.875,0,0,1,1,0,0,12.5,12.6606,4,0.0556,0.2778,0.5,0.7222,0.9444,1.1667,1.3889,1.6111
direction,1396,331.875,0,0,0,0,0,0,80.0,80.5998,0,5.3333,5.3333,5.3333,5.3333,5.3333,5.3333,5.3333,5.3333
direction,1397,331.875,0,0,0,0,0,0,37.5,37.6327,1,0.1667,0.8333,1.5,2.1667,2.8333,3.5,4.1667,4.8333
direction,1398,331.875,1,1,0,0,2,3,120.0,80.0175,0,8.0,8.0,8.0,8.0,8.0,8.0,8.0,8.0
direction,1399,331.875,0,0,0,0,0,0,62.5,62.2617,1,0.2778,1.3889,2.5,3.6111,4.7222,5.8333,6.9444,8.0556
direction,1400,331.875,0,0,0,0,0,0,20.0,20.6207,0,1.3333,1.3333,1.3333,1.3333,1.3333,1.3333,1.3333,1.3333
direction,1401,331.875,0,0,0,0,0,0,25.0,25.0589,1,0.1111,0.5556,1.0,1.4444,1.8889,2.3333,2.7778,3.2222
direction,1402,331.875,0,0,0,0,0,0,60.0,60.0137,0,4.0,4.0,4.0,4.0,4.0,4.0,4.0,4.0
direction,1403,331.875,0,0,0,0,0,0,50.0,50.1503,0,0.2222,1.1111,2.0,2.8889,3.7778,4.6667,5.5556,6.4444
direction,1404,331.875,1,1,0,0,1,4,100.0,66.6149,0,6.6667,6.6667,6.6667,6.6667,6.6667,6.6667,6.6667,6.6667
direction,1405,331.875,0,0,1,1,0,0,12.5,12.5944,3,0.0556,0.2778,0.5,0.7222,0.9444,1.1667,1.3889,1.6111
direction,1406,331.875,0,1,0,0,0,1,140.0,131.499,0,9.3333,9.3333,9.3333,9.3333,9.3333,9.3333,9.3333,9.3333
direction,1407,331.875,0,0,0,0,0,0,37.5,37.1679,1,0.1667,0.8333,1.5,2.1667,2.8333,3.5,4.1667,4.8333
direction,1408,337.5,0,0,0,0,0,0,40.0,39.9754,0,2.6667,2.6667,2.6667,2.6667,2.6667,2.6667,2.6667,2.6667
direction,1409,337.5,0,0,0,0,0,0,62.5,62.7248,0,0.2778,1.3889,2.5,3.6111,4.7222,5.8333,6.9444,8.0556
direction,1410,337.5,0,1,0,0,0,3,80.0,63.5676,0,5.3333,5.3333,5.3333,5.3333,5.3333,5.3333,5.3333,5.3333
direction,1411,337.5,0,0,0,0,0,0,25.0,24.751,2,0.1111,0.5556,1.0,1.4444,1.8889,2.3333,2.7778,3.2222
direction,1412,337.5,0,0,0,0,0,0,120.0,120.2269,0,8.0,8.0,8.0,8.0,8.0,8.0,8.0,8.0
direction,1413,337.5,0,0,0,0,0,0,50.0,49.765,1,0.2222,1.1111,2.0,2.8889,3.7778,4.6667,5.5556,6.4444
direction,1414,337.5,0,0,0,0,0,0,20.0,20.5486,0,1.3333,1.3333,1.3333,1.3333,1.3333,1.3333,1.3333,1.3333
direction,1415,337.5,0,0,1,1,0,0,12.5,12.6201,3,0.0556,0.2778,0.5,0.7222,0.9444,1.1667,1.3889,1.6111
direction,1416,337.5,0,1,0,0,0,1,60.0,56.058,0,4.0,4.0,4.0,4.0,4.0,4.0,4.0,4.0
direction,1417,337.5,0,0,0,0,0,0,37.5,38.176,1,0.1667,0.8333,1.5,2.1667,2.8333,3.5,4.1667,4.8333
direction,1418,337.5,0,0,0,0,0,0,100.0,99.549,0,6.6667,6.6667,6.6667,6.6667,6.6667,6.6667,6.6667,6.6667
direction,1419,337.5,0,0,0,0,0,0,62.5,62.7689,1,0.2778,1.3889,2.5,3.6111,4.7222,5.8333,6.9444,8.0556
direction,1420,337.5,1,1,0,0,3,3,140.0,84.2801,0,9.3333,9.3333,9.3333,9.3333,9.3333,9.3333,9.3333,9.3333
direction,1421,337.5,0,0,0,0,0,0,25.0,25.1442,2,0.1111,0.5556,1.0,1.4444,1.8889,2.3333,2.7778,3.2222
direction,1422,337.5,0,0,0,0,0,0,40.0,40.0288,0,2.6667,2.6667,2.6667,2.6667,2.6667,2.6667,2.6667,2.6667
direction,1423,337.5,0,0,0,0,0,0,50.0,49.7988,1,0.2222,1.1111,2.0,2.8889,3.7778,4.6667,5.5556,6.4444
direction,1424,337.5,0,0,0,0,0,0,80.0,80.2798,0,5.3333,5.3333,5.3333,5.3333,5.3333,5.3333,5.3333,5.3333
direction,1425,337.5,0,0,1,1,0,0,12.5,13.0403,3,0.0556,0.2778,0.5,0.7222,0.9444,1.1667,1.3889,1.6111
direction,1426,337.5,0,0,0,0,0,0,120.0,120.0867,0,8.0,8.0,8.0,8.0,8.0,8.0,8.0,8.0
direction,1427,337.5,0,0,0,0,0,0,37.5,38.1108,0,0.1667,0.8333,1.5,2.1667,2.8333,3.5,4.1667,4.8333
direction,1428,337.5,0,0,0,0,0,0,20.0,20.1504,0,1.3333,1.3333,1.3333,1.3333,1.3333,1.3333,1.3333,1.3333
direction,1429,337.5,0,0,0,0,0,0,62.5,61.9191,1,0.2778,1.3889,2.5,3.6111,4.7222,5.8333,6.9444,8.0556
direction,1430,337.5,0,0,0,0,0,0,60.0,60.4503,0,4.0,4.0,4.0,4.0,4.0,4.0,4.0,4.0
direction,1431,343.125,0,0,0,0,0,0,25.0,25.0548,1,0.1111,0.5556,1.0,1.4444,1.8889,2.3333,2.7778,3.2222
direction,1432,343.125,1,1,0,0,2,4,100.0,59.3499,0,6.6667,6.6667,6.6667,6.6667,6.6667,6.6667,6.6667,6.6667
direction,1433,343.125,0,0,0,0,0,0,50.0,49.9727,0,0.2222,1.1111,2.0,2.8889,3.7778,4.6667,5.5556,6.4444
direction,1434,343.125,0,0,0,0,0,0,140.0,140.1027,0,9.3333,9.3333,9.3333,9.3333,9.3333,9.3333,9.3333,9.3333
direction,1435,343.125,0,0,1,0,0,0,12.5,12.2994,1,0.0556,0.2778,0.5,0.7222,0.9444,1.1667,1.3889,1.6111
direction,1436,343.125,0,0,0,0,0,0,40.0,39.5393,0,2.6667,2.6667,2.6667,2.6667,2.6667,2.6667,2.6667,2.6667
direction,1437,343.125,0,0,0,0,0,0,37.5,37.6733,1,0.1667,0.8333,1.5,2.1667,2.8333,3.5,4.1667,4.8333
direction,1438,343.125,0,0,0,0,0,0,80.0,80.4726,0,5.3333,5.3333,5.3333,5.3333,5.3333,5.3333,5.3333,5.3333
direction,1439,343.125,0,0,0,0,0,0,62.5,61.7636,1,0.2778,1.3889,2.5,3.6111,4.7222,5.8333,6.9444,8.0556
direction,1440,343.125,0,0,0,0,0,0,120.0,120.2994,0,8.0,8.0,8.0,8.0,8.0,8.0,8.0,8.0
direction,1441,343.125,0,0,0,0,0,0,25.0,25.0329,2,0.1111,0.5556,1.0,1.4444,1.8889,2.3333,2.7778,3.2222
direction,1442,343.125,0,0,0,0,0,0,20.0,19.5677,0,1.3333,1.3333,1.3333,1.3333,1.3333,1.3333,1.3333,1.3333
direction,1443,343.125,0,0,0,0,0,0,50.0,49.1349,2,0.2222,1.1111,2.0,2.8889,3.7778,4.6667,5.5556,6.4444
direction,1444,343.125,0,0,0,0,0,0,60.0,59.3917,0,4.0,4.0,4.0,4.0,4.0,4.0,4.0,4.0
direction,1445,343.125,0,0,1,1,0,0,12.5,12.6198,3,0.0556,0.2778,0.5,0.7222,0.9444,1.1667,1.3889,1.6111
direction,1446,343.125,1,1,0,0,1,4,100.0,67.0818,0,6.6667,6.6667,6.6667,6.6667,6.6667,6.6667,6.6667,6.6667
direction,1447,343.125,0,0,0,0,0,0,37.5,36.602,2,0.1667,0.8333,1.5,2.1667,2.8333,3.5,4.1667,4.8333
direction,1448,343.125,0,0,0,0,0,0,140.0,140.1088,0,9.3333,9.3333,9.3333,9.3333,9.3333,9.3333,9.3333,9.3333
direction,1449,343.125,0,0,0,0,0,0,62.5,62.5989,0,0.2778,1.3889,2.5,3.6111,4.7222,5.8333,6.9444,8.0556
direction,1450,343.125,0,0,0,0,0,0,40.0,39.8713,0,2.6667,2.6667,2.6667,2.6667,2.6667,2.6667,2.6667,2.6667
direction,1451,343.125,0,0,0,0,0,0,25.0,25.0626,1,0.1111,0.5556,1.0,1.4444,1.8889,2.3333,2.7778,3.2222
direction,1452,343.125,0,1,0,0,0,1,80.0,74.4375,0,5.3333,5.3333,5.3333,5.3333,5.3333,5.3333,5.3333,5.3333
direction,1453,343.125,0,0,0,0,0,0,50.0,50.2526,0,0.2222,1.1111,2.0,2.8889,3.7778,4.6667,5.5556,6.4444
direction,1454,348.75,1,1,0,0,2,2,120.0,87.7045,0,8.0,8.0,8.0,8.0,8.0,8.0,8.0,8.0
direction,1455,348.75,0,0,1,1,0,0,12.5,12.2116,3,0.0556,0.2778,0.5,0.7222,0.9444,1.1667,1.3889,1.6111
direction,1456,348.75,0,0,0,0,0,0,20.0,20.4527,0,1.3333,1.3333,1.3333,1.3333,1.3333,1.3333,1.3333,1.3333
direction,1457,348.75,0,0,0,0,0,0,37.5,37.7598,1,0.1667,0.8333,1.5,2.1667,2.8333,3.5,4.1667,4.8333
direction,1458,348.75,0,0,0,0,0,0,60.0,60.1302,0,4.0,4.0,4.0,4.0,4.0,4.0,4.0,4.0
direction,1459,348.75,0,0,0,0,0,0,62.5,62.094,1,0.2778,1.3889,2.5,3.6111,4.7222,5.8333,6.9444,8.0556
direction,1460,348.75,0,0,0,0,0,0,100.0,99.8395,0,6.6667,6.6667,6.6667,6.6667,6.6667,6.6667,6.6667,6.6667
direction,1461,348.75,0,0,0,0,0,0,25.0,25.3969,0,0.1111,0.5556,1.0,1.4444,1.8889,2.3333,2.7778,3.2222
direction,1462,348.75,0,0,0,0,0,0,140.0,140.5804,0,9.3333,9.3333,9.3333,9.3333,9.3333,9.3333,9.3333,9.3333
direction,1463,348.75,0,0,0,0,0,0,50.0,49.8756,1,0.2222,1.1111,2.0,2.8889,3.7778,4.6667,5.5556,6.4444
direction,1464,348.75,0,0,0,0,0,0,40.0,39.5639,0,2.6667,2.6667,2.6667,2.6667,2.6667,2.6667,2.6667,2.6667
direction,1465,348.75,0,0,1,1,0,0,12.5,12.0898,3,0.0556,0.2778,0.5,0.7222,0.9444,1.1667,1.3889,1.6111
direction,1466,348.75,0,1,0,0,0,2,80.0,69.1881,0,5.3333,5.3333,5.3333,5.3333,5.3333,5.3333,5.3333,5.3333
direction,1467,348.75,0,0,0,0,0,0,37.5,37.7938,0,0.1667,0.8333,1.5,2.1667,2.8333,3.5,4.1667,4.8333
direction,1468,348.75,1,1,0,0,4,2,120.0,71.3863,0,8.0,8.0,8.0,8.0,8.0,8.0,8.0,8.0
direction,1469,348.75,0,0,0,0,0,0,62.5,63.1425,0,0.2778,1.3889,2.5,3.6111,4.7222,5.8333,6.9444,8.0556
direction,1470,348.75,0,0,0,0,0,0,20.0,19.4989,0,1.3333,1.3333,1.3333,1.3333,1.3333,1.3333,1.3333,1.3333
direction,1471,348.75,0,0,0,0,0,0,25.0,25.6037,1,0.1111,0.5556,1.0,1.4444,1.8889,2.3333,2.7778,3.2222
direction,1472,348.75,0,0,0,0,0,0,60.0,60.2577,0,4.0,4.0,4.0,4.0,4.0,4.0,4.0,4.0
direction,1473,348.75,0,0,0,0,0,0,50.0,50.0971,0,0.2222,1.1111,2.0,2.8889,3.7778,4.6667,5.5556,6.4444
direction,1474,348.75,0,1,0,0,0,1,100.0,93.9159,0,6.6667,6.6667,6.6667,6.6667,6.6667,6.6667,6.6667,6.6667
direction,1475,348.75,0,0,1,0,0,0,12.5,12.2383,2,0.0556,0.2778,0.5,0.7222,0.9444,1.1667,1.3889,1.6111
direction,1476,348.75,1,1,0,0,4,3,140.0,74.2561,0,9.3333,9.3333,9.3333,9.3333,9.3333,9.3333,9.3333,9.3333
direction,1477,354.375,0,0,0,0,0,0,37.5,37.0311,1,0.1667,0.8333,1.5,2.1667,2.8333,3.5,4.1667,4.8333
direction,1478,354.375,0,0,0,0,0,0,40.0,40.2289,0,2.6667,2.6667,2.6667,2.6667,2.6667,2.6667,2.6667,2.6667
direction,1479,354.375,0,0,0,0,0,0,62.5,62.3441,0,0.2778,1.3889,2.5,3.6111,4.7222,5.8333,6.9444,8.0556
direction,1480,354.375,0,1,0,0,0,2,80.0,69.3101,0,5.3333,5.3333,5.3333,5.3333,5.3333,5.3333,5.3333,5.3333
direction,1481,354.375,0,0,0,0,0,0,25.0,25.1319,1,0.1111,0.5556,1.0,1.4444,1.8889,2.3333,2.7778,3.2222
direction,1482,354.375,1,1,0,0,2,2,120.0,87.3909,0,8.0,8.0,8.0,8.0,8.0,8.0,8.0,8.0
direction,1483,354.375,0,0,0,0,0,0,50.0,50.2014,1,0.2222,1.1111,2.0,2.8889,3.7778,4.6667,5.5556,6.4444
direction,1484,354.375,0,0,0,0,0,0,20.0,20.0535,0,1.3333,1.3333,1.3333,1.3333,1.3333,1.3333,1.3333,1.3333
direction,1485,354.375,0,0,1,1,0,0,12.5,12.1096,3,0.0556,0.2778,0.5,0.7222,0.9444,1.1667,1.3889,1.6111
direction,1486,354.375,0,0,0,0,0,0,60.0,60.2628,0,4.0,4.0,4.0,4.0,4.0,4.0,4.0,4.0
direction,1487,354.375,0,0,0,0,0,0,37.5,38.1754,0,0.1667,0.8333,1.5,2.1667,2.8333,3.5,4.1667,4.8333
direction,1488,354.375,0,0,0,0,0,0,100.0,100.4019,0,6.6667,6.6667,6.6667,6.6667,6.6667,6.6667,6.6667,6.6667
direction,1489,354.375,0,0,0,0,0,0,62.5,62.314,1,0.2778,1.3889,2.5,3.6111,4.7222,5.8333,6.9444,8.0556
direction,1490,354.375,0,0,0,0,0,0,140.0,140.7277,0,9.3333,9.3333,9.3333,9.3333,9.3333,9.3333,9.3333,9.3333
direction,1491,354.375,0,0,0,0,0,0,25.0,25.0086,1,0.1111,0.5556,1.0,1.4444,1.8889,2.3333,2.7778,3.2222
direction,1492,354.375,0,0,0,0,0,0,40.0,39.1572,0,2.6667,2.6667,2.6667,2.6667,2.6667,2.6667,2.6667,2.6667
direction,1493,354.375,0,0,0,0,0,0,50.0,50.2845,1,0.2222,1.1111,2.0,2.8889,3.7778,4.6667,5.5556,6.4444
direction,1494,354.375,0,0,0,0,0,0,80.0,79.3241,0,5.3333,5.3333,5.3333,5.3333,5.3333,5.3333,5.3333,5.3333
direction,1495,354.375,0,0,1,1,0,0,12.5,12.1031,3,0.0556,0.2778,0.5,0.7222,0.9444,1.1667,1.3889,1.6111
direction,1496,354.375,0,1,0,0,0,3,120.0,96.5466,0,8.0,8.0,8.0,8.0,8.0,8.0,8.0,8.0
direction,1497,354.375,0,0,0,0,0,0,37.5,37.2014,2,0.1667,0.8333,1.5,2.1667,2.8333,3.5,4.1667,4.8333
direction,1498,354.375,0,0,0,0,0,0,20.0,19.191,0,1.3333,1.3333,1.3333,1.3333,1.3333,1.3333,1.3333,1.3333
direction,1499,354.375,0,0,0,0,0,0,62.5,62.3553,0,0.2778,1.3889,2.5,3.6111,4.7222,5.8333,6.9444,8.0556
speed,0,0.25,0,0,1,0,0,0,5.0,4.926,0,0.3333,0.3333,0.3333,0.3333,0.3333,0.3333,0.3333,0.3333
speed,1,0.25,0,0,1,0,0,0,5.0,4.9555,1,0.3333,0.3333,0.3333,0.3333,0.3333,0.3333,0.3333,0.3333
speed,2,0.25,0,0,1,0,0,0,5.0,5.0697,1,0.3333,0.3333,0.3333,0.3333,0.3333,0.3333,0.3333,0.3333
speed,3,0.25,0,0,1,0,0,0,5.0,5.0446,2,0.3333,0.3333,0.3333,0.3333,0.3333,0.3333,0.3333,0.3333
speed,4,0.25,0,0,1,0,0,0,5.0,4.4977,2,0.3333,0.3333,0.3333,0.3333,0.3333,0.3333,0.3333,0.3333
speed,5,0.25,0,0,1,0,0,0,5.0,5.0749,0,0.3333,0.3333,0.3333,0.3333,0.3333,0.3333,0.3333,0.3333
speed,6,0.25,0,0,1,0,0,0,5.0,5.0211,0,0.3333,0.3333,0.3333,0.3333,0.3333,0.3333,0.3333,0.3333
speed,7,0.25,0,0,1,0,0,0,5.0,5.0146,0,0.3333,0.3333,0.3333,0.3333,0.3333,0.3333,0.3333,0.3333
speed,8,0.25,0,0,1,0,0,0,5.0,5.6712,0,0.3333,0.3333,0.3333,0.3333,0.3333,0.3333,0.3333,0.3333
speed,9,0.25,0,0,1,0,0,0,5.0,5.0613,2,0.3333,0.3333,0.3333,0.3333,0.3333,0.3333,0.3333,0.3333
speed,10,0.25,0,0,1,0,0,0,5.0,5.0679,0,0.3333,0.3333,0.3333,0.3333,0.3333,0.3333,0.3333,0.3333
speed,11,0.25,0,0,1,0,0,0,5.0,4.9563,1,0.3333,0.3333,0.3333,0.3333,0.3333,0.3333,0.3333,0.3333
speed,12,0.25,0,0,1,1,0,0,5.0,4.0793,3,0.3333,0.3333,0.3333,0.3333,0.3333,0.3333,0.3333,0.3333
speed,13,0.25,0,0,1,0,0,0,5.0,5.1191,1,0.3333,0.3333,0.3333,0.3333,0.3333,0.3333,0.3333,0.3333
speed,14,0.25,0,0,1,0,0,0,5.0,4.4416,2,0.3333,0.3333,0.3333,0.3333,0.3333,0.3333,0.3333,0.3333
speed,15,0.25,0,0,1,0,0,0,5.0,4.5058,1,0.3333,0.3333,0.3333,0.3333,0.3333,0.3333,0.3333,0.3333
speed,16,0.25,0,0,1,0,0,0,5.0,4.9486,0,0.3333,0.3333,0.3333,0.3333,0.3333,0.3333,0.3333,0.3333
speed,17,0.25,0,0,1,0,0,0,5.0,4.4531,2,0.3333,0.3333,0.3333,0.3333,0.3333,0.3333,0.3333,0.3333
speed,18,0.25,0,0,1,0,0,0,5.0,4.945,1,0.3333,0.3333,0.3333,0.3333,0.3333,0.3333,0.3333,0.3333
speed,19,0.25,0,0,1,0,0,0,5.0,5.0567,0,0.3333,0.3333,0.3333,0.3333,0.3333,0.3333,0.3333,0.3333
speed,20,0.25,0,0,1,0,0,0,5.0,4.5411,0,0.3333,0.3333,0.3333,0.3333,0.3333,0.3333,0.3333,0.3333
speed,21,0.25,0,0,1,0,0,0,5.0,4.3125,1,0.3333,0.3333,0.3333,0.3333,0.3333,0.3333,0.3333,0.3333
speed,22,0.25,0,0,1,0,0,0,5.0,5.1461,1,0.3333,0.3333,0.3333,0.3333,0.3333,0.3333,0.3333,0.3333
speed,23,0.25,0,0,1,0,0,0,5.0,4.1045,2,0.3333,0.3333,0.3333,0.3333,0.3333,0.3333,0.3333,0.3333
speed,24,0.30952380952380953,0,0,1,0,0,0,6.1905,6.0746,0,0.4127,0.4127,0.4127,0.4127,0.4127,0.4127,0.4127,0.4127
speed,25,0.30952380952380953,0,0,1,0,0,0,6.1905,6.6485,0,0.4127,0.4127,0.4127,0.4127,0.4127,0.4127,0.4127,0.4127
speed,26,0.30952380952380953,0,0,1,0,0,0,6.1905,5.6186,0,0.4127,0.4127,0.4127,0.4127,0.4127,0.4127,0.4127,0.4127
speed,27,0.30952380952380953,0,0,1,0,0,0,6.1905,7.1258,0,0.4127,0.4127,0.4127,0.4127,0.4127,0.4127,0.4127,0.4127
speed,28,0.30952380952380953,0,0,1,0,0,0,6.1905,6.2695,0,0.4127,0.4127,0.4127,0.4127,0.4127,0.4127,0.4127,0.4127
speed,29,0.30952380952380953,0,0,1,0,0,0,6.1905,5.6287,2,0.4127,0.4127,0.4127,0.4127,0.4127,0.4127,0.4127,0.4127
speed,30,0.30952380952380953,0,0,1,0,0,0,6.1905,6.1338,0,0.4127,0.4127,0.4127,0.4127,0.4127,0.4127,0.4127,0.4127
speed,31,0.30952380952380953,0,0,1,0,0,0,6.1905,6.9711,0,0.4127,0.4127,0.4127,0.4127,0.4127,0.4127,0.4127,0.4127
speed,32,0.30952380952380953,0,0,1,0,0,0,6.1905,5.7385,0,0.4127,0.4127,0.4127,0.4127,0.4127,0.4127,0.4127,0.4127
speed,33,0.30952380952380953,0,0,1,0,0,0,6.1905,6.3119,0,0.4127,0.4127,0.4127,0.4127,0.4127,0.4127,0.4127,0.4127
speed,34,0.30952380952380953,0,0,1,0,0,0,6.1905,5.9718,2,0.4127,0.4127,0.4127,0.4127,0.4127,0.4127,0.4127,0.4127
speed,35,0.30952380952380953,0,0,1,0,0,0,6.1905,5.887,0,0.4127,0.4127,0.4127,0.4127,0.4127,0.4127,0.4127,0.4127
speed,36,0.30952380952380953,0,0,1,0,0,0,6.1905,5.7989,2,0.4127,0.4127,0.4127,0.4127,0.4127,0.4127,0.4127,0.4127
speed,37,0.30952380952380953,0,0,1,0,0,0,6.1905,7.0829,0,0.4127,0.4127,0.4127,0.4127,0.4127,0.4127,0.4127,0.4127
speed,38,0.30952380952380953,0,0,1,0,0,0,6.1905,6.7687,1,0.4127,0.4127,0.4127,0.4127,0.4127,0.4127,0.4127,0.4127
speed,39,0.30952380952380953,0,0,1,0,0,0,6.1905,7.1558,0,0.4127,0.4127,0.4127,0.4127,0.4127,0.4127,0.4127,0.4127
speed,40,0.30952380952380953,0,0,1,0,0,0,6.1905,6.04,0,0.4127,0.4127,0.4127,0.4127,0.4127,0.4127,0.4127,0.4127
speed,41,0.30952380952380953,0,0,1,0,0,0,6.1905,6.3274,1,0.4127,0.4127,0.4127,0.4127,0.4127,0.4127,0.4127,0.4127
speed,42,0.30952380952380953,0,0,1,0,0,0,6.1905,6.4252,1,0.4127,0.4127,0.4127,0.4127,0.4127,0.4127,0.4127,0.4127
speed,43,0.30952380952380953,0,0,1,0,0,0,6.1905,6.2947,1,0.4127,0.4127,0.4127,0.4127,0.4127,0.4127,0.4127,0.4127
speed,44,0.30952380952380953,0,0,1,0,0,0,6.1905,6.3632,1,0.4127,0.4127,0.4127,0.4127,0.4127,0.4127,0.4127,0.4127
speed,45,0.30952380952380953,0,0,1,0,0,0,6.1905,6.3653,0,0.4127,0.4127,0.4127,0.4127,0.4127,0.4127,0.4127,0.4127
speed,46,0.30952380952380953,0,0,1,0,0,0,6.1905,6.2734,0,0.4127,0.4127,0.4127,0.4127,0.4127,0.4127,0.4127,0.4127
speed,47,0.30952380952380953,0,0,1,0,0,0,6.1905,6.0782,1,0.4127,0.4127,0.4127,0.4127,0.4127,0.4127,0.4127,0.4127
speed,48,0.36904761904761907,0,0,1,0,0,0,7.381,7.9882,0,0.4921,0.4921,0.4921,0.4921,0.4921,0.4921,0.4921,0.4921
speed,49,0.36904761904761907,0,0,1,0,0,0,7.381,7.3195,0,0.4921,0.4921,0.4921,0.4921,0.4921,0.4921,0.4921,0.4921
speed,50,0.36904761904761907,0,0,1,0,0,0,7.381,7.0167,1,0.4921,0.4921,0.4921,0.4921,0.4921,0.4921,0.4921,0.4921
speed,51,0.36904761904761907,0,0,1,0,0,0,7.381,7.1762,1,0.4921,0.4921,0.4921,0.4921,0.4921,0.4921,0.4921,0.4921
speed,52,0.36904761904761907,0,0,1,0,0,0,7.381,8.068,0,0.4921,0.4921,0.4921,0.4921,0.4921,0.4921,0.4921,0.4921
speed,53,0.36904761904761907,0,0,1,0,0,0,7.381,7.8464,1,0.4921,0.4921,0.4921,0.4921,0.4921,0.4921,0.4921,0.4921
speed,54,0.36904761904761907,0,0,1,0,0,0,7.381,7.5287,0,0.4921,0.4921,0.4921,0.4921,0.4921,0.4921,0.4921,0.4921
speed,55,0.36904761904761907,0,0,1,0,0,0,7.381,8.0274,0,0.4921,0.4921,0.4921,0.4921,0.4921,0.4921,0.4921,0.4921
speed,56,0.36904761904761907,0,0,1,0,0,0,7.381,8.0122,0,0.4921,0.4921,0.4921,0.4921,0.4921,0.4921,0.4921,0.4921
speed,57,0.36904761904761907,0,0,1,0,0,0,7.381,7.9299,0,0.4921,0.4921,0.4921,0.4921,0.4921,0.4921,0.4921,0.4921
speed,58,0.36904761904761907,0,0,1,0,0,0,7.381,7.0629,1,0.4921,0.4921,0.4921,0.4921,0.4921,0.4921,0.4921,0.4921
speed,59,0.36904761904761907,0,0,1,0,0,0,7.381,7.2723,1,0.4921,0.4921,0.4921,0.4921,0.4921,0.4921,0.4921,0.4921
speed,60,0.36904761904761907,0,0,1,0,0,0,7.381,7.1635,0,0.4921,0.4921,0.4921,0.4921,0.4921,0.4921,0.4921,0.4921
speed,61,0.36904761904761907,0,0,1,0,0,0,7.381,6.9811,1,0.4921,0.4921,0.4921,0.4921,0.4921,0.4921,0.4921,0.4921
speed,62,0.36904761904761907,0,0,1,0,0,0,7.381,6.7679,1,0.4921,0.4921,0.4921,0.4921,0.4921,0.4921,0.4921,0.4921
speed,63,0.36904761904761907,0,0,1,0,0,0,7.381,7.7722,1,0.4921,0.4921,0.4921,0.4921,0.4921,0.4921,0.4921,0.4921
speed,64,0.36904761904761907,0,0,1,0,0,0,7.381,7.0969,0,0.4921,0.4921,0.4921,0.4921,0.4921,0.4921,0.4921,0.4921
speed,65,0.36904761904761907,0,0,1,0,0,0,7.381,7.3822,1,0.4921,0.4921,0.4921,0.4921,0.4921,0.4921,0.4921,0.4921
speed,66,0.36904761904761907,0,0,1,0,0,0,7.381,6.9579,2,0.4921,0.4921,0.4921,0.4921,0.4921,0.4921,0.4921,0.4921
speed,67,0.36904761904761907,0,0,1,0,0,0,7.381,7.5746,0,0.4921,0.4921,0.4921,0.4921,0.4921,0.4921,0.4921,0.4921
speed,68,0.36904761904761907,0,0,1,0,0,0,7.381,7.0313,1,0.4921,0.4921,0.4921,0.4921,0.4921,0.4921,0.4921,0.4921
speed,69,0.36904761904761907,0,0,1,0,0,0,7.381,7.1756,0,0.4921,0.4921,0.4921,0.4921,0.4921,0.4921,0.4921,0.4921
speed,70,0.36904761904761907,0,0,1,0,0,0,7.381,7.7063,0,0.4921,0.4921,0.4921,0.4921,0.4921,0.4921,0.4921,0.4921
speed,71,0.36904761904761907,0,0,1,0,0,0,7.381,8.0686,0,0.4921,0.4921,0.4921,0.4921,0.4921,0.4921,0.4921,0.4921
speed,72,0.42857142857142855,0,0,1,0,0,0,8.5714,8.2438,1,0.5714,0.5714,0.5714,0.5714,0.5714,0.5714,0.5714,0.5714
speed,73,0.42857142857142855,0,0,1,0,0,0,8.5714,8.0243,1,0.5714,0.5714,0.5714,0.5714,0.5714,0.5714,0.5714,0.5714
speed,74,0.42857142857142855,0,0,1,0,0,0,8.5714,8.4309,0,0.5714,0.5714,0.5714,0.5714,0.5714,0.5714,0.5714,0.5714
speed,75,0.42857142857142855,0,0,1,0,0,0,8.5714,8.9471,0,0.5714,0.5714,0.5714,0.5714,0.5714,0.5714,0.5714,0.5714
speed,76,0.42857142857142855,0,0,1,0,0,0,8.5714,8.0279,1,0.5714,0.5714,0.5714,0.5714,0.5714,0.5714,0.5714,0.5714
speed,77,0.42857142857142855,0,0,1,0,0,0,8.5714,8.6542,0,0.5714,0.5714,0.5714,0.5714,0.5714,0.5714,0.5714,0.5714
speed,78,0.42857142857142855,0,0,1,0,0,0,8.5714,8.0833,1,0.5714,0.5714,0.5714,0.5714,0.5714,0.5714,0.5714,0.5714
speed,79,0.42857142857142855,0,0,1,0,0,0,8.5714,9.0798,0,0.5714,0.5714,0.5714,0.5714,0.5714,0.5714,0.5714,0.5714
speed,80,0.42857142857142855,0,0,1,0,0,0,8.5714,8.9674,0,0.5714,0.5714,0.5714,0.5714,0.5714,0.5714,0.5714,0.5714
speed,81,0.42857142857142855,0,0,1,0,0,0,8.5714,8.6965,0,0.5714,0.5714,0.5714,0.5714,0.5714,0.5714,0.5714,0.5714
speed,82,0.42857142857142855,0,0,1,0,0,0,8.5714,8.0549,1,0.5714,0.5714,0.5714,0.5714,0.5714,0.5714,0.5714,0.5714
speed,83,0.42857142857142855,0,0,1,0,0,0,8.5714,8.5471,1,0.5714,0.5714,0.5714,0.5714,0.5714,0.5714,0.5714,0.5714
speed,84,0.42857142857142855,0,0,1,0,0,0,8.5714,8.4554,1,0.5714,0.5714,0.5714,0.5714,0.5714,0.5714,0.5714,0.5714
speed,85,0.42857142857142855,0,0,1,0,0,0,8.5714,8.9612,0,0.5714,0.5714,0.5714,0.5714,0.5714,0.5714,0.5714,0.5714
speed,86,0.42857142857142855,0,0,1,0,0,0,8.5714,8.2504,1,0.5714,0.5714,0.5714,0.5714,0.5714,0.5714,0.5714,0.5714
speed,87,0.42857142857142855,0,0,1,0,0,0,8.5714,8.5257,0,0.5714,0.5714,0.5714,0.5714,0.5714,0.5714,0.5714,0.5714
speed,88,0.42857142857142855,0,0,1,0,0,0,8.5714,9.392,0,0.5714,0.5714,0.5714,0.5714,0.5714,0.5714,0.5714,0.5714
speed,89,0.42857142857142855,0,0,1,0,0,0,8.5714,8.9972,0,0.5714,0.5714,0.5714,0.5714,0.5714,0.5714,0.5714,0.5714
speed,90,0.42857142857142855,0,0,1,0,0,0,8.5714,9.2154,0,0.5714,0.5714,0.5714,0.5714,0.5714,0.5714,0.5714,0.5714
speed,91,0.42857142857142855,0,0,1,0,0,0,8.5714,8.5717,1,0.5714,0.5714,0.5714,0.5714,0.5714,0.5714,0.5714,0.5714
speed,92,0.42857142857142855,0,0,1,0,0,0,8.5714,8.0607,1,0.5714,0.5714,0.5714,0.5714,0.5714,0.5714,0.5714,0.5714
speed,93,0.42857142857142855,0,0,1,0,0,0,8.5714,9.3715,0,0.5714,0.5714,0.5714,0.5714,0.5714,0.5714,0.5714,0.5714
speed,94,0.42857142857142855,0,0,1,0,0,0,8.5714,8.9623,0,0.5714,0.5714,0.5714,0.5714,0.5714,0.5714,0.5714,0.5714
speed,95,0.42857142857142855,0,0,1,0,0,0,8.5714,7.9802,1,0.5714,0.5714,0.5714,0.5714,0.5714,0.5714,0.5714,0.5714
speed,96,0.4880952380952381,0,0,1,0,0,0,9.7619,9.3738,0,0.6508,0.6508,0.6508,0.6508,0.6508,0.6508,0.6508,0.6508
speed,97,0.4880952380952381,0,0,1,0,0,0,9.7619,10.0232,0,0.6508,0.6508,0.6508,0.6508,0.6508,0.6508,0.6508,0.6508
speed,98,0.4880952380952381,0,0,1,0,0,0,9.7619,10.0136,0,0.6508,0.6508,0.6508,0.6508,0.6508,0.6508,0.6508,0.6508
speed,99,0.4880952380952381,0,0,1,0,0,0,9.7619,9.828,0,0.6508,0.6508,0.6508,0.6508,0.6508,0.6508,0.6508,0.6508
speed,100,0.4880952380952381,0,0,1,0,0,0,9.7619,9.9829,0,0.6508,0.6508,0.6508,0.6508,0.6508,0.6508,0.6508,0.6508
speed,101,0.4880952380952381,0,0,1,0,0,0,9.7619,9.4748,0,0.6508,0.6508,0.6508,0.6508,0.6508,0.6508,0.6508,0.6508
speed,102,0.4880952380952381,0,0,1,0,0,0,9.7619,9.9841,0,0.6508,0.6508,0.6508,0.6508,0.6508,0.6508,0.6508,0.6508
speed,103,0.4880952380952381,0,0,1,0,0,0,9.7619,10.0386,0,0.6508,0.6508,0.6508,0.6508,0.6508,0.6508,0.6508,0.6508
speed,104,0.4880952380952381,0,0,1,0,0,0,9.7619,9.8912,0,0.6508,0.6508,0.6508,0.6508,0.6508,0.6508,0.6508,0.6508
speed,105,0.4880952380952381,0,0,1,0,0,0,9.7619,9.2922,1,0.6508,0.6508,0.6508,0.6508,0.6508,0.6508,0.6508,0.6508
speed,106,0.4880952380952381,0,0,1,0,0,0,9.7619,10.2037,0,0.6508,0.6508,0.6508,0.6508,0.6508,0.6508,0.6508,0.6508
speed,107,0.4880952380952381,0,0,1,0,0,0,9.7619,9.3372,0,0.6508,0.6508,0.6508,0.6508,0.6508,0.6508,0.6508,0.6508
speed,108,0.4880952380952381,0,0,1,0,0,0,9.7619,9.9961,1,0.6508,0.6508,0.6508,0.6508,0.6508,0.6508,0.6508,0.6508
speed,109,0.4880952380952381,0,0,1,0,0,0,9.7619,10.4093,0,0.6508,0.6508,0.6508,0.6508,0.6508,0.6508,0.6508,0.6508
speed,110,0.4880952380952381,0,0,1,0,0,0,9.7619,10.1718,0,0.6508,0.6508,0.6508,0.6508,0.6508,0.6508,0.6508,0.6508
speed,111,0.4880952380952381,0,0,1,0,0,0,9.7619,9.161,1,0.6508,0.6508,0.6508,0.6508,0.6508,0.6508,0.6508,0.6508
speed,112,0.4880952380952381,0,0,1,0,0,0,9.7619,9.4079,0,0.6508,0.6508,0.6508,0.6508,0.6508,0.6508,0.6508,0.6508
speed,113,0.4880952380952381,0,0,1,0,0,0,9.7619,10.1128,0,0.6508,0.6508,0.6508,0.6508,0.6508,0.6508,0.6508,0.6508
speed,114,0.4880952380952381,0,0,1,0,0,0,9.7619,9.9338,0,0.6508,0.6508,0.6508,0.6508,0.6508,0.6508,0.6508,0.6508
speed,115,0.4880952380952381,0,0,1,0,0,0,9.7619,9.3409,0,0.6508,0.6508,0.6508,0.6508,0.6508,0.6508,0.6508,0.6508
speed,116,0.4880952380952381,0,0,1,0,0,0,9.7619,9.9771,0,0.6508,0.6508,0.6508,0.6508,0.6508,0.6508,0.6508,0.6508
speed,117,0.4880952380952381,0,0,1,0,0,0,9.7619,10.2653,0,0.6508,0.6508,0.6508,0.6508,0.6508,0.6508,0.6508,0.6508
speed,118,0.4880952380952381,0,0,1,0,0,0,9.7619,10.3346,0,0.6508,0.6508,0.6508,0.6508,0.6508,0.6508,0.6508,0.6508
speed,119,0.4880952380952381,0,0,1,0,0,0,9.7619,10.0564,0,0.6508,0.6508,0.6508,0.6508,0.6508,0.6508,0.6508,0.6508
speed,120,0.5476190476190477,0,0,1,0,0,0,10.9524,11.2062,0,0.7302,0.7302,0.7302,0.7302,0.7302,0.7302,0.7302,0.7302
speed,121,0.5476190476190477,0,0,1,0,0,0,10.9524,11.0798,0,0.7302,0.7302,0.7302,0.7302,0.7302,0.7302,0.7302,0.7302
speed,122,0.5476190476190477,0,0,1,0,0,0,10.9524,10.2988,1,0.7302,0.7302,0.7302,0.7302,0.7302,0.7302,0.7302,0.7302
speed,123,0.5476190476190477,0,0,1,0,0,0,10.9524,11.6351,0,0.7302,0.7302,0.7302,0.7302,0.7302,0.7302,0.7302,0.7302
speed,124,0.5476190476190477,0,0,1,0,0,0,10.9524,9.9943,1,0.7302,0.7302,0.7302,0.7302,0.7302,0.7302,0.7302,0.7302
speed,125,0.5476190476190477,0,0,1,0,0,0,10.9524,10.7938,0,0.7302,0.7302,0.7302,0.7302,0.7302,0.7302,0.7302,0.7302
speed,126,0.5476190476190477,0,0,1,0,0,0,10.9524,11.5063,0,0.7302,0.7302,0.7302,0.7302,0.7302,0.7302,0.7302,0.7302
speed,127,0.5476190476190477,0,0,1,0,0,0,10.9524,10.2796,1,0.7302,0.7302,0.7302,0.7302,0.7302,0.7302,0.7302,0.7302
speed,128,0.5476190476190477,0,0,1,0,0,0,10.9524,10.4957,1,0.7302,0.7302,0.7302,0.7302,0.7302,0.7302,0.7302,0.7302
speed,129,0.5476190476190477,0,0,1,0,0,0,10.9524,10.6163,0,0.7302,0.7302,0.7302,0.7302,0.7302,0.7302,0.7302,0.7302
speed,130,0.5476190476190477,0,0,1,0,0,0,10.9524,11.299,0,0.7302,0.7302,0.7302,0.7302,0.7302,0.7302,0.7302,0.7302
speed,131,0.5476190476190477,0,0,1,0,0,0,10.9524,11.1746,0,0.7302,0.7302,0.7302,0.7302,0.7302,0.7302,0.7302,0.7302
speed,132,0.5476190476190477,0,0,1,0,0,0,10.9524,11.4737,0,0.7302,0.7302,0.7302,0.7302,0.7302,0.7302,0.7302,0.7302
speed,133,0.5476190476190477,0,0,1,0,0,0,10.9524,10.7634,0,0.7302,0.7302,0.7302,0.7302,0.7302,0.7302,0.7302,0.7302
speed,134,0.5476190476190477,0,0,1,0,0,0,10.9524,11.0621,0,0.7302,0.7302,0.7302,0.7302,0.7302,0.7302,0.7302,0.7302
speed,135,0.5476190476190477,0,0,1,0,0,0,10.9524,10.7218,1,0.7302,0.7302,0.7302,0.7302,0.7302,0.7302,0.7302,0.7302
speed,136,0.5476190476190477,0,0,1,0,0,0,10.9524,10.2547,1,0.7302,0.7302,0.7302,0.7302,0.7302,0.7302,0.7302,0.7302
speed,137,0.5476190476190477,0,0,1,0,0,0,10.9524,10.917,0,0.7302,0.7302,0.7302,0.7302,0.7302,0.7302,0.7302,0.7302
speed,138,0.5476190476190477,0,0,1,0,0,0,10.9524,10.3566,1,0.7302,0.7302,0.7302,0.7302,0.7302,0.7302,0.7302,0.7302
speed,139,0.5476190476190477,0,0,1,0,0,0,10.9524,10.8285,0,0.7302,0.7302,0.7302,0.7302,0.7302,0.7302,0.7302,0.7302
speed,140,0.5476190476190477,0,0,1,0,0,0,10.9524,10.982,0,0.7302,0.7302,0.7302,0.7302,0.7302,0.7302,0.7302,0.7302
speed,141,0.5476190476190477,0,0,1,0,0,0,10.9524,10.7184,0,0.7302,0.7302,0.7302,0.7302,0.7302,0.7302,0.7302,0.7302
speed,142,0.5476190476190477,0,0,1,0,0,0,10.9524,10.5559,0,0.7302,0.7302,0.7302,0.7302,0.7302,0.7302,0.7302,0.7302
speed,143,0.5476190476190477,0,0,1,0,0,0,10.9524,11.4676,0,0.7302,0.7302,0.7302,0.7302,0.7302,0.7302,0.7302,0.7302
speed,144,0.6071428571428571,0,0,1,0,0,0,12.1429,11.6812,1,0.8095,0.8095,0.8095,0.8095,0.8095,0.8095,0.8095,0.8095
speed,145,0.6071428571428571,0,0,1,0,0,0,12.1429,12.0048,0,0.8095,0.8095,0.8095,0.8095,0.8095,0.8095,0.8095,0.8095
speed,146,0.6071428571428571,0,0,1,0,0,0,12.1429,11.9841,0,0.8095,0.8095,0.8095,0.8095,0.8095,0.8095,0.8095,0.8095
speed,147,0.6071428571428571,0,0,1,0,0,0,12.1429,12.7331,0,0.8095,0.8095,0.8095,0.8095,0.8095,0.8095,0.8095,0.8095
speed,148,0.6071428571428571,0,0,1,0,0,0,12.1429,12.3584,0,0.8095,0.8095,0.8095,0.8095,0.8095,0.8095,0.8095,0.8095
speed,149,0.6071428571428571,0,0,1,0,0,0,12.1429,12.455,0,0.8095,0.8095,0.8095,0.8095,0.8095,0.8095,0.8095,0.8095
speed,150,0.6071428571428571,0,0,1,0,0,0,12.1429,12.0196,0,0.8095,0.8095,0.8095,0.8095,0.8095,0.8095,0.8095,0.8095
speed,151,0.6071428571428571,0,0,1,0,0,0,12.1429,11.323,1,0.8095,0.8095,0.8095,0.8095,0.8095,0.8095,0.8095,0.8095
speed,152,0.6071428571428571,0,0,1,0,0,0,12.1429,12.4147,0,0.8095,0.8095,0.8095,0.8095,0.8095,0.8095,0.8095,0.8095
speed,153,0.6071428571428571,0,0,1,0,0,0,12.1429,11.3084,1,0.8095,0.8095,0.8095,0.8095,0.8095,0.8095,0.8095,0.8095
speed,154,0.6071428571428571,0,0,1,0,0,0,12.1429,12.0081,1,0.8095,0.8095,0.8095,0.8095,0.8095,0.8095,0.8095,0.8095
speed,155,0.6071428571428571,0,0,1,0,0,0,12.1429,12.0077,0,0.8095,0.8095,0.8095,0.8095,0.8095,0.8095,0.8095,0.8095
speed,156,0.6071428571428571,0,0,1,0,0,0,12.1429,13.0465,0,0.8095,0.8095,0.8095,0.8095,0.8095,0.8095,0.8095,0.8095
speed,157,0.6071428571428571,0,0,1,0,0,0,12.1429,12.4786,0,0.8095,0.8095,0.8095,0.8095,0.8095,0.8095,0.8095,0.8095
speed,158,0.6071428571428571,0,0,1,0,0,0,12.1429,12.0629,0,0.8095,0.8095,0.8095,0.8095,0.8095,0.8095,0.8095,0.8095
speed,159,0.6071428571428571,0,0,1,0,0,0,12.1429,12.531,0,0.8095,0.8095,0.8095,0.8095,0.8095,0.8095,0.8095,0.8095
speed,160,0.6071428571428571,0,0,1,0,0,0,12.1429,12.2486,1,0.8095,0.8095,0.8095,0.8095,0.8095,0.8095,0.8095,0.8095
speed,161,0.6071428571428571,0,0,1,0,0,0,12.1429,11.9898,0,0.8095,0.8095,0.8095,0.8095,0.8095,0.8095,0.8095,0.8095
speed,162,0.6071428571428571,0,0,1,0,0,0,12.1429,12.105,0,0.8095,0.8095,0.8095,0.8095,0.8095,0.8095,0.8095,0.8095
speed,163,0.6071428571428571,0,0,1,0,0,0,12.1429,12.8162,0,0.8095,0.8095,0.8095,0.8095,0.8095,0.8095,0.8095,0.8095
speed,164,0.6071428571428571,0,0,1,0,0,0,12.1429,11.4581,1,0.8095,0.8095,0.8095,0.8095,0.8095,0.8095,0.8095,0.8095
speed,165,0.6071428571428571,0,0,1,0,0,0,12.1429,12.6412,0,0.8095,0.8095,0.8095,0.8095,0.8095,0.8095,0.8095,0.8095
speed,166,0.6071428571428571,0,0,1,0,0,0,12.1429,12.0179,0,0.8095,0.8095,0.8095,0.8095,0.8095,0.8095,0.8095,0.8095
speed,167,0.6071428571428571,0,0,1,0,0,0,12.1429,12.4017,0,0.8095,0.8095,0.8095,0.8095,0.8095,0.8095,0.8095,0.8095
speed,168,0.6666666666666666,0,0,1,0,0,0,13.3333,13.4416,0,0.8889,0.8889,0.8889,0.8889,0.8889,0.8889,0.8889,0.8889
speed,169,0.6666666666666666,0,0,1,0,0,0,13.3333,13.2635,0,0.8889,0.8889,0.8889,0.8889,0.8889,0.8889,0.8889,0.8889
speed,170,0.6666666666666666,0,0,1,0,0,0,13.3333,12.6843,1,0.8889,0.8889,0.8889,0.8889,0.8889,0.8889,0.8889,0.8889
speed,171,0.6666666666666666,0,0,1,0,0,0,13.3333,13.3739,0,0.8889,0.8889,0.8889,0.8889,0.8889,0.8889,0.8889,0.8889
speed,172,0.6666666666666666,0,0,1,0,0,0,13.3333,13.552,0,0.8889,0.8889,0.8889,0.8889,0.8889,0.8889,0.8889,0.8889
speed,173,0.6666666666666666,0,0,1,0,0,0,13.3333,13.1042,0,0.8889,0.8889,0.8889,0.8889,0.8889,0.8889,0.8889,0.8889
speed,174,0.6666666666666666,0,0,1,0,0,0,13.3333,13.4483,0,0.8889,0.8889,0.8889,0.8889,0.8889,0.8889,0.8889,0.8889
speed,175,0.6666666666666666,0,0,1,0,0,0,13.3333,13.0278,0,0.8889,0.8889,0.8889,0.8889,0.8889,0.8889,0.8889,0.8889
speed,176,0.6666666666666666,0,0,1,0,0,0,13.3333,12.9903,0,0.8889,0.8889,0.8889,0.8889,0.8889,0.8889,0.8889,0.8889
speed,177,0.6666666666666666,0,0,1,0,0,0,13.3333,13.5447,0,0.8889,0.8889,0.8889,0.8889,0.8889,0.8889,0.8889,0.8889
speed,178,0.6666666666666666,0,0,1,0,0,0,13.3333,13.466,0,0.8889,0.8889,0.8889,0.8889,0.8889,0.8889,0.8889,0.8889
speed,179,0.6666666666666666,0,0,1,0,0,0,13.3333,14.0058,0,0.8889,0.8889,0.8889,0.8889,0.8889,0.8889,0.8889,0.8889
speed,180,0.6666666666666666,0,0,1,0,0,0,13.3333,13.4251,0,0.8889,0.8889,0.8889,0.8889,0.8889,0.8889,0.8889,0.8889
speed,181,0.6666666666666666,0,0,1,0,0,0,13.3333,13.9193,0,0.8889,0.8889,0.8889,0.8889,0.8889,0.8889,0.8889,0.8889
speed,182,0.6666666666666666,0,0,1,0,0,0,13.3333,13.0943,0,0.8889,0.8889,0.8889,0.8889,0.8889,0.8889,0.8889,0.8889
speed,183,0.6666666666666666,0,0,1,0,0,0,13.3333,13.0759,1,0.8889,0.8889,0.8889,0.8889,0.8889,0.8889,0.8889,0.8889
speed,184,0.6666666666666666,0,0,1,0,0,0,13.3333,12.7786,0,0.8889,0.8889,0.8889,0.8889,0.8889,0.8889,0.8889,0.8889
speed,185,0.6666666666666666,0,0,1,0,0,0,13.3333,13.3268,0,0.8889,0.8889,0.8889,0.8889,0.8889,0.8889,0.8889,0.8889
speed,186,0.6666666666666666,0,0,1,0,0,0,13.3333,12.7043,0,0.8889,0.8889,0.8889,0.8889,0.8889,0.8889,0.8889,0.8889
speed,187,0.6666666666666666,0,0,1,0,0,0,13.3333,14.1421,0,0.8889,0.8889,0.8889,0.8889,0.8889,0.8889,0.8889,0.8889
speed,188,0.6666666666666666,0,0,1,0,0,0,13.3333,13.5487,0,0.8889,0.8889,0.8889,0.8889,0.8889,0.8889,0.8889,0.8889
speed,189,0.6666666666666666,0,0,1,0,0,0,13.3333,13.0702,0,0.8889,0.8889,0.8889,0.8889,0.8889,0.8889,0.8889,0.8889
speed,190,0.6666666666666666,0,0,1,0,0,0,13.3333,12.8442,1,0.8889,0.8889,0.8889,0.8889,0.8889,0.8889,0.8889,0.8889
speed,191,0.6666666666666666,0,0,1,0,0,0,13.3333,12.9508,0,0.8889,0.8889,0.8889,0.8889,0.8889,0.8889,0.8889,0.8889
speed,192,0.7261904761904762,0,0,1,0,0,0,14.5238,14.1564,1,0.9683,0.9683,0.9683,0.9683,0.9683,0.9683,0.9683,0.9683
speed,193,0.7261904761904762,0,0,1,0,0,0,14.5238,14.5295,0,0.9683,0.9683,0.9683,0.9683,0.9683,0.9683,0.9683,0.9683
speed,194,0.7261904761904762,0,0,1,0,0,0,14.5238,14.2796,0,0.9683,0.9683,0.9683,0.9683,0.9683,0.9683,0.9683,0.9683
speed,195,0.7261904761904762,0,0,1,0,0,0,14.5238,14.1461,0,0.9683,0.9683,0.9683,0.9683,0.9683,0.9683,0.9683,0.9683
speed,196,0.7261904761904762,0,0,1,0,0,0,14.5238,14.343,0,0.9683,0.9683,0.9683,0.9683,0.9683,0.9683,0.9683,0.9683
speed,197,0.7261904761904762,0,0,1,0,0,0,14.5238,14.9428,0,0.9683,0.9683,0.9683,0.9683,0.9683,0.9683,0.9683,0.9683
speed,198,0.7261904761904762,0,0,1,0,0,0,14.5238,14.4214,0,0.9683,0.9683,0.9683,0.9683,0.9683,0.9683,0.9683,0.9683
speed,199,0.7261904761904762,0,0,1,0,0,0,14.5238,14.7576,0,0.9683,0.9683,0.9683,0.9683,0.9683,0.9683,0.9683,0.9683
speed,200,0.7261904761904762,0,0,1,0,0,0,14.5238,14.8629,0,0.9683,0.9683,0.9683,0.9683,0.9683,0.9683,0.9683,0.9683
speed,201,0.7261904761904762,0,0,1,0,0,0,14.5238,13.9358,1,0.9683,0.9683,0.9683,0.9683,0.9683,0.9683,0.9683,0.9683
speed,202,0.7261904761904762,0,0,1,0,0,0,14.5238,14.3993,1,0.9683,0.9683,0.9683,0.9683,0.9683,0.9683,0.9683,0.9683
speed,203,0.7261904761904762,0,0,1,0,0,0,14.5238,15.1661,0,0.9683,0.9683,0.9683,0.9683,0.9683,0.9683,0.9683,0.9683
speed,204,0.7261904761904762,0,0,1,0,0,0,14.5238,13.9362,0,0.9683,0.9683,0.9683,0.9683,0.9683,0.9683,0.9683,0.9683
speed,205,0.7261904761904762,0,0,1,0,0,0,14.5238,14.2981,0,0.9683,0.9683,0.9683,0.9683,0.9683,0.9683,0.9683,0.9683
speed,206,0.7261904761904762,0,0,1,0,0,0,14.5238,15.3831,0,0.9683,0.9683,0.9683,0.9683,0.9683,0.9683,0.9683,0.9683
speed,207,0.7261904761904762,0,0,1,0,0,0,14.5238,14.8353,0,0.9683,0.9683,0.9683,0.9683,0.9683,0.9683,0.9683,0.9683
speed,208,0.7261904761904762,0,0,1,0,0,0,14.5238,14.1806,1,0.9683,0.9683,0.9683,0.9683,0.9683,0.9683,0.9683,0.9683
speed,209,0.7261904761904762,0,0,1,0,0,0,14.5238,14.5335,0,0.9683,0.9683,0.9683,0.9683,0.9683,0.9683,0.9683,0.9683
speed,210,0.7261904761904762,0,0,1,0,0,0,14.5238,15.276,0,0.9683,0.9683,0.9683,0.9683,0.9683,0.9683,0.9683,0.9683
speed,211,0.7261904761904762,0,0,1,0,0,0,14.5238,14.8337,0,0.9683,0.9683,0.9683,0.9683,0.9683,0.9683,0.9683,0.9683
speed,212,0.7261904761904762,0,0,1,0,0,0,14.5238,14.0584,0,0.9683,0.9683,0.9683,0.9683,0.9683,0.9683,0.9683,0.9683
speed,213,0.7261904761904762,0,0,1,0,0,0,14.5238,14.9424,0,0.9683,0.9683,0.9683,0.9683,0.9683,0.9683,0.9683,0.9683
speed,214,0.7261904761904762,0,0,1,0,0,0,14.5238,14.4149,0,0.9683,0.9683,0.9683,0.9683,0.9683,0.9683,0.9683,0.9683
speed,215,0.7261904761904762,0,0,1,0,0,0,14.5238,14.6937,0,0.9683,0.9683,0.9683,0.9683,0.9683,0.9683,0.9683,0.9683
speed,216,0.7857142857142857,0,0,1,0,0,0,15.7143,15.6205,0,1.0476,1.0476,1.0476,1.0476,1.0476,1.0476,1.0476,1.0476
speed,217,0.7857142857142857,0,0,1,0,0,0,15.7143,16.2066,0,1.0476,1.0476,1.0476,1.0476,1.0476,1.0476,1.0476,1.0476
speed,218,0.7857142857142857,0,0,1,0,0,0,15.7143,16.0755,0,1.0476,1.0476,1.0476,1.0476,1.0476,1.0476,1.0476,1.0476
speed,219,0.7857142857142857,0,0,1,0,0,0,15.7143,15.7616,0,1.0476,1.0476,1.0476,1.0476,1.0476,1.0476,1.0476,1.0476
speed,220,0.7857142857142857,0,0,1,0,0,0,15.7143,15.599,0,1.0476,1.0476,1.0476,1.0476,1.0476,1.0476,1.0476,1.0476
speed,221,0.7857142857142857,0,0,1,0,0,0,15.7143,15.0316,0,1.0476,1.0476,1.0476,1.0476,1.0476,1.0476,1.0476,1.0476
speed,222,0.7857142857142857,0,0,1,0,0,0,15.7143,15.5633,0,1.0476,1.0476,1.0476,1.0476,1.0476,1.0476,1.0476,1.0476
speed,223,0.7857142857142857,0,0,1,0,0,0,15.7143,15.7115,0,1.0476,1.0476,1.0476,1.0476,1.0476,1.0476,1.0476,1.0476
speed,224,0.7857142857142857,0,0,1,0,0,0,15.7143,16.1288,0,1.0476,1.0476,1.0476,1.0476,1.0476,1.0476,1.0476,1.0476
speed,225,0.7857142857142857,0,0,1,0,0,0,15.7143,16.1688,0,1.0476,1.0476,1.0476,1.0476,1.0476,1.0476,1.0476,1.0476
speed,226,0.7857142857142857,0,0,1,0,0,0,15.7143,15.6542,0,1.0476,1.0476,1.0476,1.0476,1.0476,1.0476,1.0476,1.0476
speed,227,0.7857142857142857,0,0,1,0,0,0,15.7143,15.3459,0,1.0476,1.0476,1.0476,1.0476,1.0476,1.0476,1.0476,1.0476
speed,228,0.7857142857142857,0,0,1,0,0,0,15.7143,15.7408,0,1.0476,1.0476,1.0476,1.0476,1.0476,1.0476,1.0476,1.0476
speed,229,0.7857142857142857,0,0,1,0,0,0,15.7143,15.597,0,1.0476,1.0476,1.0476,1.0476,1.0476,1.0476,1.0476,1.0476
speed,230,0.7857142857142857,0,0,1,0,0,0,15.7143,15.5107,0,1.0476,1.0476,1.0476,1.0476,1.0476,1.0476,1.0476,1.0476
speed,231,0.7857142857142857,0,0,1,0,0,0,15.7143,15.6232,0,1.0476,1.0476,1.0476,1.0476,1.0476,1.0476,1.0476,1.0476
speed,232,0.7857142857142857,0,0,1,0,0,0,15.7143,15.625,0,1.0476,1.0476,1.0476,1.0476,1.0476,1.0476,1.0476,1.0476
speed,233,0.7857142857142857,0,0,1,0,0,0,15.7143,15.2568,0,1.0476,1.0476,1.0476,1.0476,1.0476,1.0476,1.0476,1.0476
speed,234,0.7857142857142857,0,0,1,0,0,0,15.7143,15.2367,0,1.0476,1.0476,1.0476,1.0476,1.0476,1.0476,1.0476,1.0476
speed,235,0.7857142857142857,0,0,1,0,0,0,15.7143,15.823,0,1.0476,1.0476,1.0476,1.0476,1.0476,1.0476,1.0476,1.0476
speed,236,0.7857142857142857,0,0,1,0,0,0,15.7143,15.6168,0,1.0476,1.0476,1.0476,1.0476,1.0476,1.0476,1.0476,1.0476
speed,237,0.7857142857142857,0,0,1,0,0,0,15.7143,14.8629,0,1.0476,1.0476,1.0476,1.0476,1.0476,1.0476,1.0476,1.0476
speed,238,0.7857142857142857,0,0,1,0,0,0,15.7143,15.6118,0,1.0476,1.0476,1.0476,1.0476,1.0476,1.0476,1.0476,1.0476
speed,239,0.7857142857142857,0,0,1,0,0,0,15.7143,16.631,0,1.0476,1.0476,1.0476,1.0476,1.0476,1.0476,1.0476,1.0476
speed,240,0.8452380952380952,0,0,0,0,0,0,16.9048,16.6552,0,1.127,1.127,1.127,1.127,1.127,1.127,1.127,1.127
speed,241,0.8452380952380952,0,0,0,0,0,0,16.9048,16.9991,0,1.127,1.127,1.127,1.127,1.127,1.127,1.127,1.127
speed,242,0.8452380952380952,0,0,0,0,0,0,16.9048,16.9088,0,1.127,1.127,1.127,1.127,1.127,1.127,1.127,1.127
speed,243,0.8452380952380952,0,0,0,0,0,0,16.9048,17.0506,0,1.127,1.127,1.127,1.127,1.127,1.127,1.127,1.127
speed,244,0.8452380952380952,0,0,0,0,0,0,16.9048,16.6893,0,1.127,1.127,1.127,1.127,1.127,1.127,1.127,1.127
speed,245,0.8452380952380952,0,0,0,0,0,0,16.9048,16.9858,0,1.127,1.127,1.127,1.127,1.127,1.127,1.127,1.127
speed,246,0.8452380952380952,0,0,0,0,0,0,16.9048,16.1498,0,1.127,1.127,1.127,1.127,1.127,1.127,1.127,1.127
speed,247,0.8452380952380952,0,0,0,0,0,0,16.9048,17.0238,0,1.127,1.127,1.127,1.127,1.127,1.127,1.127,1.127
speed,248,0.8452380952380952,0,0,0,0,0,0,16.9048,17.1735,0,1.127,1.127,1.127,1.127,1.127,1.127,1.127,1.127
speed,249,0.8452380952380952,0,0,0,0,0,0,16.9048,17.8003,0,1.127,1.127,1.127,1.127,1.127,1.127,1.127,1.127
speed,250,0.8452380952380952,0,0,0,0,0,0,16.9048,16.2246,0,1.127,1.127,1.127,1.127,1.127,1.127,1.127,1.127
speed,251,0.8452380952380952,0,0,0,0,0,0,16.9048,17.6653,0,1.127,1.127,1.127,1.127,1.127,1.127,1.127,1.127
speed,252,0.8452380952380952,0,0,0,0,0,0,16.9048,17.2238,0,1.127,1.127,1.127,1.127,1.127,1.127,1.127,1.127
speed,253,0.8452380952380952,0,0,0,0,0,0,16.9048,16.9975,0,1.127,1.127,1.127,1.127,1.127,1.127,1.127,1.127
speed,254,0.8452380952380952,0,0,0,0,0,0,16.9048,17.4324,0,1.127,1.127,1.127,1.127,1.127,1.127,1.127,1.127
speed,255,0.8452380952380952,0,0,0,0,0,0,16.9048,16.1419,0,1.127,1.127,1.127,1.127,1.127,1.127,1.127,1.127
speed,256,0.8452380952380952,0,0,0,0,0,0,16.9048,17.2328,0,1.127,1.127,1.127,1.127,1.127,1.127,1.127,1.127
speed,257,0.8452380952380952,0,0,0,0,0,0,16.9048,16.1536,0,1.127,1.127,1.127,1.127,1.127,1.127,1.127,1.127
speed,258,0.8452380952380952,0,0,0,0,0,0,16.9048,17.0141,0,1.127,1.127,1.127,1.127,1.127,1.127,1.127,1.127
speed,259,0.8452380952380952,0,0,0,0,0,0,16.9048,16.9281,0,1.127,1.127,1.127,1.127,1.127,1.127,1.127,1.127
speed,260,0.8452380952380952,0,0,0,0,0,0,16.9048,16.6102,0,1.127,1.127,1.127,1.127,1.127,1.127,1.127,1.127
speed,261,0.8452380952380952,0,0,0,0,0,0,16.9048,17.0604,0,1.127,1.127,1.127,1.127,1.127,1.127,1.127,1.127
speed,262,0.8452380952380952,0,0,0,0,0,0,16.9048,17.5792,0,1.127,1.127,1.127,1.127,1.127,1.127,1.127,1.127
speed,263,0.8452380952380952,0,0,0,0,0,0,16.9048,16.5402,0,1.127,1.127,1.127,1.127,1.127,1.127,1.127,1.127
speed,264,0.9047619047619048,0,0,0,0,0,0,18.0952,17.0753,0,1.2063,1.2063,1.2063,1.2063,1.2063,1.2063,1.2063,1.2063
speed,265,0.9047619047619048,0,0,0,0,0,0,18.0952,18.102,0,1.2063,1.2063,1.2063,1.2063,1.2063,1.2063,1.2063,1.2063
speed,266,0.9047619047619048,0,0,0,0,0,0,18.0952,18.0054,0,1.2063,1.2063,1.2063,1.2063,1.2063,1.2063,1.2063,1.2063
speed,267,0.9047619047619048,0,0,0,0,0,0,18.0952,18.4285,0,1.2063,1.2063,1.2063,1.2063,1.2063,1.2063,1.2063,1.2063
speed,268,0.9047619047619048,0,0,0,0,0,0,18.0952,17.751,0,1.2063,1.2063,1.2063,1.2063,1.2063,1.2063,1.2063,1.2063
speed,269,0.9047619047619048,0,0,0,0,0,0,18.0952,18.2749,0,1.2063,1.2063,1.2063,1.2063,1.2063,1.2063,1.2063,1.2063
speed,270,0.9047619047619048,0,0,0,0,0,0,18.0952,18.7222,0,1.2063,1.2063,1.2063,1.2063,1.2063,1.2063,1.2063,1.2063
speed,271,0.9047619047619048,0,0,0,0,0,0,18.0952,18.4256,0,1.2063,1.2063,1.2063,1.2063,1.2063,1.2063,1.2063,1.2063
speed,272,0.9047619047619048,0,0,0,0,0,0,18.0952,17.7988,0,1.2063,1.2063,1.2063,1.2063,1.2063,1.2063,1.2063,1.2063
speed,273,0.9047619047619048,0,0,0,0,0,0,18.0952,18.2688,0,1.2063,1.2063,1.2063,1.2063,1.2063,1.2063,1.2063,1.2063
speed,274,0.9047619047619048,0,0,0,0,0,0,18.0952,17.7231,0,1.2063,1.2063,1.2063,1.2063,1.2063,1.2063,1.2063,1.2063
speed,275,0.9047619047619048,0,0,0,0,0,0,18.0952,18.4518,0,1.2063,1.2063,1.2063,1.2063,1.2063,1.2063,1.2063,1.2063
speed,276,0.9047619047619048,0,0,0,0,0,0,18.0952,18.0882,0,1.2063,1.2063,1.2063,1.2063,1.2063,1.2063,1.2063,1.2063
speed,277,0.9047619047619048,0,0,0,0,0,0,18.0952,18.039,0,1.2063,1.2063,1.2063,1.2063,1.2063,1.2063,1.2063,1.2063
speed,278,0.9047619047619048,0,0,0,0,0,0,18.0952,18.3952,0,1.2063,1.2063,1.2063,1.2063,1.2063,1.2063,1.2063,1.2063
speed,279,0.9047619047619048,0,0,0,0,0,0,18.0952,17.9774,0,1.2063,1.2063,1.2063,1.2063,1.2063,1.2063,1.2063,1.2063
speed,280,0.9047619047619048,0,0,0,0,0,0,18.0952,17.8834,0,1.2063,1.2063,1.2063,1.2063,1.2063,1.2063,1.2063,1.2063
speed,281,0.9047619047619048,0,0,0,0,0,0,18.0952,17.9867,0,1.2063,1.2063,1.2063,1.2063,1.2063,1.2063,1.2063,1.2063
speed,282,0.9047619047619048,0,0,0,0,0,0,18.0952,18.1439,0,1.2063,1.2063,1.2063,1.2063,1.2063,1.2063,1.2063,1.2063
speed,283,0.9047619047619048,0,0,0,0,0,0,18.0952,18.4303,0,1.2063,1.2063,1.2063,1.2063,1.2063,1.2063,1.2063,1.2063
speed,284,0.9047619047619048,0,0,0,0,0,0,18.0952,18.3886,0,1.2063,1.2063,1.2063,1.2063,1.2063,1.2063,1.2063,1.2063
speed,285,0.9047619047619048,0,0,0,0,0,0,18.0952,18.3839,0,1.2063,1.2063,1.2063,1.2063,1.2063,1.2063,1.2063,1.2063
speed,286,0.9047619047619048,0,0,0,0,0,0,18.0952,17.7429,0,1.2063,1.2063,1.2063,1.2063,1.2063,1.2063,1.2063,1.2063
speed,287,0.9047619047619048,0,0,0,0,0,0,18.0952,17.7251,0,1.2063,1.2063,1.2063,1.2063,1.2063,1.2063,1.2063,1.2063
speed,288,0.9642857142857142,0,0,0,0,0,0,19.2857,18.3914,0,1.2857,1.2857,1.2857,1.2857,1.2857,1.2857,1.2857,1.2857
speed,289,0.9642857142857142,0,0,0,0,0,0,19.2857,19.2032,0,1.2857,1.2857,1.2857,1.2857,1.2857,1.2857,1.2857,1.2857
speed,290,0.9642857142857142,0,0,0,0,0,0,19.2857,19.4898,0,1.2857,1.2857,1.2857,1.2857,1.2857,1.2857,1.2857,1.2857
speed,291,0.9642857142857142,0,0,0,0,0,0,19.2857,18.686,0,1.2857,1.2857,1.2857,1.2857,1.2857,1.2857,1.2857,1.2857
speed,292,0.9642857142857142,0,0,0,0,0,0,19.2857,19.8415,0,1.2857,1.2857,1.2857,1.2857,1.2857,1.2857,1.2857,1.2857
speed,293,0.9642857142857142,0,0,0,0,0,0,19.2857,19.869,0,1.2857,1.2857,1.2857,1.2857,1.2857,1.2857,1.2857,1.2857
speed,294,0.9642857142857142,0,0,0,0,0,0,19.2857,18.4345,0,1.2857,1.2857,1.2857,1.2857,1.2857,1.2857,1.2857,1.2857
speed,295,0.9642857142857142,0,0,0,0,0,0,19.2857,19.8607,0,1.2857,1.2857,1.2857,1.2857,1.2857,1.2857,1.2857,1.2857
speed,296,0.9642857142857142,0,0,0,0,0,0,19.2857,19.3639,0,1.2857,1.2857,1.2857,1.2857,1.2857,1.2857,1.2857,1.2857
speed,297,0.9642857142857142,0,0,0,0,0,0,19.2857,19.0865,0,1.2857,1.2857,1.2857,1.2857,1.2857,1.2857,1.2857,1.2857
speed,298,0.9642857142857142,0,0,0,0,0,0,19.2857,19.4073,0,1.2857,1.2857,1.2857,1.2857,1.2857,1.2857,1.2857,1.2857
speed,299,0.9642857142857142,0,0,0,0,0,0,19.2857,19.28,0,1.2857,1.2857,1.2857,1.2857,1.2857,1.2857,1.2857,1.2857
speed,300,0.9642857142857142,0,0,0,0,0,0,19.2857,18.9628,0,1.2857,1.2857,1.2857,1.2857,1.2857,1.2857,1.2857,1.2857
speed,301,0.9642857142857142,0,0,0,0,0,0,19.2857,19.3341,0,1.2857,1.2857,1.2857,1.2857,1.2857,1.2857,1.2857,1.2857
speed,302,0.9642857142857142,0,0,0,0,0,0,19.2857,18.8878,0,1.2857,1.2857,1.2857,1.2857,1.2857,1.2857,1.2857,1.2857
speed,303,0.9642857142857142,0,0,0,0,0,0,19.2857,19.0379,0,1.2857,1.2857,1.2857,1.2857,1.2857,1.2857,1.2857,1.2857
speed,304,0.9642857142857142,0,0,0,0,0,0,19.2857,19.6756,0,1.2857,1.2857,1.2857,1.2857,1.2857,1.2857,1.2857,1.2857
speed,305,0.9642857142857142,0,0,0,0,0,0,19.2857,19.9331,0,1.2857,1.2857,1.2857,1.2857,1.2857,1.2857,1.2857,1.2857
speed,306,0.9642857142857142,0,0,0,0,0,0,19.2857,19.4946,0,1.2857,1.2857,1.2857,1.2857,1.2857,1.2857,1.2857,1.2857
speed,307,0.9642857142857142,0,0,0,0,0,0,19.2857,19.9704,0,1.2857,1.2857,1.2857,1.2857,1.2857,1.2857,1.2857,1.2857
speed,308,0.9642857142857142,0,0,0,0,0,0,19.2857,19.8133,0,1.2857,1.2857,1.2857,1.2857,1.2857,1.2857,1.2857,1.2857
speed,309,0.9642857142857142,0,0,0,0,0,0,19.2857,18.9539,0,1.2857,1.2857,1.2857,1.2857,1.2857,1.2857,1.2857,1.2857
speed,310,0.9642857142857142,0,0,0,0,0,0,19.2857,18.4448,0,1.2857,1.2857,1.2857,1.2857,1.2857,1.2857,1.2857,1.2857
speed,311,0.9642857142857142,0,0,0,0,0,0,19.2857,19.1738,0,1.2857,1.2857,1.2857,1.2857,1.2857,1.2857,1.2857,1.2857
speed,312,1.0238095238095237,0,0,0,0,0,0,20.4762,20.9047,0,1.3651,1.3651,1.3651,1.3651,1.3651,1.3651,1.3651,1.3651
speed,313,1.0238095238095237,0,0,0,0,0,0,20.4762,20.4862,0,1.3651,1.3651,1.3651,1.3651,1.3651,1.3651,1.3651,1.3651
speed,314,1.0238095238095237,0,0,0,0,0,0,20.4762,20.8807,0,1.3651,1.3651,1.3651,1.3651,1.3651,1.3651,1.3651,1.3651
speed,315,1.0238095238095237,0,0,0,0,0,0,20.4762,20.4776,0,1.3651,1.3651,1.3651,1.3651,1.3651,1.3651,1.3651,1.3651
speed,316,1.0238095238095237,0,0,0,0,0,0,20.4762,20.6379,0,1.3651,1.3651,1.3651,1.3651,1.3651,1.3651,1.3651,1.3651
speed,317,1.0238095238095237,0,0,0,0,0,0,20.4762,20.6112,0,1.3651,1.3651,1.3651,1.3651,1.3651,1.3651,1.3651,1.3651
speed,318,1.0238095238095237,0,0,0,0,0,0,20.4762,20.9857,0,1.3651,1.3651,1.3651,1.3651,1.3651,1.3651,1.3651,1.3651
speed,319,1.0238095238095237,0,0,0,0,0,0,20.4762,20.2182,0,1.3651,1.3651,1.3651,1.3651,1.3651,1.3651,1.3651,1.3651
speed,320,1.0238095238095237,0,0,0,0,0,0,20.4762,20.158,0,1.3651,1.3651,1.3651,1.3651,1.3651,1.3651,1.3651,1.3651
speed,321,1.0238095238095237,0,0,0,0,0,0,20.4762,20.8915,0,1.3651,1.3651,1.3651,1.3651,1.3651,1.3651,1.3651,1.3651
speed,322,1.0238095238095237,0,0,0,0,0,0,20.4762,20.5972,0,1.3651,1.3651,1.3651,1.3651,1.3651,1.3651,1.3651,1.3651
speed,323,1.0238095238095237,0,0,0,0,0,0,20.4762,20.8504,0,1.3651,1.3651,1.3651,1.3651,1.3651,1.3651,1.3651,1.3651
speed,324,1.0238095238095237,0,0,0,0,0,0,20.4762,20.1262,0,1.3651,1.3651,1.3651,1.3651,1.3651,1.3651,1.3651,1.3651
speed,325,1.0238095238095237,0,0,0,0,0,0,20.4762,20.6678,0,1.3651,1.3651,1.3651,1.3651,1.3651,1.3651,1.3651,1.3651
speed,326,1.0238095238095237,0,0,0,0,0,0,20.4762,20.5937,0,1.3651,1.3651,1.3651,1.3651,1.3651,1.3651,1.3651,1.3651
speed,327,1.0238095238095237,0,0,0,0,0,0,20.4762,21.2726,0,1.3651,1.3651,1.3651,1.3651,1.3651,1.3651,1.3651,1.3651
speed,328,1.0238095238095237,0,0,0,0,0,0,20.4762,19.9469,0,1.3651,1.3651,1.3651,1.3651,1.3651,1.3651,1.3651,1.3651
speed,329,1.0238095238095237,0,0,0,0,0,0,20.4762,21.1528,0,1.3651,1.3651,1.3651,1.3651,1.3651,1.3651,1.3651,1.3651
speed,330,1.0238095238095237,0,0,0,0,0,0,20.4762,20.8566,0,1.3651,1.3651,1.3651,1.3651,1.3651,1.3651,1.3651,1.3651
speed,331,1.0238095238095237,0,0,0,0,0,0,20.4762,20.4147,0,1.3651,1.3651,1.3651,1.3651,1.3651,1.3651,1.3651,1.3651
speed,332,1.0238095238095237,0,0,0,0,0,0,20.4762,20.532,0,1.3651,1.3651,1.3651,1.3651,1.3651,1.3651,1.3651,1.3651
speed,333,1.0238095238095237,0,0,0,0,0,0,20.4762,20.5638,0,1.3651,1.3651,1.3651,1.3651,1.3651,1.3651,1.3651,1.3651
speed,334,1.0238095238095237,0,0,0,0,0,0,20.4762,21.0012,0,1.3651,1.3651,1.3651,1.3651,1.3651,1.3651,1.3651,1.3651
speed,335,1.0238095238095237,0,0,0,0,0,0,20.4762,20.8739,0,1.3651,1.3651,1.3651,1.3651,1.3651,1.3651,1.3651,1.3651
speed,336,1.0833333333333333,0,0,0,0,0,0,21.6667,21.4272,0,1.4444,1.4444,1.4444,1.4444,1.4444,1.4444,1.4444,1.4444
speed,337,1.0833333333333333,0,0,0,0,0,0,21.6667,21.9602,0,1.4444,1.4444,1.4444,1.4444,1.4444,1.4444,1.4444,1.4444
speed,338,1.0833333333333333,0,0,0,0,0,0,21.6667,21.4895,0,1.4444,1.4444,1.4444,1.4444,1.4444,1.4444,1.4444,1.4444
speed,339,1.0833333333333333,0,0,0,0,0,0,21.6667,22.2696,0,1.4444,1.4444,1.4444,1.4444,1.4444,1.4444,1.4444,1.4444
speed,340,1.0833333333333333,0,0,0,0,0,0,21.6667,21.6142,0,1.4444,1.4444,1.4444,1.4444,1.4444,1.4444,1.4444,1.4444
speed,341,1.0833333333333333,0,0,0,0,0,0,21.6667,22.3518,0,1.4444,1.4444,1.4444,1.4444,1.4444,1.4444,1.4444,1.4444
speed,342,1.0833333333333333,0,0,0,0,0,0,21.6667,22.0085,0,1.4444,1.4444,1.4444,1.4444,1.4444,1.4444,1.4444,1.4444
speed,343,1.0833333333333333,0,0,0,0,0,0,21.6667,22.0538,0,1.4444,1.4444,1.4444,1.4444,1.4444,1.4444,1.4444,1.4444
speed,344,1.0833333333333333,0,0,0,0,0,0,21.6667,21.5842,0,1.4444,1.4444,1.4444,1.4444,1.4444,1.4444,1.4444,1.4444
speed,345,1.0833333333333333,0,0,0,0,0,0,21.6667,22.0854,0,1.4444,1.4444,1.4444,1.4444,1.4444,1.4444,1.4444,1.4444
speed,346,1.0833333333333333,0,0,0,0,0,0,21.6667,21.5109,0,1.4444,1.4444,1.4444,1.4444,1.4444,1.4444,1.4444,1.4444
speed,347,1.0833333333333333,0,0,0,0,0,0,21.6667,22.0613,0,1.4444,1.4444,1.4444,1.4444,1.4444,1.4444,1.4444,1.4444
speed,348,1.0833333333333333,0,0,0,0,0,0,21.6667,21.4423,0,1.4444,1.4444,1.4444,1.4444,1.4444,1.4444,1.4444,1.4444
speed,349,1.0833333333333333,0,0,0,0,0,0,21.6667,21.7658,0,1.4444,1.4444,1.4444,1.4444,1.4444,1.4444,1.4444,1.4444
speed,350,1.0833333333333333,0,0,0,0,0,0,21.6667,21.9058,0,1.4444,1.4444,1.4444,1.4444,1.4444,1.4444,1.4444,1.4444
speed,351,1.0833333333333333,0,0,0,0,0,0,21.6667,21.8767,0,1.4444,1.4444,1.4444,1.4444,1.4444,1.4444,1.4444,1.4444
speed,352,1.0833333333333333,0,0,0,0,0,0,21.6667,21.2033,0,1.4444,1.4444,1.4444,1.4444,1.4444,1.4444,1.4444,1.4444
speed,353,1.0833333333333333,0,0,0,0,0,0,21.6667,22.0366,0,1.4444,1.4444,1.4444,1.4444,1.4444,1.4444,1.4444,1.4444
speed,354,1.0833333333333333,0,0,0,0,0,0,21.6667,21.51,0,1.4444,1.4444,1.4444,1.4444,1.4444,1.4444,1.4444,1.4444
speed,355,1.0833333333333333,0,0,0,0,0,0,21.6667,20.9863,0,1.4444,1.4444,1.4444,1.4444,1.4444,1.4444,1.4444,1.4444
speed,356,1.0833333333333333,0,0,0,0,0,0,21.6667,21.615,0,1.4444,1.4444,1.4444,1.4444,1.4444,1.4444,1.4444,1.4444
speed,357,1.0833333333333333,0,0,0,0,0,0,21.6667,21.5001,0,1.4444,1.4444,1.4444,1.4444,1.4444,1.4444,1.4444,1.4444
speed,358,1.0833333333333333,0,0,0,0,0,0,21.6667,21.1026,0,1.4444,1.4444,1.4444,1.4444,1.4444,1.4444,1.4444,1.4444
speed,359,1.0833333333333333,0,0,0,0,0,0,21.6667,21.4532,0,1.4444,1.4444,1.4444,1.4444,1.4444,1.4444,1.4444,1.4444
speed,360,1.1428571428571428,0,0,0,0,0,0,22.8571,22.9795,0,1.5238,1.5238,1.5238,1.5238,1.5238,1.5238,1.5238,1.5238
speed,361,1.1428571428571428,0,0,0,0,0,0,22.8571,23.0414,0,1.5238,1.5238,1.5238,1.5238,1.5238,1.5238,1.5238,1.5238
speed,362,1.1428571428571428,0,0,0,0,0,0,22.8571,22.7488,0,1.5238,1.5238,1.5238,1.5238,1.5238,1.5238,1.5238,1.5238
speed,363,1.1428571428571428,0,0,0,0,0,0,22.8571,23.1311,0,1.5238,1.5238,1.5238,1.5238,1.5238,1.5238,1.5238,1.5238
speed,364,1.1428571428571428,0,0,0,0,0,0,22.8571,22.8579,0,1.5238,1.5238,1.5238,1.5238,1.5238,1.5238,1.5238,1.5238
speed,365,1.1428571428571428,0,0,0,0,0,0,22.8571,23.0408,0,1.5238,1.5238,1.5238,1.5238,1.5238,1.5238,1.5238,1.5238
speed,366,1.1428571428571428,0,0,0,0,0,0,22.8571,23.1148,0,1.5238,1.5238,1.5238,1.5238,1.5238,1.5238,1.5238,1.5238
speed,367,1.1428571428571428,0,0,0,0,0,0,22.8571,23.7399,0,1.5238,1.5238,1.5238,1.5238,1.5238,1.5238,1.5238,1.5238
speed,368,1.1428571428571428,0,0,0,0,0,0,22.8571,23.3196,0,1.5238,1.5238,1.5238,1.5238,1.5238,1.5238,1.5238,1.5238
speed,369,1.1428571428571428,0,0,0,0,0,0,22.8571,22.4922,0,1.5238,1.5238,1.5238,1.5238,1.5238,1.5238,1.5238,1.5238
speed,370,1.1428571428571428,0,0,0,0,0,0,22.8571,23.0564,0,1.5238,1.5238,1.5238,1.5238,1.5238,1.5238,1.5238,1.5238
speed,371,1.1428571428571428,0,0,0,0,0,0,22.8571,24.1263,0,1.5238,1.5238,1.5238,1.5238,1.5238,1.5238,1.5238,1.5238
speed,372,1.1428571428571428,0,0,0,0,0,0,22.8571,23.0678,0,1.5238,1.5238,1.5238,1.5238,1.5238,1.5238,1.5238,1.5238
speed,373,1.1428571428571428,0,0,0,0,0,0,22.8571,22.3775,0,1.5238,1.5238,1.5238,1.5238,1.5238,1.5238,1.5238,1.5238
speed,374,1.1428571428571428,0,0,0,0,0,0,22.8571,22.8059,0,1.5238,1.5238,1.5238,1.5238,1.5238,1.5238,1.5238,1.5238
speed,375,1.1428571428571428,0,0,0,0,0,0,22.8571,22.8974,0,1.5238,1.5238,1.5238,1.5238,1.5238,1.5238,1.5238,1.5238
speed,376,1.1428571428571428,0,0,0,0,0,0,22.8571,23.1285,0,1.5238,1.5238,1.5238,1.5238,1.5238,1.5238,1.5238,1.5238
speed,377,1.1428571428571428,0,0,0,0,0,0,22.8571,23.0059,0,1.5238,1.5238,1.5238,1.5238,1.5238,1.5238,1.5238,1.5238
speed,378,1.1428571428571428,0,0,0,0,0,0,22.8571,22.3607,0,1.5238,1.5238,1.5238,1.5238,1.5238,1.5238,1.5238,1.5238
speed,379,1.1428571428571428,0,0,0,0,0,0,22.8571,22.9487,0,1.5238,1.5238,1.5238,1.5238,1.5238,1.5238,1.5238,1.5238
speed,380,1.1428571428571428,0,0,0,0,0,0,22.8571,22.8542,0,1.5238,1.5238,1.5238,1.5238,1.5238,1.5238,1.5238,1.5238
speed,381,1.1428571428571428,0,0,0,0,0,0,22.8571,23.1145,0,1.5238,1.5238,1.5238,1.5238,1.5238,1.5238,1.5238,1.5238
speed,382,1.1428571428571428,0,0,0,0,0,0,22.8571,23.2843,0,1.5238,1.5238,1.5238,1.5238,1.5238,1.5238,1.5238,1.5238
speed,383,1.1428571428571428,0,0,0,0,0,0,22.8571,22.5742,0,1.5238,1.5238,1.5238,1.5238,1.5238,1.5238,1.5238,1.5238
speed,384,1.2023809523809523,0,0,0,0,0,0,24.0476,23.9802,0,1.6032,1.6032,1.6032,1.6032,1.6032,1.6032,1.6032,1.6032
speed,385,1.2023809523809523,0,0,0,0,0,0,24.0476,24.1124,0,1.6032,1.6032,1.6032,1.6032,1.6032,1.6032,1.6032,1.6032
speed,386,1.2023809523809523,0,0,0,0,0,0,24.0476,24.3576,0,1.6032,1.6032,1.6032,1.6032,1.6032,1.6032,1.6032,1.6032
speed,387,1.2023809523809523,0,0,0,0,0,0,24.0476,24.117,0,1.6032,1.6032,1.6032,1.6032,1.6032,1.6032,1.6032,1.6032
speed,388,1.2023809523809523,0,0,0,0,0,0,24.0476,23.7175,0,1.6032,1.6032,1.6032,1.6032,1.6032,1.6032,1.6032,1.6032
speed,389,1.2023809523809523,0,0,0,0,0,0,24.0476,24.2977,0,1.6032,1.6032,1.6032,1.6032,1.6032,1.6032,1.6032,1.6032
speed,390,1.2023809523809523,0,0,0,0,0,0,24.0476,24.3121,0,1.6032,1.6032,1.6032,1.6032,1.6032,1.6032,1.6032,1.6032
speed,391,1.2023809523809523,0,0,0,0,0,0,24.0476,24.1118,0,1.6032,1.6032,1.6032,1.6032,1.6032,1.6032,1.6032,1.6032
speed,392,1.2023809523809523,0,0,0,0,0,0,24.0476,24.0257,0,1.6032,1.6032,1.6032,1.6032,1.6032,1.6032,1.6032,1.6032
speed,393,1.2023809523809523,0,0,0,0,0,0,24.0476,24.0732,0,1.6032,1.6032,1.6032,1.6032,1.6032,1.6032,1.6032,1.6032
speed,394,1.2023809523809523,0,0,0,0,0,0,24.0476,23.3753,0,1.6032,1.6032,1.6032,1.6032,1.6032,1.6032,1.6032,1.6032
speed,395,1.2023809523809523,0,0,0,0,0,0,24.0476,23.4938,0,1.6032,1.6032,1.6032,1.6032,1.6032,1.6032,1.6032,1.6032
speed,396,1.2023809523809523,0,0,0,0,0,0,24.0476,23.7092,0,1.6032,1.6032,1.6032,1.6032,1.6032,1.6032,1.6032,1.6032
speed,397,1.2023809523809523,0,0,0,0,0,0,24.0476,24.0915,0,1.6032,1.6032,1.6032,1.6032,1.6032,1.6032,1.6032,1.6032
speed,398,1.2023809523809523,0,0,0,0,0,0,24.0476,24.3976,0,1.6032,1.6032,1.6032,1.6032,1.6032,1.6032,1.6032,1.6032
speed,399,1.2023809523809523,0,0,0,0,0,0,24.0476,24.2479,0,1.6032,1.6032,1.6032,1.6032,1.6032,1.6032,1.6032,1.6032
speed,400,1.2023809523809523,0,0,0,0,0,0,24.0476,24.0287,0,1.6032,1.6032,1.6032,1.6032,1.6032,1.6032,1.6032,1.6032
speed,401,1.2023809523809523,0,0,0,0,0,0,24.0476,24.5355,0,1.6032,1.6032,1.6032,1.6032,1.6032,1.6032,1.6032,1.6032
speed,402,1.2023809523809523,0,0,0,0,0,0,24.0476,23.9454,0,1.6032,1.6032,1.6032,1.6032,1.6032,1.6032,1.6032,1.6032
speed,403,1.2023809523809523,0,0,0,0,0,0,24.0476,24.1399,0,1.6032,1.6032,1.6032,1.6032,1.6032,1.6032,1.6032,1.6032
speed,404,1.2023809523809523,0,0,0,0,0,0,24.0476,23.8006,0,1.6032,1.6032,1.6032,1.6032,1.6032,1.6032,1.6032,1.6032
speed,405,1.2023809523809523,0,0,0,0,0,0,24.0476,24.2295,0,1.6032,1.6032,1.6032,1.6032,1.6032,1.6032,1.6032,1.6032
speed,406,1.2023809523809523,0,0,0,0,0,0,24.0476,23.4743,0,1.6032,1.6032,1.6032,1.6032,1.6032,1.6032,1.6032,1.6032
speed,407,1.2023809523809523,0,0,0,0,0,0,24.0476,23.9912,0,1.6032,1.6032,1.6032,1.6032,1.6032,1.6032,1.6032,1.6032
speed,408,1.2619047619047619,0,0,0,0,0,0,25.2381,25.0813,0,1.6825,1.6825,1.6825,1.6825,1.6825,1.6825,1.6825,1.6825
speed,409,1.2619047619047619,0,0,0,0,0,0,25.2381,24.6492,0,1.6825,1.6825,1.6825,1.6825,1.6825,1.6825,1.6825,1.6825
speed,410,1.2619047619047619,0,0,0,0,0,0,25.2381,24.8195,0,1.6825,1.6825,1.6825,1.6825,1.6825,1.6825,1.6825,1.6825
speed,411,1.2619047619047619,0,0,0,0,0,0,25.2381,25.429,0,1.6825,1.6825,1.6825,1.6825,1.6825,1.6825,1.6825,1.6825
speed,412,1.2619047619047619,0,0,0,0,0,0,25.2381,25.9768,0,1.6825,1.6825,1.6825,1.6825,1.6825,1.6825,1.6825,1.6825
speed,413,1.2619047619047619,0,0,0,0,0,0,25.2381,25.4821,0,1.6825,1.6825,1.6825,1.6825,1.6825,1.6825,1.6825,1.6825
speed,414,1.2619047619047619,0,0,0,0,0,0,25.2381,24.9627,0,1.6825,1.6825,1.6825,1.6825,1.6825,1.6825,1.6825,1.6825
speed,415,1.2619047619047619,0,0,0,0,0,0,25.2381,24.4844,0,1.6825,1.6825,1.6825,1.6825,1.6825,1.6825,1.6825,1.6825
speed,416,1.2619047619047619,0,0,0,0,0,0,25.2381,25.6465,0,1.6825,1.6825,1.6825,1.6825,1.6825,1.6825,1.6825,1.6825
speed,417,1.2619047619047619,0,0,0,0,0,0,25.2381,24.6052,0,1.6825,1.6825,1.6825,1.6825,1.6825,1.6825,1.6825,1.6825
speed,418,1.2619047619047619,0,0,0,0,0,0,25.2381,25.2486,0,1.6825,1.6825,1.6825,1.6825,1.6825,1.6825,1.6825,1.6825
speed,419,1.2619047619047619,0,0,0,0,0,0,25.2381,25.1834,0,1.6825,1.6825,1.6825,1.6825,1.6825,1.6825,1.6825,1.6825
speed,420,1.2619047619047619,0,0,0,0,0,0,25.2381,25.8407,0,1.6825,1.6825,1.6825,1.6825,1.6825,1.6825,1.6825,1.6825
speed,421,1.2619047619047619,0,0,0,0,0,0,25.2381,24.9402,0,1.6825,1.6825,1.6825,1.6825,1.6825,1.6825,1.6825,1.6825
speed,422,1.2619047619047619,0,0,0,0,0,0,25.2381,25.1037,0,1.6825,1.6825,1.6825,1.6825,1.6825,1.6825,1.6825,1.6825
speed,423,1.2619047619047619,0,0,0,0,0,0,25.2381,25.3358,0,1.6825,1.6825,1.6825,1.6825,1.6825,1.6825,1.6825,1.6825
speed,424,1.2619047619047619,0,0,0,0,0,0,25.2381,26.0696,0,1.6825,1.6825,1.6825,1.6825,1.6825,1.6825,1.6825,1.6825
speed,425,1.2619047619047619,0,0,0,0,0,0,25.2381,25.1835,0,1.6825,1.6825,1.6825,1.6825,1.6825,1.6825,1.6825,1.6825
speed,426,1.2619047619047619,0,0,0,0,0,0,25.2381,24.9026,0,1.6825,1.6825,1.6825,1.6825,1.6825,1.6825,1.6825,1.6825
speed,427,1.2619047619047619,0,0,0,0,0,0,25.2381,25.5519,0,1.6825,1.6825,1.6825,1.6825,1.6825,1.6825,1.6825,1.6825
speed,428,1.2619047619047619,0,0,0,0,0,0,25.2381,24.9584,0,1.6825,1.6825,1.6825,1.6825,1.6825,1.6825,1.6825,1.6825
speed,429,1.2619047619047619,0,0,0,0,0,0,25.2381,24.7852,0,1.6825,1.6825,1.6825,1.6825,1.6825,1.6825,1.6825,1.6825
speed,430,1.2619047619047619,0,0,0,0,0,0,25.2381,24.9937,0,1.6825,1.6825,1.6825,1.6825,1.6825,1.6825,1.6825,1.6825
speed,431,1.2619047619047619,0,0,0,0,0,0,25.2381,25.6337,0,1.6825,1.6825,1.6825,1.6825,1.6825,1.6825,1.6825,1.6825
speed,432,1.3214285714285714,0,0,0,0,0,0,26.4286,26.4676,0,1.7619,1.7619,1.7619,1.7619,1.7619,1.7619,1.7619,1.7619
speed,433,1.3214285714285714,0,0,0,0,0,0,26.4286,27.2052,0,1.7619,1.7619,1.7619,1.7619,1.7619,1.7619,1.7619,1.7619
speed,434,1.3214285714285714,0,0,0,0,0,0,26.4286,25.4015,0,1.7619,1.7619,1.7619,1.7619,1.7619,1.7619,1.7619,1.7619
speed,435,1.3214285714285714,0,0,0,0,0,0,26.4286,27.2434,0,1.7619,1.7619,1.7619,1.7619,1.7619,1.7619,1.7619,1.7619
speed,436,1.3214285714285714,0,0,0,0,0,0,26.4286,26.6787,0,1.7619,1.7619,1.7619,1.7619,1.7619,1.7619,1.7619,1.7619
speed,437,1.3214285714285714,0,0,0,0,0,0,26.4286,26.9606,0,1.7619,1.7619,1.7619,1.7619,1.7619,1.7619,1.7619,1.7619
speed,438,1.3214285714285714,0,0,0,0,0,0,26.4286,26.0311,0,1.7619,1.7619,1.7619,1.7619,1.7619,1.7619,1.7619,1.7619
speed,439,1.3214285714285714,0,0,0,0,0,0,26.4286,27.0537,0,1.7619,1.7619,1.7619,1.7619,1.7619,1.7619,1.7619,1.7619
speed,440,1.3214285714285714,0,0,0,0,0,0,26.4286,26.7014,0,1.7619,1.7619,1.7619,1.7619,1.7619,1.7619,1.7619,1.7619
speed,441,1.3214285714285714,0,0,0,0,0,0,26.4286,25.9937,0,1.7619,1.7619,1.7619,1.7619,1.7619,1.7619,1.7619,1.7619
speed,442,1.3214285714285714,0,0,0,0,0,0,26.4286,26.9198,0,1.7619,1.7619,1.7619,1.7619,1.7619,1.7619,1.7619,1.7619
speed,443,1.3214285714285714,0,0,0,0,0,0,26.4286,25.9156,0,1.7619,1.7619,1.7619,1.7619,1.7619,1.7619,1.7619,1.7619
speed,444,1.3214285714285714,0,0,0,0,0,0,26.4286,26.6051,0,1.7619,1.7619,1.7619,1.7619,1.7619,1.7619,1.7619,1.7619
speed,445,1.3214285714285714,0,0,0,0,0,0,26.4286,26.108,0,1.7619,1.7619,1.7619,1.7619,1.7619,1.7619,1.7619,1.7619
speed,446,1.3214285714285714,0,0,0,0,0,0,26.4286,27.0027,0,1.7619,1.7619,1.7619,1.7619,1.7619,1.7619,1.7619,1.7619
speed,447,1.3214285714285714,0,0,0,0,0,0,26.4286,26.2242,0,1.7619,1.7619,1.7619,1.7619,1.7619,1.7619,1.7619,1.7619
speed,448,1.3214285714285714,0,0,0,0,0,0,26.4286,26.4883,0,1.7619,1.7619,1.7619,1.7619,1.7619,1.7619,1.7619,1.7619
speed,449,1.3214285714285714,0,0,0,0,0,0,26.4286,26.2633,0,1.7619,1.7619,1.7619,1.7619,1.7619,1.7619,1.7619,1.7619
speed,450,1.3214285714285714,0,0,0,0,0,0,26.4286,26.8378,0,1.7619,1.7619,1.7619,1.7619,1.7619,1.7619,1.7619,1.7619
speed,451,1.3214285714285714,0,0,0,0,0,0,26.4286,26.9927,0,1.7619,1.7619,1.7619,1.7619,1.7619,1.7619,1.7619,1.7619
speed,452,1.3214285714285714,0,0,0,0,0,0,26.4286,26.4888,0,1.7619,1.7619,1.7619,1.7619,1.7619,1.7619,1.7619,1.7619
speed,453,1.3214285714285714,0,0,0,0,0,0,26.4286,26.2828,0,1.7619,1.7619,1.7619,1.7619,1.7619,1.7619,1.7619,1.7619
speed,454,1.3214285714285714,0,0,0,0,0,0,26.4286,26.8518,0,1.7619,1.7619,1.7619,1.7619,1.7619,1.7619,1.7619,1.7619
speed,455,1.3214285714285714,0,0,0,0,0,0,26.4286,26.1953,0,1.7619,1.7619,1.7619,1.7619,1.7619,1.7619,1.7619,1.7619
speed,456,1.380952380952381,0,0,0,0,0,0,27.619,27.1883,0,1.8413,1.8413,1.8413,1.8413,1.8413,1.8413,1.8413,1.8413
speed,457,1.380952380952381,0,0,0,0,0,0,27.619,27.425,0,1.8413,1.8413,1.8413,1.8413,1.8413,1.8413,1.8413,1.8413
speed,458,1.380952380952381,0,0,0,0,0,0,27.619,28.4259,0,1.8413,1.8413,1.8413,1.8413,1.8413,1.8413,1.8413,1.8413
speed,459,1.380952380952381,0,0,0,0,0,0,27.619,28.3455,0,1.8413,1.8413,1.8413,1.8413,1.8413,1.8413,1.8413,1.8413
speed,460,1.380952380952381,0,0,0,0,0,0,27.619,27.2141,0,1.8413,1.8413,1.8413,1.8413,1.8413,1.8413,1.8413,1.8413
speed,461,1.380952380952381,0,0,0,0,0,0,27.619,27.5595,0,1.8413,1.8413,1.8413,1.8413,1.8413,1.8413,1.8413,1.8413
speed,462,1.380952380952381,0,0,0,0,0,0,27.619,27.3231,0,1.8413,1.8413,1.8413,1.8413,1.8413,1.8413,1.8413,1.8413
speed,463,1.380952380952381,0,0,0,0,0,0,27.619,28.0143,0,1.8413,1.8413,1.8413,1.8413,1.8413,1.8413,1.8413,1.8413
speed,464,1.380952380952381,0,0,0,0,0,0,27.619,28.2985,0,1.8413,1.8413,1.8413,1.8413,1.8413,1.8413,1.8413,1.8413
speed,465,1.380952380952381,0,0,0,0,0,0,27.619,27.5588,0,1.8413,1.8413,1.8413,1.8413,1.8413,1.8413,1.8413,1.8413
speed,466,1.380952380952381,0,0,0,0,0,0,27.619,28.1617,0,1.8413,1.8413,1.8413,1.8413,1.8413,1.8413,1.8413,1.8413
speed,467,1.380952380952381,0,0,0,0,0,0,27.619,27.7886,0,1.8413,1.8413,1.8413,1.8413,1.8413,1.8413,1.8413,1.8413
speed,468,1.380952380952381,0,0,0,0,0,0,27.619,27.743,0,1.8413,1.8413,1.8413,1.8413,1.8413,1.8413,1.8413,1.8413
speed,469,1.380952380952381,0,0,0,0,0,0,27.619,27.3336,0,1.8413,1.8413,1.8413,1.8413,1.8413,1.8413,1.8413,1.8413
speed,470,1.380952380952381,0,0,0,0,0,0,27.619,27.1516,0,1.8413,1.8413,1.8413,1.8413,1.8413,1.8413,1.8413,1.8413
speed,471,1.380952380952381,0,0,0,0,0,0,27.619,27.5865,0,1.8413,1.8413,1.8413,1.8413,1.8413,1.8413,1.8413,1.8413
speed,472,1.380952380952381,0,0,0,0,0,0,27.619,27.1667,0,1.8413,1.8413,1.8413,1.8413,1.8413,1.8413,1.8413,1.8413
speed,473,1.380952380952381,0,0,0,0,0,0,27.619,27.3875,0,1.8413,1.8413,1.8413,1.8413,1.8413,1.8413,1.8413,1.8413
speed,474,1.380952380952381,0,0,0,0,0,0,27.619,27.8115,0,1.8413,1.8413,1.8413,1.8413,1.8413,1.8413,1.8413,1.8413
speed,475,1.380952380952381,0,0,0,0,0,0,27.619,27.2893,0,1.8413,1.8413,1.8413,1.8413,1.8413,1.8413,1.8413,1.8413
speed,476,1.380952380952381,0,0,0,0,0,0,27.619,27.0934,0,1.8413,1.8413,1.8413,1.8413,1.8413,1.8413,1.8413,1.8413
speed,477,1.380952380952381,0,0,0,0,0,0,27.619,27.4366,0,1.8413,1.8413,1.8413,1.8413,1.8413,1.8413,1.8413,1.8413
speed,478,1.380952380952381,0,0,0,0,0,0,27.619,28.202,0,1.8413,1.8413,1.8413,1.8413,1.8413,1.8413,1.8413,1.8413
speed,479,1.380952380952381,0,0,0,0,0,0,27.619,28.0255,0,1.8413,1.8413,1.8413,1.8413,1.8413,1.8413,1.8413,1.8413
speed,480,1.4404761904761905,0,0,0,0,0,0,28.8095,29.0903,0,1.9206,1.9206,1.9206,1.9206,1.9206,1.9206,1.9206,1.9206
speed,481,1.4404761904761905,0,0,0,0,0,0,28.8095,28.1337,0,1.9206,1.9206,1.9206,1.9206,1.9206,1.9206,1.9206,1.9206
speed,482,1.4404761904761905,0,0,0,0,0,0,28.8095,28.8508,0,1.9206,1.9206,1.9206,1.9206,1.9206,1.9206,1.9206,1.9206
speed,483,1.4404761904761905,0,0,0,0,0,0,28.8095,29.5201,0,1.9206,1.9206,1.9206,1.9206,1.9206,1.9206,1.9206,1.9206
speed,484,1.4404761904761905,0,0,0,0,0,0,28.8095,28.9033,0,1.9206,1.9206,1.9206,1.9206,1.9206,1.9206,1.9206,1.9206
speed,485,1.4404761904761905,0,0,0,0,0,0,28.8095,28.9745,0,1.9206,1.9206,1.9206,1.9206,1.9206,1.9206,1.9206,1.9206
speed,486,1.4404761904761905,0,0,0,0,0,0,28.8095,28.8745,0,1.9206,1.9206,1.9206,1.9206,1.9206,1.9206,1.9206,1.9206
speed,487,1.4404761904761905,0,0,0,0,0,0,28.8095,29.2687,0,1.9206,1.9206,1.9206,1.9206,1.9206,1.9206,1.9206,1.9206
speed,488,1.4404761904761905,0,0,0,0,0,0,28.8095,28.2734,0,1.9206,1.9206,1.9206,1.9206,1.9206,1.9206,1.9206,1.9206
speed,489,1.4404761904761905,0,0,0,0,0,0,28.8095,28.4816,0,1.9206,1.9206,1.9206,1.9206,1.9206,1.9206,1.9206,1.9206
speed,490,1.4404761904761905,0,0,0,0,0,0,28.8095,28.6356,0,1.9206,1.9206,1.9206,1.9206,1.9206,1.9206,1.9206,1.9206
speed,491,1.4404761904761905,0,0,0,0,0,0,28.8095,28.1689,0,1.9206,1.9206,1.9206,1.9206,1.9206,1.9206,1.9206,1.9206
speed,492,1.4404761904761905,0,0,0,0,0,0,28.8095,28.2686,0,1.9206,1.9206,1.9206,1.9206,1.9206,1.9206,1.9206,1.9206
speed,493,1.4404761904761905,0,0,0,0,0,0,28.8095,28.2063,0,1.9206,1.9206,1.9206,1.9206,1.9206,1.9206,1.9206,1.9206
speed,494,1.4404761904761905,0,0,0,0,0,0,28.8095,28.6323,0,1.9206,1.9206,1.9206,1.9206,1.9206,1.9206,1.9206,1.9206
speed,495,1.4404761904761905,0,0,0,0,0,0,28.8095,29.0517,0,1.9206,1.9206,1.9206,1.9206,1.9206,1.9206,1.9206,1.9206
speed,496,1.4404761904761905,0,0,0,0,0,0,28.8095,28.2674,0,1.9206,1.9206,1.9206,1.9206,1.9206,1.9206,1.9206,1.9206
speed,497,1.4404761904761905,0,0,0,0,0,0,28.8095,29.1175,0,1.9206,1.9206,1.9206,1.9206,1.9206,1.9206,1.9206,1.9206
speed,498,1.4404761904761905,0,0,0,0,0,0,28.8095,28.8444,0,1.9206,1.9206,1.9206,1.9206,1.9206,1.9206,1.9206,1.9206
speed,499,1.4404761904761905,0,0,0,0,0,0,28.8095,29.5493,0,1.9206,1.9206,1.9206,1.9206,1.9206,1.9206,1.9206,1.9206
speed,500,1.4404761904761905,0,0,0,0,0,0,28.8095,28.9687,0,1.9206,1.9206,1.9206,1.9206,1.9206,1.9206,1.9206,1.9206
speed,501,1.4404761904761905,0,0,0,0,0,0,28.8095,28.7576,0,1.9206,1.9206,1.9206,1.9206,1.9206,1.9206,1.9206,1.9206
speed,502,1.4404761904761905,0,0,0,0,0,0,28.8095,28.8553,0,1.9206,1.9206,1.9206,1.9206,1.9206,1.9206,1.9206,1.9206
speed,503,1.4404761904761905,0,0,0,0,0,0,28.8095,28.1344,0,1.9206,1.9206,1.9206,1.9206,1.9206,1.9206,1.9206,1.9206
speed,504,1.5,0,0,0,0,0,0,30.0,30.1013,0,2.0,2.0,2.0,2.0,2.0,2.0,2.0,2.0
speed,505,1.5,0,0,0,0,0,0,30.0,30.0,0,2.0,2.0,2.0,2.0,2.0,2.0,2.0,2.0
speed,506,1.5,0,0,0,0,0,0,30.0,29.5589,0,2.0,2.0,2.0,2.0,2.0,2.0,2.0,2.0
speed,507,1.5,0,0,0,0,0,0,30.0,30.2888,0,2.0,2.0,2.0,2.0,2.0,2.0,2.0,2.0
speed,508,1.5,0,0,0,0,0,0,30.0,30.144,0,2.0,2.0,2.0,2.0,2.0,2.0,2.0,2.0
speed,509,1.5,0,0,0,0,0,0,30.0,30.4928,0,2.0,2.0,2.0,2.0,2.0,2.0,2.0,2.0
speed,510,1.5,0,0,0,0,0,0,30.0,29.7282,0,2.0,2.0,2.0,2.0,2.0,2.0,2.0,2.0
speed,511,1.5,0,0,0,0,0,0,30.0,30.5698,0,2.0,2.0,2.0,2.0,2.0,2.0,2.0,2.0
speed,512,1.5,0,0,0,0,0,0,30.0,29.3749,0,2.0,2.0,2.0,2.0,2.0,2.0,2.0,2.0
speed,513,1.5,0,0,0,0,0,0,30.0,29.6865,0,2.0,2.0,2.0,2.0,2.0,2.0,2.0,2.0
speed,514,1.5,0,0,0,0,0,0,30.0,30.3268,0,2.0,2.0,2.0,2.0,2.0,2.0,2.0,2.0
speed,515,1.5,0,0,0,0,0,0,30.0,29.7229,0,2.0,2.0,2.0,2.0,2.0,2.0,2.0,2.0
speed,516,1.5,0,0,0,0,0,0,30.0,29.8919,0,2.0,2.0,2.0,2.0,2.0,2.0,2.0,2.0
speed,517,1.5,0,0,0,0,0,0,30.0,30.0514,0,2.0,2.0,2.0,2.0,2.0,2.0,2.0,2.0
speed,518,1.5,0,0,0,0,0,0,30.0,30.094,0,2.0,2.0,2.0,2.0,2.0,2.0,2.0,2.0
speed,519,1.5,0,0,0,0,0,0,30.0,30.1125,0,2.0,2.0,2.0,2.0,2.0,2.0,2.0,2.0
speed,520,1.5,0,0,0,0,0,0,30.0,29.5096,0,2.0,2.0,2.0,2.0,2.0,2.0,2.0,2.0
speed,521,1.5,0,0,0,0,0,0,30.0,29.9774,0,2.0,2.0,2.0,2.0,2.0,2.0,2.0,2.0
speed,522,1.5,0,0,0,0,0,0,30.0,29.5365,0,2.0,2.0,2.0,2.0,2.0,2.0,2.0,2.0
speed,523,1.5,0,0,0,0,0,0,30.0,29.6294,0,2.0,2.0,2.0,2.0,2.0,2.0,2.0,2.0
speed,524,1.5,0,0,0,0,0,0,30.0,30.1352,0,2.0,2.0,2.0,2.0,2.0,2.0,2.0,2.0
speed,525,1.5,0,0,0,0,0,0,30.0,30.4811,0,2.0,2.0,2.0,2.0,2.0,2.0,2.0,2.0
speed,526,1.5,0,0,0,0,0,0,30.0,29.7357,0,2.0,2.0,2.0,2.0,2.0,2.0,2.0,2.0
speed,527,1.5,0,0,0,0,0,0,30.0,29.6629,0,2.0,2.0,2.0,2.0,2.0,2.0,2.0,2.0
speed,528,1.5595238095238095,0,0,0,0,0,0,31.1905,30.9737,0,2.0794,2.0794,2.0794,2.0794,2.0794,2.0794,2.0794,2.0794
speed,529,1.5595238095238095,0,0,0,0,0,0,31.1905,30.9949,0,2.0794,2.0794,2.0794,2.0794,2.0794,2.0794,2.0794,2.0794
speed,530,1.5595238095238095,0,0,0,0,0,0,31.1905,30.0791,0,2.0794,2.0794,2.0794,2.0794,2.0794,2.0794,2.0794,2.0794
speed,531,1.5595238095238095,0,0,0,0,0,0,31.1905,31.1493,0,2.0794,2.0794,2.0794,2.0794,2.0794,2.0794,2.0794,2.0794
speed,532,1.5595238095238095,0,0,0,0,0,0,31.1905,31.6536,0,2.0794,2.0794,2.0794,2.0794,2.0794,2.0794,2.0794,2.0794
speed,533,1.5595238095238095,0,0,0,0,0,0,31.1905,31.2797,0,2.0794,2.0794,2.0794,2.0794,2.0794,2.0794,2.0794,2.0794
speed,534,1.5595238095238095,0,0,0,0,0,0,31.1905,31.1428,0,2.0794,2.0794,2.0794,2.0794,2.0794,2.0794,2.0794,2.0794
speed,535,1.5595238095238095,0,0,0,0,0,0,31.1905,30.2805,0,2.0794,2.0794,2.0794,2.0794,2.0794,2.0794,2.0794,2.0794
speed,536,1.5595238095238095,0,0,0,0,0,0,31.1905,31.5607,0,2.0794,2.0794,2.0794,2.0794,2.0794,2.0794,2.0794,2.0794
speed,537,1.5595238095238095,0,0,0,0,0,0,31.1905,30.5696,0,2.0794,2.0794,2.0794,2.0794,2.0794,2.0794,2.0794,2.0794
speed,538,1.5595238095238095,0,0,0,0,0,0,31.1905,31.3338,0,2.0794,2.0794,2.0794,2.0794,2.0794,2.0794,2.0794,2.0794
speed,539,1.5595238095238095,0,0,0,0,0,0,31.1905,31.0693,0,2.0794,2.0794,2.0794,2.0794,2.0794,2.0794,2.0794,2.0794
speed,540,1.5595238095238095,0,0,0,0,0,0,31.1905,31.0427,0,2.0794,2.0794,2.0794,2.0794,2.0794,2.0794,2.0794,2.0794
speed,541,1.5595238095238095,0,0,0,0,0,0,31.1905,30.986,0,2.0794,2.0794,2.0794,2.0794,2.0794,2.0794,2.0794,2.0794
speed,542,1.5595238095238095,0,0,0,0,0,0,31.1905,30.9715,0,2.0794,2.0794,2.0794,2.0794,2.0794,2.0794,2.0794,2.0794
speed,543,1.5595238095238095,0,0,0,0,0,0,31.1905,31.7802,0,2.0794,2.0794,2.0794,2.0794,2.0794,2.0794,2.0794,2.0794
speed,544,1.5595238095238095,0,0,0,0,0,0,31.1905,31.1197,0,2.0794,2.0794,2.0794,2.0794,2.0794,2.0794,2.0794,2.0794
speed,545,1.5595238095238095,0,0,0,0,0,0,31.1905,31.1831,0,2.0794,2.0794,2.0794,2.0794,2.0794,2.0794,2.0794,2.0794
speed,546,1.5595238095238095,0,0,0,0,0,0,31.1905,30.4502,0,2.0794,2.0794,2.0794,2.0794,2.0794,2.0794,2.0794,2.0794
speed,547,1.5595238095238095,0,0,0,0,0,0,31.1905,31.2261,0,2.0794,2.0794,2.0794,2.0794,2.0794,2.0794,2.0794,2.0794
speed,548,1.5595238095238095,0,0,0,0,0,0,31.1905,31.6008,0,2.0794,2.0794,2.0794,2.0794,2.0794,2.0794,2.0794,2.0794
speed,549,1.5595238095238095,0,0,0,0,0,0,31.1905,31.2789,0,2.0794,2.0794,2.0794,2.0794,2.0794,2.0794,2.0794,2.0794
speed,550,1.5595238095238095,0,0,0,0,0,0,31.1905,31.8176,0,2.0794,2.0794,2.0794,2.0794,2.0794,2.0794,2.0794,2.0794
speed,551,1.5595238095238095,0,0,0,0,0,0,31.1905,31.3344,0,2.0794,2.0794,2.0794,2.0794,2.0794,2.0794,2.0794,2.0794
speed,552,1.619047619047619,0,0,0,0,0,0,32.381,32.5535,0,2.1587,2.1587,2.1587,2.1587,2.1587,2.1587,2.1587,2.1587
speed,553,1.619047619047619,0,0,0,0,0,0,32.381,32.5895,0,2.1587,2.1587,2.1587,2.1587,2.1587,2.1587,2.1587,2.1587
speed,554,1.619047619047619,0,0,0,0,0,0,32.381,32.6253,0,2.1587,2.1587,2.1587,2.1587,2.1587,2.1587,2.1587,2.1587
speed,555,1.619047619047619,0,0,0,0,0,0,32.381,32.5006,0,2.1587,2.1587,2.1587,2.1587,2.1587,2.1587,2.1587,2.1587
speed,556,1.619047619047619,0,0,0,0,0,0,32.381,32.3764,0,2.1587,2.1587,2.1587,2.1587,2.1587,2.1587,2.1587,2.1587
speed,557,1.619047619047619,0,0,0,0,0,0,32.381,31.4538,0,2.1587,2.1587,2.1587,2.1587,2.1587,2.1587,2.1587,2.1587
speed,558,1.619047619047619,0,0,0,0,0,0,32.381,32.0009,0,2.1587,2.1587,2.1587,2.1587,2.1587,2.1587,2.1587,2.1587
speed,559,1.619047619047619,0,0,0,0,0,0,32.381,32.7503,0,2.1587,2.1587,2.1587,2.1587,2.1587,2.1587,2.1587,2.1587
speed,560,1.619047619047619,0,0,0,0,0,0,32.381,32.133,0,2.1587,2.1587,2.1587,2.1587,2.1587,2.1587,2.1587,2.1587
speed,561,1.619047619047619,0,0,0,0,0,0,32.381,32.4347,0,2.1587,2.1587,2.1587,2.1587,2.1587,2.1587,2.1587,2.1587
speed,562,1.619047619047619,0,0,0,0,0,0,32.381,32.7686,0,2.1587,2.1587,2.1587,2.1587,2.1587,2.1587,2.1587,2.1587
speed,563,1.619047619047619,0,0,0,0,0,0,32.381,31.9996,0,2.1587,2.1587,2.1587,2.1587,2.1587,2.1587,2.1587,2.1587
speed,564,1.619047619047619,0,0,0,0,0,0,32.381,31.8045,0,2.1587,2.1587,2.1587,2.1587,2.1587,2.1587,2.1587,2.1587
speed,565,1.619047619047619,0,0,0,0,0,0,32.381,32.4944,0,2.1587,2.1587,2.1587,2.1587,2.1587,2.1587,2.1587,2.1587
speed,566,1.619047619047619,0,0,0,0,0,0,32.381,32.1437,0,2.1587,2.1587,2.1587,2.1587,2.1587,2.1587,2.1587,2.1587
speed,567,1.619047619047619,0,0,0,0,0,0,32.381,32.338,0,2.1587,2.1587,2.1587,2.1587,2.1587,2.1587,2.1587,2.1587
speed,568,1.619047619047619,0,0,0,0,0,0,32.381,32.7117,0,2.1587,2.1587,2.1587,2.1587,2.1587,2.1587,2.1587,2.1587
speed,569,1.619047619047619,0,0,0,0,0,0,32.381,31.5228,0,2.1587,2.1587,2.1587,2.1587,2.1587,2.1587,2.1587,2.1587
speed,570,1.619047619047619,0,0,0,0,0,0,32.381,32.5931,0,2.1587,2.1587,2.1587,2.1587,2.1587,2.1587,2.1587,2.1587
speed,571,1.619047619047619,0,0,0,0,0,0,32.381,31.8359,0,2.1587,2.1587,2.1587,2.1587,2.1587,2.1587,2.1587,2.1587
speed,572,1.619047619047619,0,0,0,0,0,0,32.381,32.7035,0,2.1587,2.1587,2.1587,2.1587,2.1587,2.1587,2.1587,2.1587
speed,573,1.619047619047619,0,0,0,0,0,0,32.381,31.5274,0,2.1587,2.1587,2.1587,2.1587,2.1587,2.1587,2.1587,2.1587
speed,574,1.619047619047619,0,0,0,0,0,0,32.381,32.7495,0,2.1587,2.1587,2.1587,2.1587,2.1587,2.1587,2.1587,2.1587
speed,575,1.619047619047619,0,0,0,0,0,0,32.381,32.7182,0,2.1587,2.1587,2.1587,2.1587,2.1587,2.1587,2.1587,2.1587
speed,576,1.6785714285714284,0,0,0,0,0,0,33.5714,33.9126,0,2.2381,2.2381,2.2381,2.2381,2.2381,2.2381,2.2381,2.2381
speed,577,1.6785714285714284,0,0,0,0,0,0,33.5714,33.2436,0,2.2381,2.2381,2.2381,2.2381,2.2381,2.2381,2.2381,2.2381
speed,578,1.6785714285714284,0,0,0,0,0,0,33.5714,32.7411,0,2.2381,2.2381,2.2381,2.2381,2.2381,2.2381,2.2381,2.2381
speed,579,1.6785714285714284,0,0,0,0,0,0,33.5714,33.4767,0,2.2381,2.2381,2.2381,2.2381,2.2381,2.2381,2.2381,2.2381
speed,580,1.6785714285714284,0,0,0,0,0,0,33.5714,33.5353,0,2.2381,2.2381,2.2381,2.2381,2.2381,2.2381,2.2381,2.2381
speed,581,1.6785714285714284,0,0,0,0,0,0,33.5714,34.1695,0,2.2381,2.2381,2.2381,2.2381,2.2381,2.2381,2.2381,2.2381
speed,582,1.6785714285714284,0,0,0,0,0,0,33.5714,33.8515,0,2.2381,2.2381,2.2381,2.2381,2.2381,2.2381,2.2381,2.2381
speed,583,1.6785714285714284,0,0,0,0,0,0,33.5714,34.0259,0,2.2381,2.2381,2.2381,2.2381,2.2381,2.2381,2.2381,2.2381
speed,584,1.6785714285714284,0,0,0,0,0,0,33.5714,33.9829,0,2.2381,2.2381,2.2381,2.2381,2.2381,2.2381,2.2381,2.2381
speed,585,1.6785714285714284,0,0,0,0,0,0,33.5714,33.9803,0,2.2381,2.2381,2.2381,2.2381,2.2381,2.2381,2.2381,2.2381
speed,586,1.6785714285714284,0,0,0,0,0,0,33.5714,33.245,0,2.2381,2.2381,2.2381,2.2381,2.2381,2.2381,2.2381,2.2381
speed,587,1.6785714285714284,0,0,0,0,0,0,33.5714,34.128,0,2.2381,2.2381,2.2381,2.2381,2.2381,2.2381,2.2381,2.2381
speed,588,1.6785714285714284,0,0,0,0,0,0,33.5714,33.6959,0,2.2381,2.2381,2.2381,2.2381,2.2381,2.2381,2.2381,2.2381
speed,589,1.6785714285714284,0,0,0,0,0,0,33.5714,33.3503,0,2.2381,2.2381,2.2381,2.2381,2.2381,2.2381,2.2381,2.2381
speed,590,1.6785714285714284,0,0,0,0,0,0,33.5714,33.7689,0,2.2381,2.2381,2.2381,2.2381,2.2381,2.2381,2.2381,2.2381
speed,591,1.6785714285714284,0,0,0,0,0,0,33.5714,33.2246,0,2.2381,2.2381,2.2381,2.2381,2.2381,2.2381,2.2381,2.2381
speed,592,1.6785714285714284,0,0,0,0,0,0,33.5714,33.9834,0,2.2381,2.2381,2.2381,2.2381,2.2381,2.2381,2.2381,2.2381
speed,593,1.6785714285714284,0,0,0,0,0,0,33.5714,33.5209,0,2.2381,2.2381,2.2381,2.2381,2.2381,2.2381,2.2381,2.2381
speed,594,1.6785714285714284,0,0,0,0,0,0,33.5714,33.5954,0,2.2381,2.2381,2.2381,2.2381,2.2381,2.2381,2.2381,2.2381
speed,595,1.6785714285714284,0,0,0,0,0,0,33.5714,33.4832,0,2.2381,2.2381,2.2381,2.2381,2.2381,2.2381,2.2381,2.2381
speed,596,1.6785714285714284,0,0,0,0,0,0,33.5714,33.2772,0,2.2381,2.2381,2.2381,2.2381,2.2381,2.2381,2.2381,2.2381
speed,597,1.6785714285714284,0,0,0,0,0,0,33.5714,33.2698,0,2.2381,2.2381,2.2381,2.2381,2.2381,2.2381,2.2381,2.2381
speed,598,1.6785714285714284,0,0,0,0,0,0,33.5714,33.8693,0,2.2381,2.2381,2.2381,2.2381,2.2381,2.2381,2.2381,2.2381
speed,599,1.6785714285714284,0,0,0,0,0,0,33.5714,33.6165,0,2.2381,2.2381,2.2381,2.2381,2.2381,2.2381,2.2381,2.2381
speed,600,1.738095238095238,0,0,0,0,0,0,34.7619,34.8541,0,2.3175,2.3175,2.3175,2.3175,2.3175,2.3175,2.3175,2.3175
speed,601,1.738095238095238,0,0,0,0,0,0,34.7619,34.5577,0,2.3175,2.3175,2.3175,2.3175,2.3175,2.3175,2.3175,2.3175
speed,602,1.738095238095238,0,0,0,0,0,0,34.7619,34.1378,0,2.3175,2.3175,2.3175,2.3175,2.3175,2.3175,2.3175,2.3175
speed,603,1.738095238095238,0,0,0,0,0,0,34.7619,35.2052,0,2.3175,2.3175,2.3175,2.3175,2.3175,2.3175,2.3175,2.3175
speed,604,1.738095238095238,0,0,0,0,0,0,34.7619,34.9426,0,2.3175,2.3175,2.3175,2.3175,2.3175,2.3175,2.3175,2.3175
speed,605,1.738095238095238,0,0,0,0,0,0,34.7619,34.8689,0,2.3175,2.3175,2.3175,2.3175,2.3175,2.3175,2.3175,2.3175
speed,606,1.738095238095238,0,0,0,0,0,0,34.7619,35.3486,0,2.3175,2.3175,2.3175,2.3175,2.3175,2.3175,2.3175,2.3175
speed,607,1.738095238095238,0,0,0,0,0,0,34.7619,34.7847,0,2.3175,2.3175,2.3175,2.3175,2.3175,2.3175,2.3175,2.3175
speed,608,1.738095238095238,0,0,0,0,0,0,34.7619,35.203,0,2.3175,2.3175,2.3175,2.3175,2.3175,2.3175,2.3175,2.3175
speed,609,1.738095238095238,0,0,0,0,0,0,34.7619,34.563,0,2.3175,2.3175,2.3175,2.3175,2.3175,2.3175,2.3175,2.3175
speed,610,1.738095238095238,0,0,0,0,0,0,34.7619,34.8203,0,2.3175,2.3175,2.3175,2.3175,2.3175,2.3175,2.3175,2.3175
speed,611,1.738095238095238,0,0,0,0,0,0,34.7619,34.529,0,2.3175,2.3175,2.3175,2.3175,2.3175,2.3175,2.3175,2.3175
speed,612,1.738095238095238,0,0,0,0,0,0,34.7619,34.5418,0,2.3175,2.3175,2.3175,2.3175,2.3175,2.3175,2.3175,2.3175
speed,613,1.738095238095238,0,0,0,0,0,0,34.7619,35.47,0,2.3175,2.3175,2.3175,2.3175,2.3175,2.3175,2.3175,2.3175
speed,614,1.738095238095238,0,0,0,0,0,0,34.7619,35.4813,0,2.3175,2.3175,2.3175,2.3175,2.3175,2.3175,2.3175,2.3175
speed,615,1.738095238095238,0,0,0,0,0,0,34.7619,34.5387,0,2.3175,2.3175,2.3175,2.3175,2.3175,2.3175,2.3175,2.3175
speed,616,1.738095238095238,0,0,0,0,0,0,34.7619,34.8975,0,2.3175,2.3175,2.3175,2.3175,2.3175,2.3175,2.3175,2.3175
speed,617,1.738095238095238,0,0,0,0,0,0,34.7619,34.5782,0,2.3175,2.3175,2.3175,2.3175,2.3175,2.3175,2.3175,2.3175
speed,618,1.738095238095238,0,0,0,0,0,0,34.7619,34.1403,0,2.3175,2.3175,2.3175,2.3175,2.3175,2.3175,2.3175,2.3175
speed,619,1.738095238095238,0,0,0,0,0,0,34.7619,34.5219,0,2.3175,2.3175,2.3175,2.3175,2.3175,2.3175,2.3175,2.3175
speed,620,1.738095238095238,0,0,0,0,0,0,34.7619,34.794,0,2.3175,2.3175,2.3175,2.3175,2.3175,2.3175,2.3175,2.3175
speed,621,1.738095238095238,0,0,0,0,0,0,34.7619,34.9686,0,2.3175,2.3175,2.3175,2.3175,2.3175,2.3175,2.3175,2.3175
speed,622,1.738095238095238,0,0,0,0,0,0,34.7619,34.7637,0,2.3175,2.3175,2.3175,2.3175,2.3175,2.3175,2.3175,2.3175
speed,623,1.738095238095238,0,0,0,0,0,0,34.7619,34.7327,0,2.3175,2.3175,2.3175,2.3175,2.3175,2.3175,2.3175,2.3175
speed,624,1.7976190476190474,0,0,0,0,0,0,35.9524,36.0136,0,2.3968,2.3968,2.3968,2.3968,2.3968,2.3968,2.3968,2.3968
speed,625,1.7976190476190474,0,0,0,0,0,0,35.9524,36.2598,0,2.3968,2.3968,2.3968,2.3968,2.3968,2.3968,2.3968,2.3968
speed,626,1.7976190476190474,0,0,0,0,0,0,35.9524,36.0086,0,2.3968,2.3968,2.3968,2.3968,2.3968,2.3968,2.3968,2.3968
speed,627,1.7976190476190474,0,0,0,0,0,0,35.9524,34.7617,0,2.3968,2.3968,2.3968,2.3968,2.3968,2.3968,2.3968,2.3968
speed,628,1.7976190476190474,0,0,0,0,0,0,35.9524,36.0555,0,2.3968,2.3968,2.3968,2.3968,2.3968,2.3968,2.3968,2.3968
speed,629,1.7976190476190474,0,0,0,0,0,0,35.9524,36.2277,0,2.3968,2.3968,2.3968,2.3968,2.3968,2.3968,2.3968,2.3968
speed,630,1.7976190476190474,0,0,0,0,0,0,35.9524,35.359,0,2.3968,2.3968,2.3968,2.3968,2.3968,2.3968,2.3968,2.3968
speed,631,1.7976190476190474,0,0,0,0,0,0,35.9524,35.5946,0,2.3968,2.3968,2.3968,2.3968,2.3968,2.3968,2.3968,2.3968
speed,632,1.7976190476190474,0,0,0,0,0,0,35.9524,36.6921,0,2.3968,2.3968,2.3968,2.3968,2.3968,2.3968,2.3968,2.3968
speed,633,1.7976190476190474,0,0,0,0,0,0,35.9524,35.8101,0,2.3968,2.3968,2.3968,2.3968,2.3968,2.3968,2.3968,2.3968
speed,634,1.7976190476190474,0,0,0,0,0,0,35.9524,36.7476,0,2.3968,2.3968,2.3968,2.3968,2.3968,2.3968,2.3968,2.3968
speed,635,1.7976190476190474,0,0,0,0,0,0,35.9524,35.7571,0,2.3968,2.3968,2.3968,2.3968,2.3968,2.3968,2.3968,2.3968
speed,636,1.7976190476190474,0,0,0,0,0,0,35.9524,35.5728,0,2.3968,2.3968,2.3968,2.3968,2.3968,2.3968,2.3968,2.3968
speed,637,1.7976190476190474,0,0,0,0,0,0,35.9524,36.1484,0,2.3968,2.3968,2.3968,2.3968,2.3968,2.3968,2.3968,2.3968
speed,638,1.7976190476190474,0,0,0,0,0,0,35.9524,35.5467,0,2.3968,2.3968,2.3968,2.3968,2.3968,2.3968,2.3968,2.3968
speed,639,1.7976190476190474,0,0,0,0,0,0,35.9524,36.1718,0,2.3968,2.3968,2.3968,2.3968,2.3968,2.3968,2.3968,2.3968
speed,640,1.7976190476190474,0,0,0,0,0,0,35.9524,36.1154,0,2.3968,2.3968,2.3968,2.3968,2.3968,2.3968,2.3968,2.3968
speed,641,1.7976190476190474,0,0,0,0,0,0,35.9524,34.8555,0,2.3968,2.3968,2.3968,2.3968,2.3968,2.3968,2.3968,2.3968
speed,642,1.7976190476190474,0,0,0,0,0,0,35.9524,36.0511,0,2.3968,2.3968,2.3968,2.3968,2.3968,2.3968,2.3968,2.3968
speed,643,1.7976190476190474,0,0,0,0,0,0,35.9524,36.2848,0,2.3968,2.3968,2.3968,2.3968,2.3968,2.3968,2.3968,2.3968
speed,644,1.7976190476190474,0,0,0,0,0,0,35.9524,36.0303,0,2.3968,2.3968,2.3968,2.3968,2.3968,2.3968,2.3968,2.3968
speed,645,1.7976190476190474,0,0,0,0,0,0,35.9524,36.188,0,2.3968,2.3968,2.3968,2.3968,2.3968,2.3968,2.3968,2.3968
speed,646,1.7976190476190474,0,0,0,0,0,0,35.9524,35.4604,0,2.3968,2.3968,2.3968,2.3968,2.3968,2.3968,2.3968,2.3968
speed,647,1.7976190476190474,0,0,0,0,0,0,35.9524,36.1493,0,2.3968,2.3968,2.3968,2.3968,2.3968,2.3968,2.3968,2.3968
speed,648,1.857142857142857,0,0,0,0,0,0,37.1429,37.5695,0,2.4762,2.4762,2.4762,2.4762,2.4762,2.4762,2.4762,2.4762
speed,649,1.857142857142857,0,0,0,0,0,0,37.1429,37.4482,0,2.4762,2.4762,2.4762,2.4762,2.4762,2.4762,2.4762,2.4762
speed,650,1.857142857142857,0,0,0,0,0,0,37.1429,37.1992,0,2.4762,2.4762,2.4762,2.4762,2.4762,2.4762,2.4762,2.4762
speed,651,1.857142857142857,0,0,0,0,0,0,37.1429,37.6192,0,2.4762,2.4762,2.4762,2.4762,2.4762,2.4762,2.4762,2.4762
speed,652,1.857142857142857,0,0,0,0,0,0,37.1429,36.2159,0,2.4762,2.4762,2.4762,2.4762,2.4762,2.4762,2.4762,2.4762
speed,653,1.857142857142857,0,0,0,0,0,0,37.1429,36.8866,0,2.4762,2.4762,2.4762,2.4762,2.4762,2.4762,2.4762,2.4762
speed,654,1.857142857142857,0,0,0,0,0,0,37.1429,36.8048,0,2.4762,2.4762,2.4762,2.4762,2.4762,2.4762,2.4762,2.4762
speed,655,1.857142857142857,0,0,0,0,0,0,37.1429,37.3692,0,2.4762,2.4762,2.4762,2.4762,2.4762,2.4762,2.4762,2.4762
speed,656,1.857142857142857,0,0,0,0,0,0,37.1429,36.7677,0,2.4762,2.4762,2.4762,2.4762,2.4762,2.4762,2.4762,2.4762
speed,657,1.857142857142857,0,0,0,0,0,0,37.1429,37.5796,0,2.4762,2.4762,2.4762,2.4762,2.4762,2.4762,2.4762,2.4762
speed,658,1.857142857142857,0,0,0,0,0,0,37.1429,36.9403,0,2.4762,2.4762,2.4762,2.4762,2.4762,2.4762,2.4762,2.4762
speed,659,1.857142857142857,0,0,0,0,0,0,37.1429,36.7889,0,2.4762,2.4762,2.4762,2.4762,2.4762,2.4762,2.4762,2.4762
speed,660,1.857142857142857,0,0,0,0,0,0,37.1429,37.2395,0,2.4762,2.4762,2.4762,2.4762,2.4762,2.4762,2.4762,2.4762
speed,661,1.857142857142857,0,0,0,0,0,0,37.1429,37.5326,0,2.4762,2.4762,2.4762,2.4762,2.4762,2.4762,2.4762,2.4762
speed,662,1.857142857142857,0,0,0,0,0,0,37.1429,37.495,0,2.4762,2.4762,2.4762,2.4762,2.4762,2.4762,2.4762,2.4762
speed,663,1.857142857142857,0,0,0,0,0,0,37.1429,37.0683,0,2.4762,2.4762,2.4762,2.4762,2.4762,2.4762,2.4762,2.4762
speed,664,1.857142857142857,0,0,0,0,0,0,37.1429,37.4891,0,2.4762,2.4762,2.4762,2.4762,2.4762,2.4762,2.4762,2.4762
speed,665,1.857142857142857,0,0,0,0,0,0,37.1429,37.3423,0,2.4762,2.4762,2.4762,2.4762,2.4762,2.4762,2.4762,2.4762
speed,666,1.857142857142857,0,0,0,0,0,0,37.1429,37.2073,0,2.4762,2.4762,2.4762,2.4762,2.4762,2.4762,2.4762,2.4762
speed,667,1.857142857142857,0,0,0,0,0,0,37.1429,38.1874,0,2.4762,2.4762,2.4762,2.4762,2.4762,2.4762,2.4762,2.4762
speed,668,1.857142857142857,0,0,0,0,0,0,37.1429,36.8897,0,2.4762,2.4762,2.4762,2.4762,2.4762,2.4762,2.4762,2.4762
speed,669,1.857142857142857,0,0,0,0,0,0,37.1429,36.7034,0,2.4762,2.4762,2.4762,2.4762,2.4762,2.4762,2.4762,2.4762
speed,670,1.857142857142857,0,0,0,0,0,0,37.1429,36.7201,0,2.4762,2.4762,2.4762,2.4762,2.4762,2.4762,2.4762,2.4762
speed,671,1.857142857142857,0,0,0,0,0,0,37.1429,37.4466,0,2.4762,2.4762,2.4762,2.4762,2.4762,2.4762,2.4762,2.4762
speed,672,1.9166666666666665,0,0,0,0,0,0,38.3333,38.0086,0,2.5556,2.5556,2.5556,2.5556,2.5556,2.5556,2.5556,2.5556
speed,673,1.9166666666666665,0,0,0,0,0,0,38.3333,38.4065,0,2.5556,2.5556,2.5556,2.5556,2.5556,2.5556,2.5556,2.5556
speed,674,1.9166666666666665,0,0,0,0,0,0,38.3333,37.5955,0,2.5556,2.5556,2.5556,2.5556,2.5556,2.5556,2.5556,2.5556
speed,675,1.9166666666666665,0,0,0,0,0,0,38.3333,38.5496,0,2.5556,2.5556,2.5556,2.5556,2.5556,2.5556,2.5556,2.5556
speed,676,1.9166666666666665,0,0,0,0,0,0,38.3333,38.297,0,2.5556,2.5556,2.5556,2.5556,2.5556,2.5556,2.5556,2.5556
speed,677,1.9166666666666665,0,0,0,0,0,0,38.3333,38.5385,0,2.5556,2.5556,2.5556,2.5556,2.5556,2.5556,2.5556,2.5556
speed,678,1.9166666666666665,0,0,0,0,0,0,38.3333,38.6525,0,2.5556,2.5556,2.5556,2.5556,2.5556,2.5556,2.5556,2.5556
speed,679,1.9166666666666665,0,0,0,0,0,0,38.3333,38.3942,0,2.5556,2.5556,2.5556,2.5556,2.5556,2.5556,2.5556,2.5556
speed,680,1.9166666666666665,0,0,0,0,0,0,38.3333,37.7307,0,2.5556,2.5556,2.5556,2.5556,2.5556,2.5556,2.5556,2.5556
speed,681,1.9166666666666665,0,0,0,0,0,0,38.3333,38.1385,0,2.5556,2.5556,2.5556,2.5556,2.5556,2.5556,2.5556,2.5556
speed,682,1.9166666666666665,0,0,0,0,0,0,38.3333,38.2567,0,2.5556,2.5556,2.5556,2.5556,2.5556,2.5556,2.5556,2.5556
speed,683,1.9166666666666665,0,0,0,0,0,0,38.3333,38.4957,0,2.5556,2.5556,2.5556,2.5556,2.5556,2.5556,2.5556,2.5556
speed,684,1.9166666666666665,0,0,0,0,0,0,38.3333,37.9715,0,2.5556,2.5556,2.5556,2.5556,2.5556,2.5556,2.5556,2.5556
speed,685,1.9166666666666665,0,0,0,0,0,0,38.3333,38.4183,0,2.5556,2.5556,2.5556,2.5556,2.5556,2.5556,2.5556,2.5556
speed,686,1.9166666666666665,0,0,0,0,0,0,38.3333,38.781,0,2.5556,2.5556,2.5556,2.5556,2.5556,2.5556,2.5556,2.5556
speed,687,1.9166666666666665,0,0,0,0,0,0,38.3333,38.2641,0,2.5556,2.5556,2.5556,2.5556,2.5556,2.5556,2.5556,2.5556
speed,688,1.9166666666666665,0,0,0,0,0,0,38.3333,38.0803,0,2.5556,2.5556,2.5556,2.5556,2.5556,2.5556,2.5556,2.5556
speed,689,1.9166666666666665,0,0,0,0,0,0,38.3333,37.6334,0,2.5556,2.5556,2.5556,2.5556,2.5556,2.5556,2.5556,2.5556
speed,690,1.9166666666666665,0,0,0,0,0,0,38.3333,38.8568,0,2.5556,2.5556,2.5556,2.5556,2.5556,2.5556,2.5556,2.5556
speed,691,1.9166666666666665,0,0,0,0,0,0,38.3333,38.6382,0,2.5556,2.5556,2.5556,2.5556,2.5556,2.5556,2.5556,2.5556
speed,692,1.9166666666666665,0,0,0,0,0,0,38.3333,38.2342,0,2.5556,2.5556,2.5556,2.5556,2.5556,2.5556,2.5556,2.5556
speed,693,1.9166666666666665,0,0,0,0,0,0,38.3333,38.6943,0,2.5556,2.5556,2.5556,2.5556,2.5556,2.5556,2.5556,2.5556
speed,694,1.9166666666666665,0,0,0,0,0,0,38.3333,37.72,0,2.5556,2.5556,2.5556,2.5556,2.5556,2.5556,2.5556,2.5556
speed,695,1.9166666666666665,0,0,0,0,0,0,38.3333,38.4411,0,2.5556,2.5556,2.5556,2.5556,2.5556,2.5556,2.5556,2.5556
speed,696,1.976190476190476,0,0,0,0,0,0,39.5238,39.8642,0,2.6349,2.6349,2.6349,2.6349,2.6349,2.6349,2.6349,2.6349
speed,697,1.976190476190476,0,0,0,0,0,0,39.5238,39.5841,0,2.6349,2.6349,2.6349,2.6349,2.6349,2.6349,2.6349,2.6349
speed,698,1.976190476190476,0,0,0,0,0,0,39.5238,39.8654,0,2.6349,2.6349,2.6349,2.6349,2.6349,2.6349,2.6349,2.6349
speed,699,1.976190476190476,0,0,0,0,0,0,39.5238,39.7533,0,2.6349,2.6349,2.6349,2.6349,2.6349,2.6349,2.6349,2.6349
speed,700,1.976190476190476,0,0,0,0,0,0,39.5238,39.1061,0,2.6349,2.6349,2.6349,2.6349,2.6349,2.6349,2.6349,2.6349
speed,701,1.976190476190476,0,0,0,0,0,0,39.5238,40.0003,0,2.6349,2.6349,2.6349,2.6349,2.6349,2.6349,2.6349,2.6349
speed,702,1.976190476190476,0,0,0,0,0,0,39.5238,40.1756,0,2.6349,2.6349,2.6349,2.6349,2.6349,2.6349,2.6349,2.6349
speed,703,1.976190476190476,0,0,0,0,0,0,39.5238,39.5781,0,2.6349,2.6349,2.6349,2.6349,2.6349,2.6349,2.6349,2.6349
speed,704,1.976190476190476,0,0,0,0,0,0,39.5238,39.7045,0,2.6349,2.6349,2.6349,2.6349,2.6349,2.6349,2.6349,2.6349
speed,705,1.976190476190476,0,0,0,0,0,0,39.5238,39.0028,0,2.6349,2.6349,2.6349,2.6349,2.6349,2.6349,2.6349,2.6349
speed,706,1.976190476190476,0,0,0,0,0,0,39.5238,39.9153,0,2.6349,2.6349,2.6349,2.6349,2.6349,2.6349,2.6349,2.6349
speed,707,1.976190476190476,0,0,0,0,0,0,39.5238,39.6167,0,2.6349,2.6349,2.6349,2.6349,2.6349,2.6349,2.6349,2.6349
speed,708,1.976190476190476,0,0,0,0,0,0,39.5238,39.0493,0,2.6349,2.6349,2.6349,2.6349,2.6349,2.6349,2.6349,2.6349
speed,709,1.976190476190476,0,0,0,0,0,0,39.5238,39.8489,0,2.6349,2.6349,2.6349,2.6349,2.6349,2.6349,2.6349,2.6349
speed,710,1.976190476190476,0,0,0,0,0,0,39.5238,39.7488,0,2.6349,2.6349,2.6349,2.6349,2.6349,2.6349,2.6349,2.6349
speed,711,1.976190476190476,0,0,0,0,0,0,39.5238,39.7086,0,2.6349,2.6349,2.6349,2.6349,2.6349,2.6349,2.6349,2.6349
speed,712,1.976190476190476,0,0,0,0,0,0,39.5238,39.5731,0,2.6349,2.6349,2.6349,2.6349,2.6349,2.6349,2.6349,2.6349
speed,713,1.976190476190476,0,0,0,0,0,0,39.5238,39.6204,0,2.6349,2.6349,2.6349,2.6349,2.6349,2.6349,2.6349,2.6349
speed,714,1.976190476190476,0,0,0,0,0,0,39.5238,39.8261,0,2.6349,2.6349,2.6349,2.6349,2.6349,2.6349,2.6349,2.6349
speed,715,1.976190476190476,0,0,0,0,0,0,39.5238,39.7121,0,2.6349,2.6349,2.6349,2.6349,2.6349,2.6349,2.6349,2.6349
speed,716,1.976190476190476,0,0,0,0,0,0,39.5238,39.8192,0,2.6349,2.6349,2.6349,2.6349,2.6349,2.6349,2.6349,2.6349
speed,717,1.976190476190476,0,0,0,0,0,0,39.5238,39.3916,0,2.6349,2.6349,2.6349,2.6349,2.6349,2.6349,2.6349,2.6349
speed,718,1.976190476190476,0,0,0,0,0,0,39.5238,40.1995,0,2.6349,2.6349,2.6349,2.6349,2.6349,2.6349,2.6349,2.6349
speed,719,1.976190476190476,0,0,0,0,0,0,39.5238,39.634,0,2.6349,2.6349,2.6349,2.6349,2.6349,2.6349,2.6349,2.6349
speed,720,2.0357142857142856,0,0,0,0,0,0,40.7143,40.8221,0,2.7143,2.7143,2.7143,2.7143,2.7143,2.7143,2.7143,2.7143
speed,721,2.0357142857142856,0,0,0,0,0,0,40.7143,40.456,0,2.7143,2.7143,2.7143,2.7143,2.7143,2.7143,2.7143,2.7143
speed,722,2.0357142857142856,0,0,0,0,0,0,40.7143,41.2396,0,2.7143,2.7143,2.7143,2.7143,2.7143,2.7143,2.7143,2.7143
speed,723,2.0357142857142856,0,0,0,0,0,0,40.7143,40.1995,0,2.7143,2.7143,2.7143,2.7143,2.7143,2.7143,2.7143,2.7143
speed,724,2.0357142857142856,0,0,0,0,0,0,40.7143,40.9856,0,2.7143,2.7143,2.7143,2.7143,2.7143,2.7143,2.7143,2.7143
speed,725,2.0357142857142856,0,0,0,0,0,0,40.7143,40.7955,0,2.7143,2.7143,2.7143,2.7143,2.7143,2.7143,2.7143,2.7143
speed,726,2.0357142857142856,0,0,0,0,0,0,40.7143,40.8288,0,2.7143,2.7143,2.7143,2.7143,2.7143,2.7143,2.7143,2.7143
speed,727,2.0357142857142856,0,0,0,0,0,0,40.7143,40.7462,0,2.7143,2.7143,2.7143,2.7143,2.7143,2.7143,2.7143,2.7143
speed,728,2.0357142857142856,0,0,0,0,0,0,40.7143,41.0201,0,2.7143,2.7143,2.7143,2.7143,2.7143,2.7143,2.7143,2.7143
speed,729,2.0357142857142856,0,0,0,0,0,0,40.7143,40.1436,0,2.7143,2.7143,2.7143,2.7143,2.7143,2.7143,2.7143,2.7143
speed,730,2.0357142857142856,0,0,0,0,0,0,40.7143,40.9066,0,2.7143,2.7143,2.7143,2.7143,2.7143,2.7143,2.7143,2.7143
speed,731,2.0357142857142856,0,0,0,0,0,0,40.7143,40.4684,0,2.7143,2.7143,2.7143,2.7143,2.7143,2.7143,2.7143,2.7143
speed,732,2.0357142857142856,0,0,0,0,0,0,40.7143,40.7861,0,2.7143,2.7143,2.7143,2.7143,2.7143,2.7143,2.7143,2.7143
speed,733,2.0357142857142856,0,0,0,0,0,0,40.7143,40.8051,0,2.7143,2.7143,2.7143,2.7143,2.7143,2.7143,2.7143,2.7143
speed,734,2.0357142857142856,0,0,0,0,0,0,40.7143,40.4032,0,2.7143,2.7143,2.7143,2.7143,2.7143,2.7143,2.7143,2.7143
speed,735,2.0357142857142856,0,0,0,0,0,0,40.7143,40.8817,0,2.7143,2.7143,2.7143,2.7143,2.7143,2.7143,2.7143,2.7143
speed,736,2.0357142857142856,0,0,0,0,0,0,40.7143,40.7948,0,2.7143,2.7143,2.7143,2.7143,2.7143,2.7143,2.7143,2.7143
speed,737,2.0357142857142856,0,0,0,0,0,0,40.7143,40.6031,0,2.7143,2.7143,2.7143,2.7143,2.7143,2.7143,2.7143,2.7143
speed,738,2.0357142857142856,0,0,0,0,0,0,40.7143,41.2322,0,2.7143,2.7143,2.7143,2.7143,2.7143,2.7143,2.7143,2.7143
speed,739,2.0357142857142856,0,0,0,0,0,0,40.7143,40.2057,0,2.7143,2.7143,2.7143,2.7143,2.7143,2.7143,2.7143,2.7143
speed,740,2.0357142857142856,0,0,0,0,0,0,40.7143,40.4117,0,2.7143,2.7143,2.7143,2.7143,2.7143,2.7143,2.7143,2.7143
speed,741,2.0357142857142856,0,0,0,0,0,0,40.7143,40.6929,0,2.7143,2.7143,2.7143,2.7143,2.7143,2.7143,2.7143,2.7143
speed,742,2.0357142857142856,0,0,0,0,0,0,40.7143,40.9485,0,2.7143,2.7143,2.7143,2.7143,2.7143,2.7143,2.7143,2.7143
speed,743,2.0357142857142856,0,0,0,0,0,0,40.7143,40.6501,0,2.7143,2.7143,2.7143,2.7143,2.7143,2.7143,2.7143,2.7143
speed,744,2.095238095238095,0,0,0,0,0,0,41.9048,42.1987,0,2.7937,2.7937,2.7937,2.7937,2.7937,2.7937,2.7937,2.7937
speed,745,2.095238095238095,0,0,0,0,0,0,41.9048,41.6714,0,2.7937,2.7937,2.7937,2.7937,2.7937,2.7937,2.7937,2.7937
speed,746,2.095238095238095,0,0,0,0,0,0,41.9048,42.0752,0,2.7937,2.7937,2.7937,2.7937,2.7937,2.7937,2.7937,2.7937
speed,747,2.095238095238095,0,0,0,0,0,0,41.9048,41.0058,0,2.7937,2.7937,2.7937,2.7937,2.7937,2.7937,2.7937,2.7937
speed,748,2.095238095238095,0,0,0,0,0,0,41.9048,41.7213,0,2.7937,2.7937,2.7937,2.7937,2.7937,2.7937,2.7937,2.7937
speed,749,2.095238095238095,0,0,0,0,0,0,41.9048,42.517,0,2.7937,2.7937,2.7937,2.7937,2.7937,2.7937,2.7937,2.7937
speed,750,2.095238095238095,0,0,0,0,0,0,41.9048,41.2408,0,2.7937,2.7937,2.7937,2.7937,2.7937,2.7937,2.7937,2.7937
speed,751,2.095238095238095,0,0,0,0,0,0,41.9048,42.0583,0,2.7937,2.7937,2.7937,2.7937,2.7937,2.7937,2.7937,2.7937
speed,752,2.095238095238095,0,0,0,0,0,0,41.9048,41.1849,0,2.7937,2.7937,2.7937,2.7937,2.7937,2.7937,2.7937,2.7937
speed,753,2.095238095238095,0,0,0,0,0,0,41.9048,41.7926,0,2.7937,2.7937,2.7937,2.7937,2.7937,2.7937,2.7937,2.7937
speed,754,2.095238095238095,0,0,0,0,0,0,41.9048,41.822,0,2.7937,2.7937,2.7937,2.7937,2.7937,2.7937,2.7937,2.7937
speed,755,2.095238095238095,0,0,0,0,0,0,41.9048,42.4264,0,2.7937,2.7937,2.7937,2.7937,2.7937,2.7937,2.7937,2.7937
speed,756,2.095238095238095,0,0,0,0,0,0,41.9048,41.7802,0,2.7937,2.7937,2.7937,2.7937,2.7937,2.7937,2.7937,2.7937
speed,757,2.095238095238095,0,0,0,0,0,0,41.9048,41.7592,0,2.7937,2.7937,2.7937,2.7937,2.7937,2.7937,2.7937,2.7937
speed,758,2.095238095238095,0,0,0,0,0,0,41.9048,41.9465,0,2.7937,2.7937,2.7937,2.7937,2.7937,2.7937,2.7937,2.7937
speed,759,2.095238095238095,0,0,0,0,0,0,41.9048,41.2277,0,2.7937,2.7937,2.7937,2.7937,2.7937,2.7937,2.7937,2.7937
speed,760,2.095238095238095,0,0,0,0,0,0,41.9048,42.2613,0,2.7937,2.7937,2.7937,2.7937,2.7937,2.7937,2.7937,2.7937
speed,761,2.095238095238095,0,0,0,0,0,0,41.9048,41.8871,0,2.7937,2.7937,2.7937,2.7937,2.7937,2.7937,2.7937,2.7937
speed,762,2.095238095238095,0,0,0,0,0,0,41.9048,41.5254,0,2.7937,2.7937,2.7937,2.7937,2.7937,2.7937,2.7937,2.7937
speed,763,2.095238095238095,0,0,0,0,0,0,41.9048,42.0,0,2.7937,2.7937,2.7937,2.7937,2.7937,2.7937,2.7937,2.7937
speed,764,2.095238095238095,0,0,0,0,0,0,41.9048,42.1183,0,2.7937,2.7937,2.7937,2.7937,2.7937,2.7937,2.7937,2.7937
speed,765,2.095238095238095,0,0,0,0,0,0,41.9048,42.418,0,2.7937,2.7937,2.7937,2.7937,2.7937,2.7937,2.7937,2.7937
speed,766,2.095238095238095,0,0,0,0,0,0,41.9048,41.0946,0,2.7937,2.7937,2.7937,2.7937,2.7937,2.7937,2.7937,2.7937
speed,767,2.095238095238095,0,0,0,0,0,0,41.9048,42.0994,0,2.7937,2.7937,2.7937,2.7937,2.7937,2.7937,2.7937,2.7937
speed,768,2.1547619047619047,0,0,0,0,0,0,43.0952,43.0543,0,2.873,2.873,2.873,2.873,2.873,2.873,2.873,2.873
speed,769,2.1547619047619047,0,0,0,0,0,0,43.0952,43.3432,0,2.873,2.873,2.873,2.873,2.873,2.873,2.873,2.873
speed,770,2.1547619047619047,0,0,0,0,0,0,43.0952,43.2706,0,2.873,2.873,2.873,2.873,2.873,2.873,2.873,2.873
speed,771,2.1547619047619047,0,0,0,0,0,0,43.0952,43.2299,0,2.873,2.873,2.873,2.873,2.873,2.873,2.873,2.873
speed,772,2.1547619047619047,0,0,0,0,0,0,43.0952,43.4411,0,2.873,2.873,2.873,2.873,2.873,2.873,2.873,2.873
speed,773,2.1547619047619047,0,0,0,0,0,0,43.0952,42.7351,0,2.873,2.873,2.873,2.873,2.873,2.873,2.873,2.873
speed,774,2.1547619047619047,0,0,0,0,0,0,43.0952,43.0219,0,2.873,2.873,2.873,2.873,2.873,2.873,2.873,2.873
speed,775,2.1547619047619047,0,0,0,0,0,0,43.0952,43.0094,0,2.873,2.873,2.873,2.873,2.873,2.873,2.873,2.873
speed,776,2.1547619047619047,0,0,0,0,0,0,43.0952,43.0968,0,2.873,2.873,2.873,2.873,2.873,2.873,2.873,2.873
speed,777,2.1547619047619047,0,0,0,0,0,0,43.0952,43.0663,0,2.873,2.873,2.873,2.873,2.873,2.873,2.873,2.873
speed,778,2.1547619047619047,0,0,0,0,0,0,43.0952,42.9149,0,2.873,2.873,2.873,2.873,2.873,2.873,2.873,2.873
speed,779,2.1547619047619047,0,0,0,0,0,0,43.0952,43.3867,0,2.873,2.873,2.873,2.873,2.873,2.873,2.873,2.873
speed,780,2.1547619047619047,0,0,0,0,0,0,43.0952,43.0312,0,2.873,2.873,2.873,2.873,2.873,2.873,2.873,2.873
speed,781,2.1547619047619047,0,0,0,0,0,0,43.0952,43.2512,0,2.873,2.873,2.873,2.873,2.873,2.873,2.873,2.873
speed,782,2.1547619047619047,0,0,0,0,0,0,43.0952,43.2492,0,2.873,2.873,2.873,2.873,2.873,2.873,2.873,2.873
speed,783,2.1547619047619047,0,0,0,0,0,0,43.0952,42.9418,0,2.873,2.873,2.873,2.873,2.873,2.873,2.873,2.873
speed,784,2.1547619047619047,0,0,0,0,0,0,43.0952,43.0515,0,2.873,2.873,2.873,2.873,2.873,2.873,2.873,2.873
speed,785,2.1547619047619047,0,0,0,0,0,0,43.0952,42.9911,0,2.873,2.873,2.873,2.873,2.873,2.873,2.873,2.873
speed,786,2.1547619047619047,0,0,0,0,0,0,43.0952,43.2444,0,2.873,2.873,2.873,2.873,2.873,2.873,2.873,2.873
speed,787,2.1547619047619047,0,0,0,0,0,0,43.0952,43.2123,0,2.873,2.873,2.873,2.873,2.873,2.873,2.873,2.873
speed,788,2.1547619047619047,0,0,0,0,0,0,43.0952,42.4379,0,2.873,2.873,2.873,2.873,2.873,2.873,2.873,2.873
speed,789,2.1547619047619047,0,0,0,0,0,0,43.0952,42.5442,0,2.873,2.873,2.873,2.873,2.873,2.873,2.873,2.873
speed,790,2.1547619047619047,0,0,0,0,0,0,43.0952,42.7322,0,2.873,2.873,2.873,2.873,2.873,2.873,2.873,2.873
speed,791,2.1547619047619047,0,0,0,0,0,0,43.0952,43.0738,0,2.873,2.873,2.873,2.873,2.873,2.873,2.873,2.873
speed,792,2.2142857142857144,0,0,0,0,0,0,44.2857,44.2001,0,2.9524,2.9524,2.9524,2.9524,2.9524,2.9524,2.9524,2.9524
speed,793,2.2142857142857144,0,0,0,0,0,0,44.2857,43.4315,0,2.9524,2.9524,2.9524,2.9524,2.9524,2.9524,2.9524,2.9524
speed,794,2.2142857142857144,0,0,0,0,0,0,44.2857,44.0335,0,2.9524,2.9524,2.9524,2.9524,2.9524,2.9524,2.9524,2.9524
speed,795,2.2142857142857144,0,0,0,0,0,0,44.2857,44.7188,0,2.9524,2.9524,2.9524,2.9524,2.9524,2.9524,2.9524,2.9524
speed,796,2.2142857142857144,0,0,0,0,0,0,44.2857,44.8474,0,2.9524,2.9524,2.9524,2.9524,2.9524,2.9524,2.9524,2.9524
speed,797,2.2142857142857144,0,0,0,0,0,0,44.2857,43.7522,0,2.9524,2.9524,2.9524,2.9524,2.9524,2.9524,2.9524,2.9524
speed,798,2.2142857142857144,0,0,0,0,0,0,44.2857,44.957,0,2.9524,2.9524,2.9524,2.9524,2.9524,2.9524,2.9524,2.9524
speed,799,2.2142857142857144,0,0,0,0,0,0,44.2857,44.9527,0,2.9524,2.9524,2.9524,2.9524,2.9524,2.9524,2.9524,2.9524
speed,800,2.2142857142857144,0,0,0,0,0,0,44.2857,44.0208,0,2.9524,2.9524,2.9524,2.9524,2.9524,2.9524,2.9524,2.9524
speed,801,2.2142857142857144,0,0,0,0,0,0,44.2857,43.4632,0,2.9524,2.9524,2.9524,2.9524,2.9524,2.9524,2.9524,2.9524
speed,802,2.2142857142857144,0,0,0,0,0,0,44.2857,44.1493,0,2.9524,2.9524,2.9524,2.9524,2.9524,2.9524,2.9524,2.9524
speed,803,2.2142857142857144,0,0,0,0,0,0,44.2857,44.1731,0,2.9524,2.9524,2.9524,2.9524,2.9524,2.9524,2.9524,2.9524
speed,804,2.2142857142857144,0,0,0,0,0,0,44.2857,44.2107,0,2.9524,2.9524,2.9524,2.9524,2.9524,2.9524,2.9524,2.9524
speed,805,2.2142857142857144,0,0,0,0,0,0,44.2857,44.0226,0,2.9524,2.9524,2.9524,2.9524,2.9524,2.9524,2.9524,2.9524
speed,806,2.2142857142857144,0,0,0,0,0,0,44.2857,44.1803,0,2.9524,2.9524,2.9524,2.9524,2.9524,2.9524,2.9524,2.9524
speed,807,2.2142857142857144,0,0,0,0,0,0,44.2857,44.0855,0,2.9524,2.9524,2.9524,2.9524,2.9524,2.9524,2.9524,2.9524
speed,808,2.2142857142857144,0,0,0,0,0,0,44.2857,44.2176,0,2.9524,2.9524,2.9524,2.9524,2.9524,2.9524,2.9524,2.9524
speed,809,2.2142857142857144,0,0,0,0,0,0,44.2857,44.3018,0,2.9524,2.9524,2.9524,2.9524,2.9524,2.9524,2.9524,2.9524
speed,810,2.2142857142857144,0,0,0,0,0,0,44.2857,44.0256,0,2.9524,2.9524,2.9524,2.9524,2.9524,2.9524,2.9524,2.9524
speed,811,2.2142857142857144,0,0,0,0,0,0,44.2857,44.6954,0,2.9524,2.9524,2.9524,2.9524,2.9524,2.9524,2.9524,2.9524
speed,812,2.2142857142857144,0,0,0,0,0,0,44.2857,43.6197,0,2.9524,2.9524,2.9524,2.9524,2.9524,2.9524,2.9524,2.9524
speed,813,2.2142857142857144,0,0,0,0,0,0,44.2857,43.7519,0,2.9524,2.9524,2.9524,2.9524,2.9524,2.9524,2.9524,2.9524
speed,814,2.2142857142857144,0,0,0,0,0,0,44.2857,45.0328,0,2.9524,2.9524,2.9524,2.9524,2.9524,2.9524,2.9524,2.9524
speed,815,2.2142857142857144,0,0,0,0,0,0,44.2857,43.9289,0,2.9524,2.9524,2.9524,2.9524,2.9524,2.9524,2.9524,2.9524
speed,816,2.2738095238095237,0,0,0,0,0,0,45.4762,44.8927,0,3.0317,3.0317,3.0317,3.0317,3.0317,3.0317,3.0317,3.0317
speed,817,2.2738095238095237,0,0,0,0,0,0,45.4762,44.9543,0,3.0317,3.0317,3.0317,3.0317,3.0317,3.0317,3.0317,3.0317
speed,818,2.2738095238095237,0,0,0,0,0,0,45.4762,45.2468,0,3.0317,3.0317,3.0317,3.0317,3.0317,3.0317,3.0317,3.0317
speed,819,2.2738095238095237,0,0,0,0,0,0,45.4762,45.8869,0,3.0317,3.0317,3.0317,3.0317,3.0317,3.0317,3.0317,3.0317
speed,820,2.2738095238095237,0,0,0,0,0,0,45.4762,45.949,0,3.0317,3.0317,3.0317,3.0317,3.0317,3.0317,3.0317,3.0317
speed,821,2.2738095238095237,0,0,0,0,0,0,45.4762,45.3992,0,3.0317,3.0317,3.0317,3.0317,3.0317,3.0317,3.0317,3.0317
speed,822,2.2738095238095237,0,0,0,0,0,0,45.4762,45.2567,0,3.0317,3.0317,3.0317,3.0317,3.0317,3.0317,3.0317,3.0317
speed,823,2.2738095238095237,0,0,0,0,0,0,45.4762,45.1296,0,3.0317,3.0317,3.0317,3.0317,3.0317,3.0317,3.0317,3.0317
speed,824,2.2738095238095237,0,0,0,0,0,0,45.4762,45.519,0,3.0317,3.0317,3.0317,3.0317,3.0317,3.0317,3.0317,3.0317
speed,825,2.2738095238095237,0,0,0,0,0,0,45.4762,45.6318,0,3.0317,3.0317,3.0317,3.0317,3.0317,3.0317,3.0317,3.0317
speed,826,2.2738095238095237,0,0,0,0,0,0,45.4762,44.8973,0,3.0317,3.0317,3.0317,3.0317,3.0317,3.0317,3.0317,3.0317
speed,827,2.2738095238095237,0,0,0,0,0,0,45.4762,45.6801,0,3.0317,3.0317,3.0317,3.0317,3.0317,3.0317,3.0317,3.0317
speed,828,2.2738095238095237,0,0,0,0,0,0,45.4762,45.5023,0,3.0317,3.0317,3.0317,3.0317,3.0317,3.0317,3.0317,3.0317
speed,829,2.2738095238095237,0,0,0,0,0,0,45.4762,46.1443,0,3.0317,3.0317,3.0317,3.0317,3.0317,3.0317,3.0317,3.0317
speed,830,2.2738095238095237,0,0,0,0,0,0,45.4762,45.3337,0,3.0317,3.0317,3.0317,3.0317,3.0317,3.0317,3.0317,3.0317
speed,831,2.2738095238095237,0,0,0,0,0,0,45.4762,46.2928,0,3.0317,3.0317,3.0317,3.0317,3.0317,3.0317,3.0317,3.0317
speed,832,2.2738095238095237,0,0,0,0,0,0,45.4762,45.8481,0,3.0317,3.0317,3.0317,3.0317,3.0317,3.0317,3.0317,3.0317
speed,833,2.2738095238095237,0,0,0,0,0,0,45.4762,45.9189,0,3.0317,3.0317,3.0317,3.0317,3.0317,3.0317,3.0317,3.0317
speed,834,2.2738095238095237,0,0,0,0,0,0,45.4762,45.9838,0,3.0317,3.0317,3.0317,3.0317,3.0317,3.0317,3.0317,3.0317
speed,835,2.2738095238095237,0,0,0,0,0,0,45.4762,44.929,0,3.0317,3.0317,3.0317,3.0317,3.0317,3.0317,3.0317,3.0317
speed,836,2.2738095238095237,0,0,0,0,0,0,45.4762,45.8319,0,3.0317,3.0317,3.0317,3.0317,3.0317,3.0317,3.0317,3.0317
speed,837,2.2738095238095237,0,0,0,0,0,0,45.4762,45.3462,0,3.0317,3.0317,3.0317,3.0317,3.0317,3.0317,3.0317,3.0317
speed,838,2.2738095238095237,0,0,0,0,0,0,45.4762,45.3786,0,3.0317,3.0317,3.0317,3.0317,3.0317,3.0317,3.0317,3.0317
speed,839,2.2738095238095237,0,0,0,0,0,0,45.4762,45.3499,0,3.0317,3.0317,3.0317,3.0317,3.0317,3.0317,3.0317,3.0317
speed,840,2.333333333333333,0,0,0,0,0,0,46.6667,47.076,0,3.1111,3.1111,3.1111,3.1111,3.1111,3.1111,3.1111,3.1111
speed,841,2.333333333333333,0,0,0,0,0,0,46.6667,46.8886,0,3.1111,3.1111,3.1111,3.1111,3.1111,3.1111,3.1111,3.1111
speed,842,2.333333333333333,0,0,0,0,0,0,46.6667,46.8893,0,3.1111,3.1111,3.1111,3.1111,3.1111,3.1111,3.1111,3.1111
speed,843,2.333333333333333,0,0,0,0,0,0,46.6667,46.5909,0,3.1111,3.1111,3.1111,3.1111,3.1111,3.1111,3.1111,3.1111
speed,844,2.333333333333333,0,0,0,0,0,0,46.6667,47.3066,0,3.1111,3.1111,3.1111,3.1111,3.1111,3.1111,3.1111,3.1111
speed,845,2.333333333333333,0,0,0,0,0,0,46.6667,46.7969,0,3.1111,3.1111,3.1111,3.1111,3.1111,3.1111,3.1111,3.1111
speed,846,2.333333333333333,0,0,0,0,0,0,46.6667,46.5049,0,3.1111,3.1111,3.1111,3.1111,3.1111,3.1111,3.1111,3.1111
speed,847,2.333333333333333,0,0,0,0,0,0,46.6667,46.9232,0,3.1111,3.1111,3.1111,3.1111,3.1111,3.1111,3.1111,3.1111
speed,848,2.333333333333333,0,0,0,0,0,0,46.6667,46.4229,0,3.1111,3.1111,3.1111,3.1111,3.1111,3.1111,3.1111,3.1111
speed,849,2.333333333333333,0,0,0,0,0,0,46.6667,46.8864,0,3.1111,3.1111,3.1111,3.1111,3.1111,3.1111,3.1111,3.1111
speed,850,2.333333333333333,0,0,0,0,0,0,46.6667,46.1899,0,3.1111,3.1111,3.1111,3.1111,3.1111,3.1111,3.1111,3.1111
speed,851,2.333333333333333,0,0,0,0,0,0,46.6667,46.6896,0,3.1111,3.1111,3.1111,3.1111,3.1111,3.1111,3.1111,3.1111
speed,852,2.333333333333333,0,0,0,0,0,0,46.6667,46.9008,0,3.1111,3.1111,3.1111,3.1111,3.1111,3.1111,3.1111,3.1111
speed,853,2.333333333333333,0,0,0,0,0,0,46.6667,46.874,0,3.1111,3.1111,3.1111,3.1111,3.1111,3.1111,3.1111,3.1111
speed,854,2.333333333333333,0,0,0,0,0,0,46.6667,46.7639,0,3.1111,3.1111,3.1111,3.1111,3.1111,3.1111,3.1111,3.1111
speed,855,2.333333333333333,0,0,0,0,0,0,46.6667,46.7437,0,3.1111,3.1111,3.1111,3.1111,3.1111,3.1111,3.1111,3.1111
speed,856,2.333333333333333,0,0,0,0,0,0,46.6667,46.9148,0,3.1111,3.1111,3.1111,3.1111,3.1111,3.1111,3.1111,3.1111
speed,857,2.333333333333333,0,0,0,0,0,0,46.6667,45.8722,0,3.1111,3.1111,3.1111,3.1111,3.1111,3.1111,3.1111,3.1111
speed,858,2.333333333333333,0,0,0,0,0,0,46.6667,46.8781,0,3.1111,3.1111,3.1111,3.1111,3.1111,3.1111,3.1111,3.1111
speed,859,2.333333333333333,0,0,0,0,0,0,46.6667,46.551,0,3.1111,3.1111,3.1111,3.1111,3.1111,3.1111,3.1111,3.1111
speed,860,2.333333333333333,0,0,0,0,0,0,46.6667,46.1556,0,3.1111,3.1111,3.1111,3.1111,3.1111,3.1111,3.1111,3.1111
speed,861,2.333333333333333,0,0,0,0,0,0,46.6667,46.8294,0,3.1111,3.1111,3.1111,3.1111,3.1111,3.1111,3.1111,3.1111
speed,862,2.333333333333333,0,0,0,0,0,0,46.6667,46.4604,0,3.1111,3.1111,3.1111,3.1111,3.1111,3.1111,3.1111,3.1111
speed,863,2.333333333333333,0,0,0,0,0,0,46.6667,47.0685,0,3.1111,3.1111,3.1111,3.1111,3.1111,3.1111,3.1111,3.1111
speed,864,2.392857142857143,0,0,0,0,0,0,47.8571,47.5088,0,3.1905,3.1905,3.1905,3.1905,3.1905,3.1905,3.1905,3.1905
speed,865,2.392857142857143,0,0,0,0,0,0,47.8571,48.3005,0,3.1905,3.1905,3.1905,3.1905,3.1905,3.1905,3.1905,3.1905
speed,866,2.392857142857143,0,0,0,0,0,0,47.8571,46.7773,0,3.1905,3.1905,3.1905,3.1905,3.1905,3.1905,3.1905,3.1905
speed,867,2.392857142857143,0,0,0,0,0,0,47.8571,47.9642,0,3.1905,3.1905,3.1905,3.1905,3.1905,3.1905,3.1905,3.1905
speed,868,2.392857142857143,0,0,0,0,0,0,47.8571,48.0115,0,3.1905,3.1905,3.1905,3.1905,3.1905,3.1905,3.1905,3.1905
speed,869,2.392857142857143,0,0,0,0,0,0,47.8571,48.6483,0,3.1905,3.1905,3.1905,3.1905,3.1905,3.1905,3.1905,3.1905
speed,870,2.392857142857143,0,0,0,0,0,0,47.8571,48.2396,0,3.1905,3.1905,3.1905,3.1905,3.1905,3.1905,3.1905,3.1905
speed,871,2.392857142857143,0,0,0,0,0,0,47.8571,47.3164,0,3.1905,3.1905,3.1905,3.1905,3.1905,3.1905,3.1905,3.1905
speed,872,2.392857142857143,0,0,0,0,0,0,47.8571,47.9233,0,3.1905,3.1905,3.1905,3.1905,3.1905,3.1905,3.1905,3.1905
speed,873,2.392857142857143,0,0,0,0,0,0,47.8571,47.5327,0,3.1905,3.1905,3.1905,3.1905,3.1905,3.1905,3.1905,3.1905
speed,874,2.392857142857143,0,0,0,0,0,0,47.8571,47.8701,0,3.1905,3.1905,3.1905,3.1905,3.1905,3.1905,3.1905,3.1905
speed,875,2.392857142857143,0,0,0,0,0,0,47.8571,48.0495,0,3.1905,3.1905,3.1905,3.1905,3.1905,3.1905,3.1905,3.1905
speed,876,2.392857142857143,0,0,0,0,0,0,47.8571,48.1113,0,3.1905,3.1905,3.1905,3.1905,3.1905,3.1905,3.1905,3.1905
speed,877,2.392857142857143,0,0,0,0,0,0,47.8571,48.0835,0,3.1905,3.1905,3.1905,3.1905,3.1905,3.1905,3.1905,3.1905
speed,878,2.392857142857143,0,0,0,0,0,0,47.8571,47.9213,0,3.1905,3.1905,3.1905,3.1905,3.1905,3.1905,3.1905,3.1905
speed,879,2.392857142857143,0,0,0,0,0,0,47.8571,47.6267,0,3.1905,3.1905,3.1905,3.1905,3.1905,3.1905,3.1905,3.1905
speed,880,2.392857142857143,0,0,0,0,0,0,47.8571,47.9505,0,3.1905,3.1905,3.1905,3.1905,3.1905,3.1905,3.1905,3.1905
speed,881,2.392857142857143,0,0,0,0,0,0,47.8571,48.2346,0,3.1905,3.1905,3.1905,3.1905,3.1905,3.1905,3.1905,3.1905
speed,882,2.392857142857143,0,0,0,0,0,0,47.8571,47.6758,0,3.1905,3.1905,3.1905,3.1905,3.1905,3.1905,3.1905,3.1905
speed,883,2.392857142857143,0,0,0,0,0,0,47.8571,47.3439,0,3.1905,3.1905,3.1905,3.1905,3.1905,3.1905,3.1905,3.1905
speed,884,2.392857142857143,0,0,0,0,0,0,47.8571,48.0224,0,3.1905,3.1905,3.1905,3.1905,3.1905,3.1905,3.1905,3.1905
speed,885,2.392857142857143,0,0,0,0,0,0,47.8571,47.3757,0,3.1905,3.1905,3.1905,3.1905,3.1905,3.1905,3.1905,3.1905
speed,886,2.392857142857143,0,0,0,0,0,0,47.8571,47.7074,0,3.1905,3.1905,3.1905,3.1905,3.1905,3.1905,3.1905,3.1905
speed,887,2.392857142857143,0,0,0,0,0,0,47.8571,48.2141,0,3.1905,3.1905,3.1905,3.1905,3.1905,3.1905,3.1905,3.1905
speed,888,2.452380952380952,0,0,0,0,0,0,49.0476,48.6802,0,3.2698,3.2698,3.2698,3.2698,3.2698,3.2698,3.2698,3.2698
speed,889,2.452380952380952,0,0,0,0,0,0,49.0476,49.1597,0,3.2698,3.2698,3.2698,3.2698,3.2698,3.2698,3.2698,3.2698
speed,890,2.452380952380952,0,0,0,0,0,0,49.0476,48.7912,0,3.2698,3.2698,3.2698,3.2698,3.2698,3.2698,3.2698,3.2698
speed,891,2.452380952380952,0,0,0,0,0,0,49.0476,49.6809,0,3.2698,3.2698,3.2698,3.2698,3.2698,3.2698,3.2698,3.2698
speed,892,2.452380952380952,0,0,0,0,0,0,49.0476,49.1965,0,3.2698,3.2698,3.2698,3.2698,3.2698,3.2698,3.2698,3.2698
speed,893,2.452380952380952,0,0,0,0,0,0,49.0476,49.7794,0,3.2698,3.2698,3.2698,3.2698,3.2698,3.2698,3.2698,3.2698
speed,894,2.452380952380952,0,0,0,0,0,0,49.0476,48.9965,0,3.2698,3.2698,3.2698,3.2698,3.2698,3.2698,3.2698,3.2698
speed,895,2.452380952380952,0,0,0,0,0,0,49.0476,48.8512,0,3.2698,3.2698,3.2698,3.2698,3.2698,3.2698,3.2698,3.2698
speed,896,2.452380952380952,0,0,0,0,0,0,49.0476,49.0213,0,3.2698,3.2698,3.2698,3.2698,3.2698,3.2698,3.2698,3.2698
speed,897,2.452380952380952,0,0,0,0,0,0,49.0476,49.5822,0,3.2698,3.2698,3.2698,3.2698,3.2698,3.2698,3.2698,3.2698
speed,898,2.452380952380952,0,0,0,0,0,0,49.0476,48.9376,0,3.2698,3.2698,3.2698,3.2698,3.2698,3.2698,3.2698,3.2698
speed,899,2.452380952380952,0,0,0,0,0,0,49.0476,49.0132,0,3.2698,3.2698,3.2698,3.2698,3.2698,3.2698,3.2698,3.2698
speed,900,2.452380952380952,0,0,0,0,0,0,49.0476,49.0299,0,3.2698,3.2698,3.2698,3.2698,3.2698,3.2698,3.2698,3.2698
speed,901,2.452380952380952,0,0,0,0,0,0,49.0476,48.758,0,3.2698,3.2698,3.2698,3.2698,3.2698,3.2698,3.2698,3.2698
speed,902,2.452380952380952,0,0,0,0,0,0,49.0476,48.266,0,3.2698,3.2698,3.2698,3.2698,3.2698,3.2698,3.2698,3.2698
speed,903,2.452380952380952,0,0,0,0,0,0,49.0476,49.1422,0,3.2698,3.2698,3.2698,3.2698,3.2698,3.2698,3.2698,3.2698
speed,904,2.452380952380952,0,0,0,0,0,0,49.0476,49.7057,0,3.2698,3.2698,3.2698,3.2698,3.2698,3.2698,3.2698,3.2698
speed,905,2.452380952380952,0,0,0,0,0,0,49.0476,48.9686,0,3.2698,3.2698,3.2698,3.2698,3.2698,3.2698,3.2698,3.2698
speed,906,2.452380952380952,0,0,0,0,0,0,49.0476,49.7076,0,3.2698,3.2698,3.2698,3.2698,3.2698,3.2698,3.2698,3.2698
speed,907,2.452380952380952,0,0,0,0,0,0,49.0476,49.0034,0,3.2698,3.2698,3.2698,3.2698,3.2698,3.2698,3.2698,3.2698
speed,908,2.452380952380952,0,0,0,0,0,0,49.0476,48.2629,0,3.2698,3.2698,3.2698,3.2698,3.2698,3.2698,3.2698,3.2698
speed,909,2.452380952380952,0,0,0,0,0,0,49.0476,48.7379,0,3.2698,3.2698,3.2698,3.2698,3.2698,3.2698,3.2698,3.2698
speed,910,2.452380952380952,0,0,0,0,0,0,49.0476,48.9355,0,3.2698,3.2698,3.2698,3.2698,3.2698,3.2698,3.2698,3.2698
speed,911,2.452380952380952,0,0,0,0,0,0,49.0476,49.0633,0,3.2698,3.2698,3.2698,3.2698,3.2698,3.2698,3.2698,3.2698
speed,912,2.511904761904762,0,0,0,0,0,0,50.2381,49.5645,0,3.3492,3.3492,3.3492,3.3492,3.3492,3.3492,3.3492,3.3492
speed,913,2.511904761904762,0,0,0,0,0,0,50.2381,50.2507,0,3.3492,3.3492,3.3492,3.3492,3.3492,3.3492,3.3492,3.3492
speed,914,2.511904761904762,0,0,0,0,0,0,50.2381,49.7721,0,3.3492,3.3492,3.3492,3.3492,3.3492,3.3492,3.3492,3.3492
speed,915,2.511904761904762,0,0,0,0,0,0,50.2381,49.925,0,3.3492,3.3492,3.3492,3.3492,3.3492,3.3492,3.3492,3.3492
speed,916,2.511904761904762,0,0,0,0,0,0,50.2381,50.9661,0,3.3492,3.3492,3.3492,3.3492,3.3492,3.3492,3.3492,3.3492
speed,917,2.511904761904762,0,0,0,0,0,0,50.2381,50.2988,0,3.3492,3.3492,3.3492,3.3492,3.3492,3.3492,3.3492,3.3492
speed,918,2.511904761904762,0,0,0,0,0,0,50.2381,50.2124,0,3.3492,3.3492,3.3492,3.3492,3.3492,3.3492,3.3492,3.3492
speed,919,2.511904761904762,0,0,0,0,0,0,50.2381,50.0002,0,3.3492,3.3492,3.3492,3.3492,3.3492,3.3492,3.3492,3.3492
speed,920,2.511904761904762,0,0,0,0,0,0,50.2381,49.9134,0,3.3492,3.3492,3.3492,3.3492,3.3492,3.3492,3.3492,3.3492
speed,921,2.511904761904762,0,0,0,0,0,0,50.2381,50.5579,0,3.3492,3.3492,3.3492,3.3492,3.3492,3.3492,3.3492,3.3492
speed,922,2.511904761904762,0,0,0,0,0,0,50.2381,50.1122,0,3.3492,3.3492,3.3492,3.3492,3.3492,3.3492,3.3492,3.3492
speed,923,2.511904761904762,0,0,0,0,0,0,50.2381,50.226,0,3.3492,3.3492,3.3492,3.3492,3.3492,3.3492,3.3492,3.3492
speed,924,2.511904761904762,0,0,0,0,0,0,50.2381,50.5133,0,3.3492,3.3492,3.3492,3.3492,3.3492,3.3492,3.3492,3.3492
speed,925,2.511904761904762,0,0,0,0,0,0,50.2381,50.124,0,3.3492,3.3492,3.3492,3.3492,3.3492,3.3492,3.3492,3.3492
speed,926,2.511904761904762,0,0,0,0,0,0,50.2381,49.9774,0,3.3492,3.3492,3.3492,3.3492,3.3492,3.3492,3.3492,3.3492
speed,927,2.511904761904762,0,0,0,0,0,0,50.2381,50.0937,0,3.3492,3.3492,3.3492,3.3492,3.3492,3.3492,3.3492,3.3492
speed,928,2.511904761904762,0,0,0,0,0,0,50.2381,50.5243,0,3.3492,3.3492,3.3492,3.3492,3.3492,3.3492,3.3492,3.3492
speed,929,2.511904761904762,0,0,0,0,0,0,50.2381,50.1597,0,3.3492,3.3492,3.3492,3.3492,3.3492,3.3492,3.3492,3.3492
speed,930,2.511904761904762,0,0,0,0,0,0,50.2381,50.6679,0,3.3492,3.3492,3.3492,3.3492,3.3492,3.3492,3.3492,3.3492
speed,931,2.511904761904762,0,0,0,0,0,0,50.2381,50.485,0,3.3492,3.3492,3.3492,3.3492,3.3492,3.3492,3.3492,3.3492
speed,932,2.511904761904762,0,0,0,0,0,0,50.2381,50.7641,0,3.3492,3.3492,3.3492,3.3492,3.3492,3.3492,3.3492,3.3492
speed,933,2.511904761904762,0,0,0,0,0,0,50.2381,50.2843,0,3.3492,3.3492,3.3492,3.3492,3.3492,3.3492,3.3492,3.3492
speed,934,2.511904761904762,0,0,0,0,0,0,50.2381,50.8913,0,3.3492,3.3492,3.3492,3.3492,3.3492,3.3492,3.3492,3.3492
speed,935,2.511904761904762,0,0,0,0,0,0,50.2381,50.226,0,3.3492,3.3492,3.3492,3.3492,3.3492,3.3492,3.3492,3.3492
speed,936,2.571428571428571,0,0,0,0,0,0,51.4286,51.8703,0,3.4286,3.4286,3.4286,3.4286,3.4286,3.4286,3.4286,3.4286
speed,937,2.571428571428571,0,0,0,0,0,0,51.4286,50.9601,0,3.4286,3.4286,3.4286,3.4286,3.4286,3.4286,3.4286,3.4286
speed,938,2.571428571428571,0,0,0,0,0,0,51.4286,51.1944,0,3.4286,3.4286,3.4286,3.4286,3.4286,3.4286,3.4286,3.4286
speed,939,2.571428571428571,0,0,0,0,0,0,51.4286,50.8709,0,3.4286,3.4286,3.4286,3.4286,3.4286,3.4286,3.4286,3.4286
speed,940,2.571428571428571,0,0,0,0,0,0,51.4286,51.139,0,3.4286,3.4286,3.4286,3.4286,3.4286,3.4286,3.4286,3.4286
speed,941,2.571428571428571,0,0,0,0,0,0,51.4286,51.0416,0,3.4286,3.4286,3.4286,3.4286,3.4286,3.4286,3.4286,3.4286
speed,942,2.571428571428571,0,0,0,0,0,0,51.4286,51.8936,0,3.4286,3.4286,3.4286,3.4286,3.4286,3.4286,3.4286,3.4286
speed,943,2.571428571428571,0,0,0,0,0,0,51.4286,51.961,0,3.4286,3.4286,3.4286,3.4286,3.4286,3.4286,3.4286,3.4286
speed,944,2.571428571428571,0,0,0,0,0,0,51.4286,51.3262,0,3.4286,3.4286,3.4286,3.4286,3.4286,3.4286,3.4286,3.4286
speed,945,2.571428571428571,0,0,0,0,0,0,51.4286,51.93,0,3.4286,3.4286,3.4286,3.4286,3.4286,3.4286,3.4286,3.4286
speed,946,2.571428571428571,0,0,0,0,0,0,51.4286,50.8906,0,3.4286,3.4286,3.4286,3.4286,3.4286,3.4286,3.4286,3.4286
speed,947,2.571428571428571,0,0,0,0,0,0,51.4286,51.9716,0,3.4286,3.4286,3.4286,3.4286,3.4286,3.4286,3.4286,3.4286
speed,948,2.571428571428571,0,0,0,0,0,0,51.4286,51.079,0,3.4286,3.4286,3.4286,3.4286,3.4286,3.4286,3.4286,3.4286
speed,949,2.571428571428571,0,0,0,0,0,0,51.4286,51.8372,0,3.4286,3.4286,3.4286,3.4286,3.4286,3.4286,3.4286,3.4286
speed,950,2.571428571428571,0,0,0,0,0,0,51.4286,51.2012,0,3.4286,3.4286,3.4286,3.4286,3.4286,3.4286,3.4286,3.4286
speed,951,2.571428571428571,0,0,0,0,0,0,51.4286,51.6516,0,3.4286,3.4286,3.4286,3.4286,3.4286,3.4286,3.4286,3.4286
speed,952,2.571428571428571,0,0,0,0,0,0,51.4286,51.1545,0,3.4286,3.4286,3.4286,3.4286,3.4286,3.4286,3.4286,3.4286
speed,953,2.571428571428571,0,0,0,0,0,0,51.4286,51.0215,0,3.4286,3.4286,3.4286,3.4286,3.4286,3.4286,3.4286,3.4286
speed,954,2.571428571428571,0,0,0,0,0,0,51.4286,51.3442,0,3.4286,3.4286,3.4286,3.4286,3.4286,3.4286,3.4286,3.4286
speed,955,2.571428571428571,0,0,0,0,0,0,51.4286,50.8974,0,3.4286,3.4286,3.4286,3.4286,3.4286,3.4286,3.4286,3.4286
speed,956,2.571428571428571,0,0,0,0,0,0,51.4286,51.2593,0,3.4286,3.4286,3.4286,3.4286,3.4286,3.4286,3.4286,3.4286
speed,957,2.571428571428571,0,0,0,0,0,0,51.4286,52.1185,0,3.4286,3.4286,3.4286,3.4286,3.4286,3.4286,3.4286,3.4286
speed,958,2.571428571428571,0,0,0,0,0,0,51.4286,51.9381,0,3.4286,3.4286,3.4286,3.4286,3.4286,3.4286,3.4286,3.4286
speed,959,2.571428571428571,0,0,0,0,0,0,51.4286,51.0456,0,3.4286,3.4286,3.4286,3.4286,3.4286,3.4286,3.4286,3.4286
speed,960,2.630952380952381,0,0,0,0,0,0,52.619,52.3844,0,3.5079,3.5079,3.5079,3.5079,3.5079,3.5079,3.5079,3.5079
speed,961,2.630952380952381,0,0,0,0,0,0,52.619,52.2411,0,3.5079,3.5079,3.5079,3.5079,3.5079,3.5079,3.5079,3.5079
speed,962,2.630952380952381,0,0,0,0,0,0,52.619,52.9528,0,3.5079,3.5079,3.5079,3.5079,3.5079,3.5079,3.5079,3.5079
speed,963,2.630952380952381,0,0,0,0,0,0,52.619,52.573,0,3.5079,3.5079,3.5079,3.5079,3.5079,3.5079,3.5079,3.5079
speed,964,2.630952380952381,0,0,0,0,0,0,52.619,52.0209,0,3.5079,3.5079,3.5079,3.5079,3.5079,3.5079,3.5079,3.5079
speed,965,2.630952380952381,0,0,0,0,0,0,52.619,53.164,0,3.5079,3.5079,3.5079,3.5079,3.5079,3.5079,3.5079,3.5079
speed,966,2.630952380952381,0,0,0,0,0,0,52.619,52.7452,0,3.5079,3.5079,3.5079,3.5079,3.5079,3.5079,3.5079,3.5079
speed,967,2.630952380952381,0,0,0,0,0,0,52.619,51.8845,0,3.5079,3.5079,3.5079,3.5079,3.5079,3.5079,3.5079,3.5079
speed,968,2.630952380952381,0,0,0,0,0,0,52.619,51.9425,0,3.5079,3.5079,3.5079,3.5079,3.5079,3.5079,3.5079,3.5079
speed,969,2.630952380952381,0,0,0,0,0,0,52.619,52.81,0,3.5079,3.5079,3.5079,3.5079,3.5079,3.5079,3.5079,3.5079
speed,970,2.630952380952381,0,0,0,0,0,0,52.619,51.9593,0,3.5079,3.5079,3.5079,3.5079,3.5079,3.5079,3.5079,3.5079
speed,971,2.630952380952381,0,0,0,0,0,0,52.619,52.291,0,3.5079,3.5079,3.5079,3.5079,3.5079,3.5079,3.5079,3.5079
speed,972,2.630952380952381,0,0,0,0,0,0,52.619,52.8932,0,3.5079,3.5079,3.5079,3.5079,3.5079,3.5079,3.5079,3.5079
speed,973,2.630952380952381,0,0,0,0,0,0,52.619,53.2832,0,3.5079,3.5079,3.5079,3.5079,3.5079,3.5079,3.5079,3.5079
speed,974,2.630952380952381,0,0,0,0,0,0,52.619,51.9099,0,3.5079,3.5079,3.5079,3.5079,3.5079,3.5079,3.5079,3.5079
speed,975,2.630952380952381,0,0,0,0,0,0,52.619,52.2027,0,3.5079,3.5079,3.5079,3.5079,3.5079,3.5079,3.5079,3.5079
speed,976,2.630952380952381,0,0,0,0,0,0,52.619,53.0949,0,3.5079,3.5079,3.5079,3.5079,3.5079,3.5079,3.5079,3.5079
speed,977,2.630952380952381,0,0,0,0,0,0,52.619,52.2306,0,3.5079,3.5079,3.5079,3.5079,3.5079,3.5079,3.5079,3.5079
speed,978,2.630952380952381,0,0,0,0,0,0,52.619,52.9528,0,3.5079,3.5079,3.5079,3.5079,3.5079,3.5079,3.5079,3.5079
speed,979,2.630952380952381,0,0,0,0,0,0,52.619,52.6978,0,3.5079,3.5079,3.5079,3.5079,3.5079,3.5079,3.5079,3.5079
speed,980,2.630952380952381,0,0,0,0,0,0,52.619,51.9702,0,3.5079,3.5079,3.5079,3.5079,3.5079,3.5079,3.5079,3.5079
speed,981,2.630952380952381,0,0,0,0,0,0,52.619,53.172,0,3.5079,3.5079,3.5079,3.5079,3.5079,3.5079,3.5079,3.5079
speed,982,2.630952380952381,0,0,0,0,0,0,52.619,52.7593,0,3.5079,3.5079,3.5079,3.5079,3.5079,3.5079,3.5079,3.5079
speed,983,2.630952380952381,0,0,0,0,0,0,52.619,52.298,0,3.5079,3.5079,3.5079,3.5079,3.5079,3.5079,3.5079,3.5079
speed,984,2.6904761904761902,0,0,0,0,0,0,53.8095,53.2583,0,3.5873,3.5873,3.5873,3.5873,3.5873,3.5873,3.5873,3.5873
speed,985,2.6904761904761902,0,0,0,0,0,0,53.8095,54.2756,0,3.5873,3.5873,3.5873,3.5873,3.5873,3.5873,3.5873,3.5873
speed,986,2.6904761904761902,0,0,0,0,0,0,53.8095,54.2876,0,3.5873,3.5873,3.5873,3.5873,3.5873,3.5873,3.5873,3.5873
speed,987,2.6904761904761902,0,0,0,0,0,0,53.8095,54.1966,0,3.5873,3.5873,3.5873,3.5873,3.5873,3.5873,3.5873,3.5873
speed,988,2.6904761904761902,0,0,0,0,0,0,53.8095,54.5445,0,3.5873,3.5873,3.5873,3.5873,3.5873,3.5873,3.5873,3.5873
speed,989,2.6904761904761902,0,0,0,0,0,0,53.8095,54.0172,0,3.5873,3.5873,3.5873,3.5873,3.5873,3.5873,3.5873,3.5873
speed,990,2.6904761904761902,0,0,0,0,0,0,53.8095,54.0742,0,3.5873,3.5873,3.5873,3.5873,3.5873,3.5873,3.5873,3.5873
speed,991,2.6904761904761902,0,0,0,0,0,0,53.8095,54.18,0,3.5873,3.5873,3.5873,3.5873,3.5873,3.5873,3.5873,3.5873
speed,992,2.6904761904761902,0,0,0,0,0,0,53.8095,54.3293,0,3.5873,3.5873,3.5873,3.5873,3.5873,3.5873,3.5873,3.5873
speed,993,2.6904761904761902,0,0,0,0,0,0,53.8095,52.9677,0,3.5873,3.5873,3.5873,3.5873,3.5873,3.5873,3.5873,3.5873
speed,994,2.6904761904761902,0,0,0,0,0,0,53.8095,54.0201,0,3.5873,3.5873,3.5873,3.5873,3.5873,3.5873,3.5873,3.5873
speed,995,2.6904761904761902,0,0,0,0,0,0,53.8095,54.0696,0,3.5873,3.5873,3.5873,3.5873,3.5873,3.5873,3.5873,3.5873
speed,996,2.6904761904761902,0,0,0,0,0,0,53.8095,53.22,0,3.5873,3.5873,3.5873,3.5873,3.5873,3.5873,3.5873,3.5873
speed,997,2.6904761904761902,0,0,0,0,0,0,53.8095,53.7401,0,3.5873,3.5873,3.5873,3.5873,3.5873,3.5873,3.5873,3.5873
speed,998,2.6904761904761902,0,0,0,0,0,0,53.8095,54.3961,0,3.5873,3.5873,3.5873,3.5873,3.5873,3.5873,3.5873,3.5873
speed,999,2.6904761904761902,0,0,0,0,0,0,53.8095,54.0319,0,3.5873,3.5873,3.5873,3.5873,3.5873,3.5873,3.5873,3.5873
speed,1000,2.6904761904761902,0,0,0,0,0,0,53.8095,54.0103,0,3.5873,3.5873,3.5873,3.5873,3.5873,3.5873,3.5873,3.5873
speed,1001,2.6904761904761902,0,0,0,0,0,0,53.8095,52.8687,0,3.5873,3.5873,3.5873,3.5873,3.5873,3.5873,3.5873,3.5873
speed,1002,2.6904761904761902,0,0,0,0,0,0,53.8095,54.2806,0,3.5873,3.5873,3.5873,3.5873,3.5873,3.5873,3.5873,3.5873
speed,1003,2.6904761904761902,0,0,0,0,0,0,53.8095,53.2325,0,3.5873,3.5873,3.5873,3.5873,3.5873,3.5873,3.5873,3.5873
speed,1004,2.6904761904761902,0,0,0,0,0,0,53.8095,54.1779,0,3.5873,3.5873,3.5873,3.5873,3.5873,3.5873,3.5873,3.5873
speed,1005,2.6904761904761902,0,0,0,0,0,0,53.8095,54.0285,0,3.5873,3.5873,3.5873,3.5873,3.5873,3.5873,3.5873,3.5873
speed,1006,2.6904761904761902,0,0,0,0,0,0,53.8095,54.0086,0,3.5873,3.5873,3.5873,3.5873,3.5873,3.5873,3.5873,3.5873
speed,1007,2.6904761904761902,0,0,0,0,0,0,53.8095,54.0855,0,3.5873,3.5873,3.5873,3.5873,3.5873,3.5873,3.5873,3.5873
speed,1008,2.75,0,0,0,0,0,0,55.0,54.0952,0,3.6667,3.6667,3.6667,3.6667,3.6667,3.6667,3.6667,3.6667
speed,1009,2.75,0,0,0,0,0,0,55.0,54.5966,0,3.6667,3.6667,3.6667,3.6667,3.6667,3.6667,3.6667,3.6667
speed,1010,2.75,0,0,0,0,0,0,55.0,55.1085,0,3.6667,3.6667,3.6667,3.6667,3.6667,3.6667,3.6667,3.6667
speed,1011,2.75,0,0,0,0,0,0,55.0,54.5718,0,3.6667,3.6667,3.6667,3.6667,3.6667,3.6667,3.6667,3.6667
speed,1012,2.75,0,0,0,0,0,0,55.0,54.8949,0,3.6667,3.6667,3.6667,3.6667,3.6667,3.6667,3.6667,3.6667
speed,1013,2.75,0,0,0,0,0,0,55.0,55.276,0,3.6667,3.6667,3.6667,3.6667,3.6667,3.6667,3.6667,3.6667
speed,1014,2.75,0,0,0,0,0,0,55.0,54.2653,0,3.6667,3.6667,3.6667,3.6667,3.6667,3.6667,3.6667,3.6667
speed,1015,2.75,0,0,0,0,0,0,55.0,54.6272,0,3.6667,3.6667,3.6667,3.6667,3.6667,3.6667,3.6667,3.6667
speed,1016,2.75,0,0,0,0,0,0,55.0,55.0948,0,3.6667,3.6667,3.6667,3.6667,3.6667,3.6667,3.6667,3.6667
speed,1017,2.75,0,0,0,0,0,0,55.0,54.4129,0,3.6667,3.6667,3.6667,3.6667,3.6667,3.6667,3.6667,3.6667
speed,1018,2.75,0,0,0,0,0,0,55.0,55.1725,0,3.6667,3.6667,3.6667,3.6667,3.6667,3.6667,3.6667,3.6667
speed,1019,2.75,0,0,0,0,0,0,55.0,54.4597,0,3.6667,3.6667,3.6667,3.6667,3.6667,3.6667,3.6667,3.6667
speed,1020,2.75,0,0,0,0,0,0,55.0,54.9219,0,3.6667,3.6667,3.6667,3.6667,3.6667,3.6667,3.6667,3.6667
speed,1021,2.75,0,0,0,0,0,0,55.0,54.71,0,3.6667,3.6667,3.6667,3.6667,3.6667,3.6667,3.6667,3.6667
speed,1022,2.75,0,0,0,0,0,0,55.0,55.0955,0,3.6667,3.6667,3.6667,3.6667,3.6667,3.6667,3.6667,3.6667
speed,1023,2.75,0,0,0,0,0,0,55.0,54.2295,0,3.6667,3.6667,3.6667,3.6667,3.6667,3.6667,3.6667,3.6667
speed,1024,2.75,0,0,0,0,0,0,55.0,54.9482,0,3.6667,3.6667,3.6667,3.6667,3.6667,3.6667,3.6667,3.6667
speed,1025,2.75,0,0,0,0,0,0,55.0,55.3494,0,3.6667,3.6667,3.6667,3.6667,3.6667,3.6667,3.6667,3.6667
speed,1026,2.75,0,0,0,0,0,0,55.0,54.9799,0,3.6667,3.6667,3.6667,3.6667,3.6667,3.6667,3.6667,3.6667
speed,1027,2.75,0,0,0,0,0,0,55.0,55.3997,0,3.6667,3.6667,3.6667,3.6667,3.6667,3.6667,3.6667,3.6667
speed,1028,2.75,0,0,0,0,0,0,55.0,54.1674,0,3.6667,3.6667,3.6667,3.6667,3.6667,3.6667,3.6667,3.6667
speed,1029,2.75,0,0,0,0,0,0,55.0,55.2562,0,3.6667,3.6667,3.6667,3.6667,3.6667,3.6667,3.6667,3.6667
speed,1030,2.75,0,0,0,0,0,0,55.0,55.0808,0,3.6667,3.6667,3.6667,3.6667,3.6667,3.6667,3.6667,3.6667
speed,1031,2.75,0,0,0,0,0,0,55.0,54.621,0,3.6667,3.6667,3.6667,3.6667,3.6667,3.6667,3.6667,3.6667
speed,1032,2.8095238095238093,0,0,0,0,0,0,56.1905,56.8318,0,3.746,3.746,3.746,3.746,3.746,3.746,3.746,3.746
speed,1033,2.8095238095238093,0,0,0,0,0,0,56.1905,56.2374,0,3.746,3.746,3.746,3.746,3.746,3.746,3.746,3.746
speed,1034,2.8095238095238093,0,0,0,0,0,0,56.1905,56.1731,0,3.746,3.746,3.746,3.746,3.746,3.746,3.746,3.746
speed,1035,2.8095238095238093,0,0,0,0,0,0,56.1905,56.1109,0,3.746,3.746,3.746,3.746,3.746,3.746,3.746,3.746
speed,1036,2.8095238095238093,0,0,0,0,0,0,56.1905,55.5605,0,3.746,3.746,3.746,3.746,3.746,3.746,3.746,3.746
speed,1037,2.8095238095238093,0,0,0,0,0,0,56.1905,56.0147,0,3.746,3.746,3.746,3.746,3.746,3.746,3.746,3.746
speed,1038,2.8095238095238093,0,0,0,0,0,0,56.1905,55.2526,0,3.746,3.746,3.746,3.746,3.746,3.746,3.746,3.746
speed,1039,2.8095238095238093,0,0,0,0,0,0,56.1905,55.865,0,3.746,3.746,3.746,3.746,3.746,3.746,3.746,3.746
speed,1040,2.8095238095238093,0,0,0,0,0,0,56.1905,56.342,0,3.746,3.746,3.746,3.746,3.746,3.746,3.746,3.746
speed,1041,2.8095238095238093,0,0,0,0,0,0,56.1905,56.1773,0,3.746,3.746,3.746,3.746,3.746,3.746,3.746,3.746
speed,1042,2.8095238095238093,0,0,0,0,0,0,56.1905,56.8983,0,3.746,3.746,3.746,3.746,3.746,3.746,3.746,3.746
speed,1043,2.8095238095238093,0,0,0,0,0,0,56.1905,56.0689,0,3.746,3.746,3.746,3.746,3.746,3.746,3.746,3.746
speed,1044,2.8095238095238093,0,0,0,0,0,0,56.1905,56.3688,0,3.746,3.746,3.746,3.746,3.746,3.746,3.746,3.746
speed,1045,2.8095238095238093,0,0,0,0,0,0,56.1905,55.5178,0,3.746,3.746,3.746,3.746,3.746,3.746,3.746,3.746
speed,1046,2.8095238095238093,0,0,0,0,0,0,56.1905,55.8676,0,3.746,3.746,3.746,3.746,3.746,3.746,3.746,3.746
speed,1047,2.8095238095238093,0,0,0,0,0,0,56.1905,56.0086,0,3.746,3.746,3.746,3.746,3.746,3.746,3.746,3.746
speed,1048,2.8095238095238093,0,0,0,0,0,0,56.1905,56.4051,0,3.746,3.746,3.746,3.746,3.746,3.746,3.746,3.746
speed,1049,2.8095238095238093,0,0,0,0,0,0,56.1905,56.2042,0,3.746,3.746,3.746,3.746,3.746,3.746,3.746,3.746
speed,1050,2.8095238095238093,0,0,0,0,0,0,56.1905,56.2284,0,3.746,3.746,3.746,3.746,3.746,3.746,3.746,3.746
speed,1051,2.8095238095238093,0,0,0,0,0,0,56.1905,56.053,0,3.746,3.746,3.746,3.746,3.746,3.746,3.746,3.746
speed,1052,2.8095238095238093,0,0,0,0,0,0,56.1905,56.0392,0,3.746,3.746,3.746,3.746,3.746,3.746,3.746,3.746
speed,1053,2.8095238095238093,0,0,0,0,0,0,56.1905,56.2419,0,3.746,3.746,3.746,3.746,3.746,3.746,3.746,3.746
speed,1054,2.8095238095238093,0,0,0,0,0,0,56.1905,56.3205,0,3.746,3.746,3.746,3.746,3.746,3.746,3.746,3.746
speed,1055,2.8095238095238093,0,0,0,0,0,0,56.1905,55.7963,0,3.746,3.746,3.746,3.746,3.746,3.746,3.746,3.746
speed,1056,2.869047619047619,0,0,0,0,0,0,57.381,57.4406,0,3.8254,3.8254,3.8254,3.8254,3.8254,3.8254,3.8254,3.8254
speed,1057,2.869047619047619,0,0,0,0,0,0,57.381,56.8891,0,3.8254,3.8254,3.8254,3.8254,3.8254,3.8254,3.8254,3.8254
speed,1058,2.869047619047619,0,0,0,0,0,0,57.381,58.0951,0,3.8254,3.8254,3.8254,3.8254,3.8254,3.8254,3.8254,3.8254
speed,1059,2.869047619047619,0,0,0,0,0,0,57.381,56.6363,0,3.8254,3.8254,3.8254,3.8254,3.8254,3.8254,3.8254,3.8254
speed,1060,2.869047619047619,0,0,0,0,0,0,57.381,57.9083,0,3.8254,3.8254,3.8254,3.8254,3.8254,3.8254,3.8254,3.8254
speed,1061,2.869047619047619,0,0,0,0,0,0,57.381,57.6479,0,3.8254,3.8254,3.8254,3.8254,3.8254,3.8254,3.8254,3.8254
speed,1062,2.869047619047619,0,0,0,0,0,0,57.381,57.041,0,3.8254,3.8254,3.8254,3.8254,3.8254,3.8254,3.8254,3.8254
speed,1063,2.869047619047619,0,0,0,0,0,0,57.381,57.6762,0,3.8254,3.8254,3.8254,3.8254,3.8254,3.8254,3.8254,3.8254
speed,1064,2.869047619047619,0,0,0,0,0,0,57.381,57.4597,0,3.8254,3.8254,3.8254,3.8254,3.8254,3.8254,3.8254,3.8254
speed,1065,2.869047619047619,0,0,0,0,0,0,57.381,57.2357,0,3.8254,3.8254,3.8254,3.8254,3.8254,3.8254,3.8254,3.8254
speed,1066,2.869047619047619,0,0,0,0,0,0,57.381,56.9013,0,3.8254,3.8254,3.8254,3.8254,3.8254,3.8254,3.8254,3.8254
speed,1067,2.869047619047619,0,0,0,0,0,0,57.381,57.5796,0,3.8254,3.8254,3.8254,3.8254,3.8254,3.8254,3.8254,3.8254
speed,1068,2.869047619047619,0,0,0,0,0,0,57.381,57.0,0,3.8254,3.8254,3.8254,3.8254,3.8254,3.8254,3.8254,3.8254
speed,1069,2.869047619047619,0,0,0,0,0,0,57.381,57.7235,0,3.8254,3.8254,3.8254,3.8254,3.8254,3.8254,3.8254,3.8254
speed,1070,2.869047619047619,0,0,0,0,0,0,57.381,56.3828,0,3.8254,3.8254,3.8254,3.8254,3.8254,3.8254,3.8254,3.8254
speed,1071,2.869047619047619,0,0,0,0,0,0,57.381,57.2046,0,3.8254,3.8254,3.8254,3.8254,3.8254,3.8254,3.8254,3.8254
speed,1072,2.869047619047619,0,0,0,0,0,0,57.381,57.4429,0,3.8254,3.8254,3.8254,3.8254,3.8254,3.8254,3.8254,3.8254
speed,1073,2.869047619047619,0,0,0,0,0,0,57.381,56.8655,0,3.8254,3.8254,3.8254,3.8254,3.8254,3.8254,3.8254,3.8254
speed,1074,2.869047619047619,0,0,0,0,0,0,57.381,57.0601,0,3.8254,3.8254,3.8254,3.8254,3.8254,3.8254,3.8254,3.8254
speed,1075,2.869047619047619,0,0,0,0,0,0,57.381,57.388,0,3.8254,3.8254,3.8254,3.8254,3.8254,3.8254,3.8254,3.8254
speed,1076,2.869047619047619,0,0,0,0,0,0,57.381,57.3783,0,3.8254,3.8254,3.8254,3.8254,3.8254,3.8254,3.8254,3.8254
speed,1077,2.869047619047619,0,0,0,0,0,0,57.381,57.5293,0,3.8254,3.8254,3.8254,3.8254,3.8254,3.8254,3.8254,3.8254
speed,1078,2.869047619047619,0,0,0,0,0,0,57.381,57.1284,0,3.8254,3.8254,3.8254,3.8254,3.8254,3.8254,3.8254,3.8254
speed,1079,2.869047619047619,0,0,0,0,0,0,57.381,56.8787,0,3.8254,3.8254,3.8254,3.8254,3.8254,3.8254,3.8254,3.8254
speed,1080,2.9285714285714284,0,0,0,0,0,0,58.5714,58.5882,0,3.9048,3.9048,3.9048,3.9048,3.9048,3.9048,3.9048,3.9048
speed,1081,2.9285714285714284,0,0,0,0,0,0,58.5714,59.3704,0,3.9048,3.9048,3.9048,3.9048,3.9048,3.9048,3.9048,3.9048
speed,1082,2.9285714285714284,0,0,0,0,0,0,58.5714,58.4976,0,3.9048,3.9048,3.9048,3.9048,3.9048,3.9048,3.9048,3.9048
speed,1083,2.9285714285714284,0,0,0,0,0,0,58.5714,59.0156,0,3.9048,3.9048,3.9048,3.9048,3.9048,3.9048,3.9048,3.9048
speed,1084,2.9285714285714284,0,0,0,0,0,0,58.5714,58.3157,0,3.9048,3.9048,3.9048,3.9048,3.9048,3.9048,3.9048,3.9048
speed,1085,2.9285714285714284,0,0,0,0,0,0,58.5714,58.2996,0,3.9048,3.9048,3.9048,3.9048,3.9048,3.9048,3.9048,3.9048
speed,1086,2.9285714285714284,0,0,0,0,0,0,58.5714,58.1323,0,3.9048,3.9048,3.9048,3.9048,3.9048,3.9048,3.9048,3.9048
speed,1087,2.9285714285714284,0,0,0,0,0,0,58.5714,58.4732,0,3.9048,3.9048,3.9048,3.9048,3.9048,3.9048,3.9048,3.9048
speed,1088,2.9285714285714284,0,0,0,0,0,0,58.5714,59.0064,0,3.9048,3.9048,3.9048,3.9048,3.9048,3.9048,3.9048,3.9048
speed,1089,2.9285714285714284,0,0,0,0,0,0,58.5714,59.0828,0,3.9048,3.9048,3.9048,3.9048,3.9048,3.9048,3.9048,3.9048
speed,1090,2.9285714285714284,0,0,0,0,0,0,58.5714,58.6182,0,3.9048,3.9048,3.9048,3.9048,3.9048,3.9048,3.9048,3.9048
speed,1091,2.9285714285714284,0,0,0,0,0,0,58.5714,58.5425,0,3.9048,3.9048,3.9048,3.9048,3.9048,3.9048,3.9048,3.9048
speed,1092,2.9285714285714284,0,0,0,0,0,0,58.5714,59.1536,0,3.9048,3.9048,3.9048,3.9048,3.9048,3.9048,3.9048,3.9048
speed,1093,2.9285714285714284,0,0,0,0,0,0,58.5714,58.2882,0,3.9048,3.9048,3.9048,3.9048,3.9048,3.9048,3.9048,3.9048
speed,1094,2.9285714285714284,0,0,0,0,0,0,58.5714,58.9212,0,3.9048,3.9048,3.9048,3.9048,3.9048,3.9048,3.9048,3.9048
speed,1095,2.9285714285714284,0,0,0,0,0,0,58.5714,59.2302,0,3.9048,3.9048,3.9048,3.9048,3.9048,3.9048,3.9048,3.9048
speed,1096,2.9285714285714284,0,0,0,0,0,0,58.5714,58.566,0,3.9048,3.9048,3.9048,3.9048,3.9048,3.9048,3.9048,3.9048
speed,1097,2.9285714285714284,0,0,0,0,0,0,58.5714,58.6649,0,3.9048,3.9048,3.9048,3.9048,3.9048,3.9048,3.9048,3.9048
speed,1098,2.9285714285714284,0,0,0,0,0,0,58.5714,58.516,0,3.9048,3.9048,3.9048,3.9048,3.9048,3.9048,3.9048,3.9048
speed,1099,2.9285714285714284,0,0,0,0,0,0,58.5714,58.0365,0,3.9048,3.9048,3.9048,3.9048,3.9048,3.9048,3.9048,3.9048
speed,1100,2.9285714285714284,0,0,0,0,0,0,58.5714,58.1749,0,3.9048,3.9048,3.9048,3.9048,3.9048,3.9048,3.9048,3.9048
speed,1101,2.9285714285714284,0,0,0,0,0,0,58.5714,58.3108,0,3.9048,3.9048,3.9048,3.9048,3.9048,3.9048,3.9048,3.9048
speed,1102,2.9285714285714284,0,0,0,0,0,0,58.5714,59.2447,0,3.9048,3.9048,3.9048,3.9048,3.9048,3.9048,3.9048,3.9048
speed,1103,2.9285714285714284,0,0,0,0,0,0,58.5714,59.0402,0,3.9048,3.9048,3.9048,3.9048,3.9048,3.9048,3.9048,3.9048
speed,1104,2.988095238095238,0,0,0,0,0,0,59.7619,59.995,0,3.9841,3.9841,3.9841,3.9841,3.9841,3.9841,3.9841,3.9841
speed,1105,2.988095238095238,0,0,0,0,0,0,59.7619,59.0283,0,3.9841,3.9841,3.9841,3.9841,3.9841,3.9841,3.9841,3.9841
speed,1106,2.988095238095238,0,0,0,0,0,0,59.7619,59.6029,0,3.9841,3.9841,3.9841,3.9841,3.9841,3.9841,3.9841,3.9841
speed,1107,2.988095238095238,0,0,0,0,0,0,59.7619,59.3442,0,3.9841,3.9841,3.9841,3.9841,3.9841,3.9841,3.9841,3.9841
speed,1108,2.988095238095238,0,0,0,0,0,0,59.7619,59.9237,0,3.9841,3.9841,3.9841,3.9841,3.9841,3.9841,3.9841,3.9841
speed,1109,2.988095238095238,0,0,0,0,0,0,59.7619,59.9436,0,3.9841,3.9841,3.9841,3.9841,3.9841,3.9841,3.9841,3.9841
speed,1110,2.988095238095238,0,0,0,0,0,0,59.7619,60.0085,0,3.9841,3.9841,3.9841,3.9841,3.9841,3.9841,3.9841,3.9841
speed,1111,2.988095238095238,0,0,0,0,0,0,59.7619,59.0322,0,3.9841,3.9841,3.9841,3.9841,3.9841,3.9841,3.9841,3.9841
speed,1112,2.988095238095238,0,0,0,0,0,0,59.7619,59.0806,0,3.9841,3.9841,3.9841,3.9841,3.9841,3.9841,3.9841,3.9841
speed,1113,2.988095238095238,0,0,0,0,0,0,59.7619,60.2957,0,3.9841,3.9841,3.9841,3.9841,3.9841,3.9841,3.9841,3.9841
speed,1114,2.988095238095238,0,0,0,0,0,0,59.7619,60.556,0,3.9841,3.9841,3.9841,3.9841,3.9841,3.9841,3.9841,3.9841
speed,1115,2.988095238095238,0,0,0,0,0,0,59.7619,59.651,0,3.9841,3.9841,3.9841,3.9841,3.9841,3.9841,3.9841,3.9841
speed,1116,2.988095238095238,0,0,0,0,0,0,59.7619,60.1606,0,3.9841,3.9841,3.9841,3.9841,3.9841,3.9841,3.9841,3.9841
speed,1117,2.988095238095238,0,0,0,0,0,0,59.7619,59.3507,0,3.9841,3.9841,3.9841,3.9841,3.9841,3.9841,3.9841,3.9841
speed,1118,2.988095238095238,0,0,0,0,0,0,59.7619,60.1697,0,3.9841,3.9841,3.9841,3.9841,3.9841,3.9841,3.9841,3.9841
speed,1119,2.988095238095238,0,0,0,0,0,0,59.7619,59.8137,0,3.9841,3.9841,3.9841,3.9841,3.9841,3.9841,3.9841,3.9841
speed,1120,2.988095238095238,0,0,0,0,0,0,59.7619,59.8703,0,3.9841,3.9841,3.9841,3.9841,3.9841,3.9841,3.9841,3.9841
speed,1121,2.988095238095238,0,0,0,0,0,0,59.7619,59.6655,0,3.9841,3.9841,3.9841,3.9841,3.9841,3.9841,3.9841,3.9841
speed,1122,2.988095238095238,0,0,0,0,0,0,59.7619,59.6402,0,3.9841,3.9841,3.9841,3.9841,3.9841,3.9841,3.9841,3.9841
speed,1123,2.988095238095238,0,0,0,0,0,0,59.7619,60.2659,0,3.9841,3.9841,3.9841,3.9841,3.9841,3.9841,3.9841,3.9841
speed,1124,2.988095238095238,0,0,0,0,0,0,59.7619,59.8097,0,3.9841,3.9841,3.9841,3.9841,3.9841,3.9841,3.9841,3.9841
speed,1125,2.988095238095238,0,0,0,0,0,0,59.7619,59.9108,0,3.9841,3.9841,3.9841,3.9841,3.9841,3.9841,3.9841,3.9841
speed,1126,2.988095238095238,0,0,0,0,0,0,59.7619,59.9715,0,3.9841,3.9841,3.9841,3.9841,3.9841,3.9841,3.9841,3.9841
speed,1127,2.988095238095238,0,0,0,0,0,0,59.7619,59.1195,0,3.9841,3.9841,3.9841,3.9841,3.9841,3.9841,3.9841,3.9841
speed,1128,3.0476190476190474,0,0,0,0,0,0,60.9524,60.327,0,4.0635,4.0635,4.0635,4.0635,4.0635,4.0635,4.0635,4.0635
speed,1129,3.0476190476190474,0,0,0,0,0,0,60.9524,60.3849,0,4.0635,4.0635,4.0635,4.0635,4.0635,4.0635,4.0635,4.0635
speed,1130,3.0476190476190474,0,0,0,0,0,0,60.9524,61.2672,0,4.0635,4.0635,4.0635,4.0635,4.0635,4.0635,4.0635,4.0635
speed,1131,3.0476190476190474,0,0,0,0,0,0,60.9524,61.1311,0,4.0635,4.0635,4.0635,4.0635,4.0635,4.0635,4.0635,4.0635
speed,1132,3.0476190476190474,0,0,0,0,0,0,60.9524,60.4049,0,4.0635,4.0635,4.0635,4.0635,4.0635,4.0635,4.0635,4.0635
speed,1133,3.0476190476190474,0,0,0,0,0,0,60.9524,61.3278,0,4.0635,4.0635,4.0635,4.0635,4.0635,4.0635,4.0635,4.0635
speed,1134,3.0476190476190474,0,0,0,0,0,0,60.9524,60.3199,0,4.0635,4.0635,4.0635,4.0635,4.0635,4.0635,4.0635,4.0635
speed,1135,3.0476190476190474,0,0,0,0,0,0,60.9524,60.9254,0,4.0635,4.0635,4.0635,4.0635,4.0635,4.0635,4.0635,4.0635
speed,1136,3.0476190476190474,0,0,0,0,0,0,60.9524,61.0639,0,4.0635,4.0635,4.0635,4.0635,4.0635,4.0635,4.0635,4.0635
speed,1137,3.0476190476190474,0,0,0,0,0,0,60.9524,60.1074,0,4.0635,4.0635,4.0635,4.0635,4.0635,4.0635,4.0635,4.0635
speed,1138,3.0476190476190474,0,0,0,0,0,0,60.9524,60.4016,0,4.0635,4.0635,4.0635,4.0635,4.0635,4.0635,4.0635,4.0635
speed,1139,3.0476190476190474,0,0,0,0,0,0,60.9524,60.8977,0,4.0635,4.0635,4.0635,4.0635,4.0635,4.0635,4.0635,4.0635
speed,1140,3.0476190476190474,0,0,0,0,0,0,60.9524,61.5589,0,4.0635,4.0635,4.0635,4.0635,4.0635,4.0635,4.0635,4.0635
speed,1141,3.0476190476190474,0,0,0,0,0,0,60.9524,60.2711,0,4.0635,4.0635,4.0635,4.0635,4.0635,4.0635,4.0635,4.0635
speed,1142,3.0476190476190474,0,0,0,0,0,0,60.9524,61.1548,0,4.0635,4.0635,4.0635,4.0635,4.0635,4.0635,4.0635,4.0635
speed,1143,3.0476190476190474,0,0,0,0,0,0,60.9524,60.515,0,4.0635,4.0635,4.0635,4.0635,4.0635,4.0635,4.0635,4.0635
speed,1144,3.0476190476190474,0,0,0,0,0,0,60.9524,61.241,0,4.0635,4.0635,4.0635,4.0635,4.0635,4.0635,4.0635,4.0635
speed,1145,3.0476190476190474,0,0,0,0,0,0,60.9524,60.5429,0,4.0635,4.0635,4.0635,4.0635,4.0635,4.0635,4.0635,4.0635
speed,1146,3.0476190476190474,0,0,0,0,0,0,60.9524,60.3443,0,4.0635,4.0635,4.0635,4.0635,4.0635,4.0635,4.0635,4.0635
speed,1147,3.0476190476190474,0,0,0,0,0,0,60.9524,60.9487,0,4.0635,4.0635,4.0635,4.0635,4.0635,4.0635,4.0635,4.0635
speed,1148,3.0476190476190474,0,0,0,0,0,0,60.9524,61.3549,0,4.0635,4.0635,4.0635,4.0635,4.0635,4.0635,4.0635,4.0635
speed,1149,3.0476190476190474,0,0,0,0,0,0,60.9524,61.4194,0,4.0635,4.0635,4.0635,4.0635,4.0635,4.0635,4.0635,4.0635
speed,1150,3.0476190476190474,0,0,0,0,0,0,60.9524,61.2439,0,4.0635,4.0635,4.0635,4.0635,4.0635,4.0635,4.0635,4.0635
speed,1151,3.0476190476190474,0,0,0,0,0,0,60.9524,60.5226,0,4.0635,4.0635,4.0635,4.0635,4.0635,4.0635,4.0635,4.0635
speed,1152,3.1071428571428568,0,0,0,0,0,0,62.1429,62.9485,0,4.1429,4.1429,4.1429,4.1429,4.1429,4.1429,4.1429,4.1429
speed,1153,3.1071428571428568,0,0,0,0,0,0,62.1429,62.22,0,4.1429,4.1429,4.1429,4.1429,4.1429,4.1429,4.1429,4.1429
speed,1154,3.1071428571428568,0,0,0,0,0,0,62.1429,62.655,0,4.1429,4.1429,4.1429,4.1429,4.1429,4.1429,4.1429,4.1429
speed,1155,3.1071428571428568,0,0,0,0,0,0,62.1429,62.2934,0,4.1429,4.1429,4.1429,4.1429,4.1429,4.1429,4.1429,4.1429
speed,1156,3.1071428571428568,0,0,0,0,0,0,62.1429,61.767,0,4.1429,4.1429,4.1429,4.1429,4.1429,4.1429,4.1429,4.1429
speed,1157,3.1071428571428568,0,0,0,0,0,0,62.1429,62.424,0,4.1429,4.1429,4.1429,4.1429,4.1429,4.1429,4.1429,4.1429
speed,1158,3.1071428571428568,0,0,0,0,0,0,62.1429,62.193,0,4.1429,4.1429,4.1429,4.1429,4.1429,4.1429,4.1429,4.1429
speed,1159,3.1071428571428568,0,0,0,0,0,0,62.1429,61.8591,0,4.1429,4.1429,4.1429,4.1429,4.1429,4.1429,4.1429,4.1429
speed,1160,3.1071428571428568,0,0,0,0,0,0,62.1429,62.187,0,4.1429,4.1429,4.1429,4.1429,4.1429,4.1429,4.1429,4.1429
speed,1161,3.1071428571428568,0,0,0,0,0,0,62.1429,61.7341,0,4.1429,4.1429,4.1429,4.1429,4.1429,4.1429,4.1429,4.1429
speed,1162,3.1071428571428568,0,0,0,0,0,0,62.1429,62.2736,0,4.1429,4.1429,4.1429,4.1429,4.1429,4.1429,4.1429,4.1429
speed,1163,3.1071428571428568,0,0,0,0,0,0,62.1429,61.9341,0,4.1429,4.1429,4.1429,4.1429,4.1429,4.1429,4.1429,4.1429
speed,1164,3.1071428571428568,0,0,0,0,0,0,62.1429,61.9055,0,4.1429,4.1429,4.1429,4.1429,4.1429,4.1429,4.1429,4.1429
speed,1165,3.1071428571428568,0,0,0,0,0,0,62.1429,62.3438,0,4.1429,4.1429,4.1429,4.1429,4.1429,4.1429,4.1429,4.1429
speed,1166,3.1071428571428568,0,0,0,0,0,0,62.1429,62.6591,0,4.1429,4.1429,4.1429,4.1429,4.1429,4.1429,4.1429,4.1429
speed,1167,3.1071428571428568,0,0,0,0,0,0,62.1429,62.2406,0,4.1429,4.1429,4.1429,4.1429,4.1429,4.1429,4.1429,4.1429
speed,1168,3.1071428571428568,0,0,0,0,0,0,62.1429,61.9797,0,4.1429,4.1429,4.1429,4.1429,4.1429,4.1429,4.1429,4.1429
speed,1169,3.1071428571428568,0,0,0,0,0,0,62.1429,62.7199,0,4.1429,4.1429,4.1429,4.1429,4.1429,4.1429,4.1429,4.1429
speed,1170,3.1071428571428568,0,0,0,0,0,0,62.1429,62.1289,0,4.1429,4.1429,4.1429,4.1429,4.1429,4.1429,4.1429,4.1429
speed,1171,3.1071428571428568,0,0,0,0,0,0,62.1429,62.2325,0,4.1429,4.1429,4.1429,4.1429,4.1429,4.1429,4.1429,4.1429
speed,1172,3.1071428571428568,0,0,0,0,0,0,62.1429,61.7903,0,4.1429,4.1429,4.1429,4.1429,4.1429,4.1429,4.1429,4.1429
speed,1173,3.1071428571428568,0,0,0,0,0,0,62.1429,62.4701,0,4.1429,4.1429,4.1429,4.1429,4.1429,4.1429,4.1429,4.1429
speed,1174,3.1071428571428568,0,0,0,0,0,0,62.1429,62.2266,0,4.1429,4.1429,4.1429,4.1429,4.1429,4.1429,4.1429,4.1429
speed,1175,3.1071428571428568,0,0,0,0,0,0,62.1429,62.6393,0,4.1429,4.1429,4.1429,4.1429,4.1429,4.1429,4.1429,4.1429
speed,1176,3.1666666666666665,0,0,0,0,0,0,63.3333,63.1913,0,4.2222,4.2222,4.2222,4.2222,4.2222,4.2222,4.2222,4.2222
speed,1177,3.1666666666666665,0,0,0,0,0,0,63.3333,62.7196,0,4.2222,4.2222,4.2222,4.2222,4.2222,4.2222,4.2222,4.2222
speed,1178,3.1666666666666665,0,0,0,0,0,0,63.3333,63.3233,0,4.2222,4.2222,4.2222,4.2222,4.2222,4.2222,4.2222,4.2222
speed,1179,3.1666666666666665,0,0,0,0,0,0,63.3333,63.1734,0,4.2222,4.2222,4.2222,4.2222,4.2222,4.2222,4.2222,4.2222
speed,1180,3.1666666666666665,0,0,0,0,0,0,63.3333,63.8548,0,4.2222,4.2222,4.2222,4.2222,4.2222,4.2222,4.2222,4.2222
speed,1181,3.1666666666666665,0,0,0,0,0,0,63.3333,62.9262,0,4.2222,4.2222,4.2222,4.2222,4.2222,4.2222,4.2222,4.2222
speed,1182,3.1666666666666665,0,0,0,0,0,0,63.3333,62.6658,0,4.2222,4.2222,4.2222,4.2222,4.2222,4.2222,4.2222,4.2222
speed,1183,3.1666666666666665,0,0,0,0,0,0,63.3333,63.1386,0,4.2222,4.2222,4.2222,4.2222,4.2222,4.2222,4.2222,4.2222
speed,1184,3.1666666666666665,0,0,0,0,0,0,63.3333,63.2861,0,4.2222,4.2222,4.2222,4.2222,4.2222,4.2222,4.2222,4.2222
speed,1185,3.1666666666666665,0,0,0,0,0,0,63.3333,63.9921,0,4.2222,4.2222,4.2222,4.2222,4.2222,4.2222,4.2222,4.2222
speed,1186,3.1666666666666665,0,0,0,0,0,0,63.3333,63.3136,0,4.2222,4.2222,4.2222,4.2222,4.2222,4.2222,4.2222,4.2222
speed,1187,3.1666666666666665,0,0,0,0,0,0,63.3333,62.6549,0,4.2222,4.2222,4.2222,4.2222,4.2222,4.2222,4.2222,4.2222
speed,1188,3.1666666666666665,0,0,0,0,0,0,63.3333,63.5191,0,4.2222,4.2222,4.2222,4.2222,4.2222,4.2222,4.2222,4.2222
speed,1189,3.1666666666666665,0,0,0,0,0,0,63.3333,63.9942,0,4.2222,4.2222,4.2222,4.2222,4.2222,4.2222,4.2222,4.2222
speed,1190,3.1666666666666665,0,0,0,0,0,0,63.3333,63.4774,0,4.2222,4.2222,4.2222,4.2222,4.2222,4.2222,4.2222,4.2222
speed,1191,3.1666666666666665,0,0,0,0,0,0,63.3333,63.561,0,4.2222,4.2222,4.2222,4.2222,4.2222,4.2222,4.2222,4.2222
speed,1192,3.1666666666666665,0,0,0,0,0,0,63.3333,63.2378,0,4.2222,4.2222,4.2222,4.2222,4.2222,4.2222,4.2222,4.2222
speed,1193,3.1666666666666665,0,0,0,0,0,0,63.3333,62.7388,0,4.2222,4.2222,4.2222,4.2222,4.2222,4.2222,4.2222,4.2222
speed,1194,3.1666666666666665,0,0,0,0,0,0,63.3333,63.1973,0,4.2222,4.2222,4.2222,4.2222,4.2222,4.2222,4.2222,4.2222
speed,1195,3.1666666666666665,0,0,0,0,0,0,63.3333,63.1622,0,4.2222,4.2222,4.2222,4.2222,4.2222,4.2222,4.2222,4.2222
speed,1196,3.1666666666666665,0,0,0,0,0,0,63.3333,62.9154,0,4.2222,4.2222,4.2222,4.2222,4.2222,4.2222,4.2222,4.2222
speed,1197,3.1666666666666665,0,0,0,0,0,0,63.3333,62.2397,0,4.2222,4.2222,4.2222,4.2222,4.2222,4.2222,4.2222,4.2222
speed,1198,3.1666666666666665,0,0,0,0,0,0,63.3333,62.9971,0,4.2222,4.2222,4.2222,4.2222,4.2222,4.2222,4.2222,4.2222
speed,1199,3.1666666666666665,0,0,0,0,0,0,63.3333,63.2953,0,4.2222,4.2222,4.2222,4.2222,4.2222,4.2222,4.2222,4.2222
speed,1200,3.226190476190476,0,0,0,0,0,0,64.5238,64.1357,0,4.3016,4.3016,4.3016,4.3016,4.3016,4.3016,4.3016,4.3016
speed,1201,3.226190476190476,0,0,0,0,0,0,64.5238,64.5855,0,4.3016,4.3016,4.3016,4.3016,4.3016,4.3016,4.3016,4.3016
speed,1202,3.226190476190476,0,0,0,0,0,0,64.5238,64.2767,0,4.3016,4.3016,4.3016,4.3016,4.3016,4.3016,4.3016,4.3016
speed,1203,3.226190476190476,0,0,0,0,0,0,64.5238,64.5951,0,4.3016,4.3016,4.3016,4.3016,4.3016,4.3016,4.3016,4.3016
speed,1204,3.226190476190476,0,0,0,0,0,0,64.5238,65.2966,0,4.3016,4.3016,4.3016,4.3016,4.3016,4.3016,4.3016,4.3016
speed,1205,3.226190476190476,0,0,0,0,0,0,64.5238,64.5865,0,4.3016,4.3016,4.3016,4.3016,4.3016,4.3016,4.3016,4.3016
speed,1206,3.226190476190476,0,0,0,0,0,0,64.5238,64.9811,0,4.3016,4.3016,4.3016,4.3016,4.3016,4.3016,4.3016,4.3016
speed,1207,3.226190476190476,0,0,0,0,0,0,64.5238,64.1888,0,4.3016,4.3016,4.3016,4.3016,4.3016,4.3016,4.3016,4.3016
speed,1208,3.226190476190476,0,0,0,0,0,0,64.5238,64.9659,0,4.3016,4.3016,4.3016,4.3016,4.3016,4.3016,4.3016,4.3016
speed,1209,3.226190476190476,0,0,0,0,0,0,64.5238,64.8701,0,4.3016,4.3016,4.3016,4.3016,4.3016,4.3016,4.3016,4.3016
speed,1210,3.226190476190476,0,0,0,0,0,0,64.5238,64.9114,0,4.3016,4.3016,4.3016,4.3016,4.3016,4.3016,4.3016,4.3016
speed,1211,3.226190476190476,0,0,0,0,0,0,64.5238,64.3149,0,4.3016,4.3016,4.3016,4.3016,4.3016,4.3016,4.3016,4.3016
speed,1212,3.226190476190476,0,0,0,0,0,0,64.5238,64.8998,0,4.3016,4.3016,4.3016,4.3016,4.3016,4.3016,4.3016,4.3016
speed,1213,3.226190476190476,0,0,0,0,0,0,64.5238,64.335,0,4.3016,4.3016,4.3016,4.3016,4.3016,4.3016,4.3016,4.3016
speed,1214,3.226190476190476,0,0,0,0,0,0,64.5238,64.0832,0,4.3016,4.3016,4.3016,4.3016,4.3016,4.3016,4.3016,4.3016
speed,1215,3.226190476190476,0,0,0,0,0,0,64.5238,64.5708,0,4.3016,4.3016,4.3016,4.3016,4.3016,4.3016,4.3016,4.3016
speed,1216,3.226190476190476,0,0,0,0,0,0,64.5238,64.0584,0,4.3016,4.3016,4.3016,4.3016,4.3016,4.3016,4.3016,4.3016
speed,1217,3.226190476190476,0,0,0,0,0,0,64.5238,64.8195,0,4.3016,4.3016,4.3016,4.3016,4.3016,4.3016,4.3016,4.3016
speed,1218,3.226190476190476,0,0,0,0,0,0,64.5238,64.3603,0,4.3016,4.3016,4.3016,4.3016,4.3016,4.3016,4.3016,4.3016
speed,1219,3.226190476190476,0,0,0,0,0,0,64.5238,64.8368,0,4.3016,4.3016,4.3016,4.3016,4.3016,4.3016,4.3016,4.3016
speed,1220,3.226190476190476,0,0,0,0,0,0,64.5238,65.3242,0,4.3016,4.3016,4.3016,4.3016,4.3016,4.3016,4.3016,4.3016
speed,1221,3.226190476190476,0,0,0,0,0,0,64.5238,64.6536,0,4.3016,4.3016,4.3016,4.3016,4.3016,4.3016,4.3016,4.3016
speed,1222,3.226190476190476,0,0,0,0,0,0,64.5238,64.0981,0,4.3016,4.3016,4.3016,4.3016,4.3016,4.3016,4.3016,4.3016
speed,1223,3.226190476190476,0,0,0,0,0,0,64.5238,65.3248,0,4.3016,4.3016,4.3016,4.3016,4.3016,4.3016,4.3016,4.3016
speed,1224,3.2857142857142856,0,0,0,0,0,0,65.7143,65.7495,0,4.381,4.381,4.381,4.381,4.381,4.381,4.381,4.381
speed,1225,3.2857142857142856,0,0,0,0,0,0,65.7143,65.3257,0,4.381,4.381,4.381,4.381,4.381,4.381,4.381,4.381
speed,1226,3.2857142857142856,0,0,0,0,0,0,65.7143,65.3921,0,4.381,4.381,4.381,4.381,4.381,4.381,4.381,4.381
speed,1227,3.2857142857142856,0,0,0,0,0,0,65.7143,65.0314,0,4.381,4.381,4.381,4.381,4.381,4.381,4.381,4.381
speed,1228,3.2857142857142856,0,0,0,0,0,0,65.7143,65.278,0,4.381,4.381,4.381,4.381,4.381,4.381,4.381,4.381
speed,1229,3.2857142857142856,0,0,0,0,0,0,65.7143,65.6552,0,4.381,4.381,4.381,4.381,4.381,4.381,4.381,4.381
speed,1230,3.2857142857142856,0,0,0,0,0,0,65.7143,65.7257,0,4.381,4.381,4.381,4.381,4.381,4.381,4.381,4.381
speed,1231,3.2857142857142856,0,0,0,0,0,0,65.7143,64.9799,0,4.381,4.381,4.381,4.381,4.381,4.381,4.381,4.381
speed,1232,3.2857142857142856,0,0,0,0,0,0,65.7143,65.7745,0,4.381,4.381,4.381,4.381,4.381,4.381,4.381,4.381
speed,1233,3.2857142857142856,0,0,0,0,0,0,65.7143,66.2128,0,4.381,4.381,4.381,4.381,4.381,4.381,4.381,4.381
speed,1234,3.2857142857142856,0,0,0,0,0,0,65.7143,65.3211,0,4.381,4.381,4.381,4.381,4.381,4.381,4.381,4.381
speed,1235,3.2857142857142856,0,0,0,0,0,0,65.7143,65.9903,0,4.381,4.381,4.381,4.381,4.381,4.381,4.381,4.381
speed,1236,3.2857142857142856,0,0,0,0,0,0,65.7143,65.3027,0,4.381,4.381,4.381,4.381,4.381,4.381,4.381,4.381
speed,1237,3.2857142857142856,0,0,0,0,0,0,65.7143,66.3007,0,4.381,4.381,4.381,4.381,4.381,4.381,4.381,4.381
speed,1238,3.2857142857142856,0,0,0,0,0,0,65.7143,65.7088,0,4.381,4.381,4.381,4.381,4.381,4.381,4.381,4.381
speed,1239,3.2857142857142856,0,0,0,0,0,0,65.7143,65.0239,0,4.381,4.381,4.381,4.381,4.381,4.381,4.381,4.381
speed,1240,3.2857142857142856,0,0,0,0,0,0,65.7143,65.8398,0,4.381,4.381,4.381,4.381,4.381,4.381,4.381,4.381
speed,1241,3.2857142857142856,0,0,0,0,0,0,65.7143,65.2368,0,4.381,4.381,4.381,4.381,4.381,4.381,4.381,4.381
speed,1242,3.2857142857142856,0,0,0,0,0,0,65.7143,66.1414,0,4.381,4.381,4.381,4.381,4.381,4.381,4.381,4.381
speed,1243,3.2857142857142856,0,0,0,0,0,0,65.7143,64.9514,0,4.381,4.381,4.381,4.381,4.381,4.381,4.381,4.381
speed,1244,3.2857142857142856,0,0,0,0,0,0,65.7143,66.331,0,4.381,4.381,4.381,4.381,4.381,4.381,4.381,4.381
speed,1245,3.2857142857142856,0,0,0,0,0,0,65.7143,64.8357,0,4.381,4.381,4.381,4.381,4.381,4.381,4.381,4.381
speed,1246,3.2857142857142856,0,0,0,0,0,0,65.7143,65.7272,0,4.381,4.381,4.381,4.381,4.381,4.381,4.381,4.381
speed,1247,3.2857142857142856,0,0,0,0,0,0,65.7143,65.9943,0,4.381,4.381,4.381,4.381,4.381,4.381,4.381,4.381
speed,1248,3.345238095238095,0,0,0,0,0,0,66.9048,67.2192,0,4.4603,4.4603,4.4603,4.4603,4.4603,4.4603,4.4603,4.4603
speed,1249,3.345238095238095,0,0,0,0,0,0,66.9048,67.2914,0,4.4603,4.4603,4.4603,4.4603,4.4603,4.4603,4.4603,4.4603
speed,1250,3.345238095238095,0,0,0,0,0,0,66.9048,66.3817,0,4.4603,4.4603,4.4603,4.4603,4.4603,4.4603,4.4603,4.4603
speed,1251,3.345238095238095,0,0,0,0,0,0,66.9048,67.0524,0,4.4603,4.4603,4.4603,4.4603,4.4603,4.4603,4.4603,4.4603
speed,1252,3.345238095238095,0,0,0,0,0,0,66.9048,66.8629,0,4.4603,4.4603,4.4603,4.4603,4.4603,4.4603,4.4603,4.4603
speed,1253,3.345238095238095,0,0,0,0,0,0,66.9048,66.6317,0,4.4603,4.4603,4.4603,4.4603,4.4603,4.4603,4.4603,4.4603
speed,1254,3.345238095238095,0,0,0,0,0,0,66.9048,67.157,0,4.4603,4.4603,4.4603,4.4603,4.4603,4.4603,4.4603,4.4603
speed,1255,3.345238095238095,0,0,0,0,0,0,66.9048,67.1887,0,4.4603,4.4603,4.4603,4.4603,4.4603,4.4603,4.4603,4.4603
speed,1256,3.345238095238095,0,0,0,0,0,0,66.9048,65.9794,0,4.4603,4.4603,4.4603,4.4603,4.4603,4.4603,4.4603,4.4603
speed,1257,3.345238095238095,0,0,0,0,0,0,66.9048,66.0665,0,4.4603,4.4603,4.4603,4.4603,4.4603,4.4603,4.4603,4.4603
speed,1258,3.345238095238095,0,0,0,0,0,0,66.9048,66.2294,0,4.4603,4.4603,4.4603,4.4603,4.4603,4.4603,4.4603,4.4603
speed,1259,3.345238095238095,0,0,0,0,0,0,66.9048,67.0545,0,4.4603,4.4603,4.4603,4.4603,4.4603,4.4603,4.4603,4.4603
speed,1260,3.345238095238095,0,0,0,0,0,0,66.9048,66.369,0,4.4603,4.4603,4.4603,4.4603,4.4603,4.4603,4.4603,4.4603
speed,1261,3.345238095238095,0,0,0,0,0,0,66.9048,66.9983,0,4.4603,4.4603,4.4603,4.4603,4.4603,4.4603,4.4603,4.4603
speed,1262,3.345238095238095,0,0,0,0,0,0,66.9048,66.2101,0,4.4603,4.4603,4.4603,4.4603,4.4603,4.4603,4.4603,4.4603
speed,1263,3.345238095238095,0,0,0,0,0,0,66.9048,66.1161,0,4.4603,4.4603,4.4603,4.4603,4.4603,4.4603,4.4603,4.4603
speed,1264,3.345238095238095,0,0,0,0,0,0,66.9048,66.429,0,4.4603,4.4603,4.4603,4.4603,4.4603,4.4603,4.4603,4.4603
speed,1265,3.345238095238095,0,0,0,0,0,0,66.9048,67.359,0,4.4603,4.4603,4.4603,4.4603,4.4603,4.4603,4.4603,4.4603
speed,1266,3.345238095238095,0,0,0,0,0,0,66.9048,66.3501,0,4.4603,4.4603,4.4603,4.4603,4.4603,4.4603,4.4603,4.4603
speed,1267,3.345238095238095,0,0,0,0,0,0,66.9048,66.6055,0,4.4603,4.4603,4.4603,4.4603,4.4603,4.4603,4.4603,4.4603
speed,1268,3.345238095238095,0,0,0,0,0,0,66.9048,66.9744,0,4.4603,4.4603,4.4603,4.4603,4.4603,4.4603,4.4603,4.4603
speed,1269,3.345238095238095,0,0,0,0,0,0,66.9048,67.0101,0,4.4603,4.4603,4.4603,4.4603,4.4603,4.4603,4.4603,4.4603
speed,1270,3.345238095238095,0,0,0,0,0,0,66.9048,66.1465,0,4.4603,4.4603,4.4603,4.4603,4.4603,4.4603,4.4603,4.4603
speed,1271,3.345238095238095,0,0,0,0,0,0,66.9048,66.2842,0,4.4603,4.4603,4.4603,4.4603,4.4603,4.4603,4.4603,4.4603
speed,1272,3.4047619047619047,0,0,0,0,0,0,68.0952,67.9893,0,4.5397,4.5397,4.5397,4.5397,4.5397,4.5397,4.5397,4.5397
speed,1273,3.4047619047619047,0,0,0,0,0,0,68.0952,68.0029,0,4.5397,4.5397,4.5397,4.5397,4.5397,4.5397,4.5397,4.5397
speed,1274,3.4047619047619047,0,0,0,0,0,0,68.0952,68.0105,0,4.5397,4.5397,4.5397,4.5397,4.5397,4.5397,4.5397,4.5397
speed,1275,3.4047619047619047,0,0,0,0,0,0,68.0952,68.6022,0,4.5397,4.5397,4.5397,4.5397,4.5397,4.5397,4.5397,4.5397
speed,1276,3.4047619047619047,0,0,0,0,0,0,68.0952,67.3322,0,4.5397,4.5397,4.5397,4.5397,4.5397,4.5397,4.5397,4.5397
speed,1277,3.4047619047619047,0,0,0,0,0,0,68.0952,68.2419,0,4.5397,4.5397,4.5397,4.5397,4.5397,4.5397,4.5397,4.5397
speed,1278,3.4047619047619047,0,0,0,0,0,0,68.0952,67.4813,0,4.5397,4.5397,4.5397,4.5397,4.5397,4.5397,4.5397,4.5397
speed,1279,3.4047619047619047,0,0,0,0,0,0,68.0952,68.2477,0,4.5397,4.5397,4.5397,4.5397,4.5397,4.5397,4.5397,4.5397
speed,1280,3.4047619047619047,0,0,0,0,0,0,68.0952,67.9606,0,4.5397,4.5397,4.5397,4.5397,4.5397,4.5397,4.5397,4.5397
speed,1281,3.4047619047619047,0,0,0,0,0,0,68.0952,67.9288,0,4.5397,4.5397,4.5397,4.5397,4.5397,4.5397,4.5397,4.5397
speed,1282,3.4047619047619047,0,0,0,0,0,0,68.0952,68.0647,0,4.5397,4.5397,4.5397,4.5397,4.5397,4.5397,4.5397,4.5397
speed,1283,3.4047619047619047,0,0,0,0,0,0,68.0952,68.3314,0,4.5397,4.5397,4.5397,4.5397,4.5397,4.5397,4.5397,4.5397
speed,1284,3.4047619047619047,0,0,0,0,0,0,68.0952,67.4269,0,4.5397,4.5397,4.5397,4.5397,4.5397,4.5397,4.5397,4.5397
speed,1285,3.4047619047619047,0,0,0,0,0,0,68.0952,68.13,0,4.5397,4.5397,4.5397,4.5397,4.5397,4.5397,4.5397,4.5397
speed,1286,3.4047619047619047,0,0,0,0,0,0,68.0952,67.1648,0,4.5397,4.5397,4.5397,4.5397,4.5397,4.5397,4.5397,4.5397
speed,1287,3.4047619047619047,0,0,0,0,0,0,68.0952,68.4531,0,4.5397,4.5397,4.5397,4.5397,4.5397,4.5397,4.5397,4.5397
speed,1288,3.4047619047619047,0,0,0,0,0,0,68.0952,68.0033,0,4.5397,4.5397,4.5397,4.5397,4.5397,4.5397,4.5397,4.5397
speed,1289,3.4047619047619047,0,0,0,0,0,0,68.0952,67.9715,0,4.5397,4.5397,4.5397,4.5397,4.5397,4.5397,4.5397,4.5397
speed,1290,3.4047619047619047,0,0,0,0,0,0,68.0952,67.979,0,4.5397,4.5397,4.5397,4.5397,4.5397,4.5397,4.5397,4.5397
speed,1291,3.4047619047619047,0,0,0,0,0,0,68.0952,67.6562,0,4.5397,4.5397,4.5397,4.5397,4.5397,4.5397,4.5397,4.5397
speed,1292,3.4047619047619047,0,0,0,0,0,0,68.0952,68.292,0,4.5397,4.5397,4.5397,4.5397,4.5397,4.5397,4.5397,4.5397
speed,1293,3.4047619047619047,0,0,0,0,0,0,68.0952,68.2181,0,4.5397,4.5397,4.5397,4.5397,4.5397,4.5397,4.5397,4.5397
speed,1294,3.4047619047619047,0,0,0,0,0,0,68.0952,68.2712,0,4.5397,4.5397,4.5397,4.5397,4.5397,4.5397,4.5397,4.5397
speed,1295,3.4047619047619047,0,0,0,0,0,0,68.0952,68.3174,0,4.5397,4.5397,4.5397,4.5397,4.5397,4.5397,4.5397,4.5397
speed,1296,3.464285714285714,0,0,0,0,0,0,69.2857,69.3617,0,4.619,4.619,4.619,4.619,4.619,4.619,4.619,4.619
speed,1297,3.464285714285714,0,0,0,0,0,0,69.2857,69.2807,0,4.619,4.619,4.619,4.619,4.619,4.619,4.619,4.619
speed,1298,3.464285714285714,0,0,0,0,0,0,69.2857,69.049,0,4.619,4.619,4.619,4.619,4.619,4.619,4.619,4.619
speed,1299,3.464285714285714,0,0,0,0,0,0,69.2857,69.6802,0,4.619,4.619,4.619,4.619,4.619,4.619,4.619,4.619
speed,1300,3.464285714285714,0,0,0,0,0,0,69.2857,69.4316,0,4.619,4.619,4.619,4.619,4.619,4.619,4.619,4.619
speed,1301,3.464285714285714,0,0,0,0,0,0,69.2857,68.9009,0,4.619,4.619,4.619,4.619,4.619,4.619,4.619,4.619
speed,1302,3.464285714285714,0,0,0,0,0,0,69.2857,69.4173,0,4.619,4.619,4.619,4.619,4.619,4.619,4.619,4.619
speed,1303,3.464285714285714,0,0,0,0,0,0,69.2857,68.9388,0,4.619,4.619,4.619,4.619,4.619,4.619,4.619,4.619
speed,1304,3.464285714285714,0,0,0,0,0,0,69.2857,69.4751,0,4.619,4.619,4.619,4.619,4.619,4.619,4.619,4.619
speed,1305,3.464285714285714,0,0,0,0,0,0,69.2857,69.6294,0,4.619,4.619,4.619,4.619,4.619,4.619,4.619,4.619
speed,1306,3.464285714285714,0,0,0,0,0,0,69.2857,69.0278,0,4.619,4.619,4.619,4.619,4.619,4.619,4.619,4.619
speed,1307,3.464285714285714,0,0,0,0,0,0,69.2857,69.3363,0,4.619,4.619,4.619,4.619,4.619,4.619,4.619,4.619
speed,1308,3.464285714285714,0,0,0,0,0,0,69.2857,68.924,0,4.619,4.619,4.619,4.619,4.619,4.619,4.619,4.619
speed,1309,3.464285714285714,0,0,0,0,0,0,69.2857,69.4847,0,4.619,4.619,4.619,4.619,4.619,4.619,4.619,4.619
speed,1310,3.464285714285714,0,0,0,0,0,0,69.2857,69.9886,0,4.619,4.619,4.619,4.619,4.619,4.619,4.619,4.619
speed,1311,3.464285714285714,0,0,0,0,0,0,69.2857,69.2133,0,4.619,4.619,4.619,4.619,4.619,4.619,4.619,4.619
speed,1312,3.464285714285714,0,0,0,0,0,0,69.2857,69.011,0,4.619,4.619,4.619,4.619,4.619,4.619,4.619,4.619
speed,1313,3.464285714285714,0,0,0,0,0,0,69.2857,69.2723,0,4.619,4.619,4.619,4.619,4.619,4.619,4.619,4.619
speed,1314,3.464285714285714,0,0,0,0,0,0,69.2857,69.5063,0,4.619,4.619,4.619,4.619,4.619,4.619,4.619,4.619
speed,1315,3.464285714285714,0,0,0,0,0,0,69.2857,68.3325,0,4.619,4.619,4.619,4.619,4.619,4.619,4.619,4.619
speed,1316,3.464285714285714,0,0,0,0,0,0,69.2857,69.4313,0,4.619,4.619,4.619,4.619,4.619,4.619,4.619,4.619
speed,1317,3.464285714285714,0,0,0,0,0,0,69.2857,69.1855,0,4.619,4.619,4.619,4.619,4.619,4.619,4.619,4.619
speed,1318,3.464285714285714,0,0,0,0,0,0,69.2857,69.3249,0,4.619,4.619,4.619,4.619,4.619,4.619,4.619,4.619
speed,1319,3.464285714285714,0,0,0,0,0,0,69.2857,68.9445,0,4.619,4.619,4.619,4.619,4.619,4.619,4.619,4.619
speed,1320,3.5238095238095237,0,0,0,0,0,0,70.4762,70.3602,0,4.6984,4.6984,4.6984,4.6984,4.6984,4.6984,4.6984,4.6984
speed,1321,3.5238095238095237,0,0,0,0,0,0,70.4762,70.3623,0,4.6984,4.6984,4.6984,4.6984,4.6984,4.6984,4.6984,4.6984
speed,1322,3.5238095238095237,0,0,0,0,0,0,70.4762,70.104,0,4.6984,4.6984,4.6984,4.6984,4.6984,4.6984,4.6984,4.6984
speed,1323,3.5238095238095237,0,0,0,0,0,0,70.4762,70.7207,0,4.6984,4.6984,4.6984,4.6984,4.6984,4.6984,4.6984,4.6984
speed,1324,3.5238095238095237,0,0,0,0,0,0,70.4762,69.9626,0,4.6984,4.6984,4.6984,4.6984,4.6984,4.6984,4.6984,4.6984
speed,1325,3.5238095238095237,0,0,0,0,0,0,70.4762,70.4865,0,4.6984,4.6984,4.6984,4.6984,4.6984,4.6984,4.6984,4.6984
speed,1326,3.5238095238095237,0,0,0,0,0,0,70.4762,69.722,0,4.6984,4.6984,4.6984,4.6984,4.6984,4.6984,4.6984,4.6984
speed,1327,3.5238095238095237,0,0,0,0,0,0,70.4762,70.3053,0,4.6984,4.6984,4.6984,4.6984,4.6984,4.6984,4.6984,4.6984
speed,1328,3.5238095238095237,0,0,0,0,0,0,70.4762,70.284,0,4.6984,4.6984,4.6984,4.6984,4.6984,4.6984,4.6984,4.6984
speed,1329,3.5238095238095237,0,0,0,0,0,0,70.4762,70.6349,0,4.6984,4.6984,4.6984,4.6984,4.6984,4.6984,4.6984,4.6984
speed,1330,3.5238095238095237,0,0,0,0,0,0,70.4762,70.2559,0,4.6984,4.6984,4.6984,4.6984,4.6984,4.6984,4.6984,4.6984
speed,1331,3.5238095238095237,0,0,0,0,0,0,70.4762,69.9774,0,4.6984,4.6984,4.6984,4.6984,4.6984,4.6984,4.6984,4.6984
speed,1332,3.5238095238095237,0,0,0,0,0,0,70.4762,70.1438,0,4.6984,4.6984,4.6984,4.6984,4.6984,4.6984,4.6984,4.6984
speed,1333,3.5238095238095237,0,0,0,0,0,0,70.4762,69.8954,0,4.6984,4.6984,4.6984,4.6984,4.6984,4.6984,4.6984,4.6984
speed,1334,3.5238095238095237,0,0,0,0,0,0,70.4762,70.388,0,4.6984,4.6984,4.6984,4.6984,4.6984,4.6984,4.6984,4.6984
speed,1335,3.5238095238095237,0,0,0,0,0,0,70.4762,70.4061,0,4.6984,4.6984,4.6984,4.6984,4.6984,4.6984,4.6984,4.6984
speed,1336,3.5238095238095237,0,0,0,0,0,0,70.4762,71.1593,0,4.6984,4.6984,4.6984,4.6984,4.6984,4.6984,4.6984,4.6984
speed,1337,3.5238095238095237,0,0,0,0,0,0,70.4762,70.1277,0,4.6984,4.6984,4.6984,4.6984,4.6984,4.6984,4.6984,4.6984
speed,1338,3.5238095238095237,0,0,0,0,0,0,70.4762,71.1661,0,4.6984,4.6984,4.6984,4.6984,4.6984,4.6984,4.6984,4.6984
speed,1339,3.5238095238095237,0,0,0,0,0,0,70.4762,70.6845,0,4.6984,4.6984,4.6984,4.6984,4.6984,4.6984,4.6984,4.6984
speed,1340,3.5238095238095237,0,0,0,0,0,0,70.4762,70.9257,0,4.6984,4.6984,4.6984,4.6984,4.6984,4.6984,4.6984,4.6984
speed,1341,3.5238095238095237,0,0,0,0,0,0,70.4762,70.4411,0,4.6984,4.6984,4.6984,4.6984,4.6984,4.6984,4.6984,4.6984
speed,1342,3.5238095238095237,0,0,0,0,0,0,70.4762,69.7023,0,4.6984,4.6984,4.6984,4.6984,4.6984,4.6984,4.6984,4.6984
speed,1343,3.5238095238095237,0,0,0,0,0,0,70.4762,70.4641,0,4.6984,4.6984,4.6984,4.6984,4.6984,4.6984,4.6984,4.6984
speed,1344,3.583333333333333,0,0,0,0,0,0,71.6667,71.3822,0,4.7778,4.7778,4.7778,4.7778,4.7778,4.7778,4.7778,4.7778
speed,1345,3.583333333333333,0,0,0,0,0,0,71.6667,71.169,0,4.7778,4.7778,4.7778,4.7778,4.7778,4.7778,4.7778,4.7778
speed,1346,3.583333333333333,0,0,0,0,0,0,71.6667,72.4,0,4.7778,4.7778,4.7778,4.7778,4.7778,4.7778,4.7778,4.7778
speed,1347,3.583333333333333,0,0,0,0,0,0,71.6667,72.5075,0,4.7778,4.7778,4.7778,4.7778,4.7778,4.7778,4.7778,4.7778
speed,1348,3.583333333333333,0,0,0,0,0,0,71.6667,72.2584,0,4.7778,4.7778,4.7778,4.7778,4.7778,4.7778,4.7778,4.7778
speed,1349,3.583333333333333,0,0,0,0,0,0,71.6667,71.4259,0,4.7778,4.7778,4.7778,4.7778,4.7778,4.7778,4.7778,4.7778
speed,1350,3.583333333333333,0,0,0,0,0,0,71.6667,71.3758,0,4.7778,4.7778,4.7778,4.7778,4.7778,4.7778,4.7778,4.7778
speed,1351,3.583333333333333,0,0,0,0,0,0,71.6667,71.4253,0,4.7778,4.7778,4.7778,4.7778,4.7778,4.7778,4.7778,4.7778
speed,1352,3.583333333333333,0,0,0,0,0,0,71.6667,71.0199,0,4.7778,4.7778,4.7778,4.7778,4.7778,4.7778,4.7778,4.7778
speed,1353,3.583333333333333,0,0,0,0,0,0,71.6667,71.0486,0,4.7778,4.7778,4.7778,4.7778,4.7778,4.7778,4.7778,4.7778
speed,1354,3.583333333333333,0,0,0,0,0,0,71.6667,71.3468,0,4.7778,4.7778,4.7778,4.7778,4.7778,4.7778,4.7778,4.7778
speed,1355,3.583333333333333,0,0,0,0,0,0,71.6667,72.4512,0,4.7778,4.7778,4.7778,4.7778,4.7778,4.7778,4.7778,4.7778
speed,1356,3.583333333333333,0,0,0,0,0,0,71.6667,71.3088,0,4.7778,4.7778,4.7778,4.7778,4.7778,4.7778,4.7778,4.7778
speed,1357,3.583333333333333,0,0,0,0,0,0,71.6667,71.8534,0,4.7778,4.7778,4.7778,4.7778,4.7778,4.7778,4.7778,4.7778
speed,1358,3.583333333333333,0,0,0,0,0,0,71.6667,72.3773,0,4.7778,4.7778,4.7778,4.7778,4.7778,4.7778,4.7778,4.7778
speed,1359,3.583333333333333,0,0,0,0,0,0,71.6667,72.0309,0,4.7778,4.7778,4.7778,4.7778,4.7778,4.7778,4.7778,4.7778
speed,1360,3.583333333333333,0,0,0,0,0,0,71.6667,72.1106,0,4.7778,4.7778,4.7778,4.7778,4.7778,4.7778,4.7778,4.7778
speed,1361,3.583333333333333,0,0,0,0,0,0,71.6667,71.1425,0,4.7778,4.7778,4.7778,4.7778,4.7778,4.7778,4.7778,4.7778
speed,1362,3.583333333333333,0,0,0,0,0,0,71.6667,72.4104,0,4.7778,4.7778,4.7778,4.7778,4.7778,4.7778,4.7778,4.7778
speed,1363,3.583333333333333,0,0,0,0,0,0,71.6667,71.7107,0,4.7778,4.7778,4.7778,4.7778,4.7778,4.7778,4.7778,4.7778
speed,1364,3.583333333333333,0,0,0,0,0,0,71.6667,71.3801,0,4.7778,4.7778,4.7778,4.7778,4.7778,4.7778,4.7778,4.7778
speed,1365,3.583333333333333,0,0,0,0,0,0,71.6667,71.4614,0,4.7778,4.7778,4.7778,4.7778,4.7778,4.7778,4.7778,4.7778
speed,1366,3.583333333333333,0,0,0,0,0,0,71.6667,71.5161,0,4.7778,4.7778,4.7778,4.7778,4.7778,4.7778,4.7778,4.7778
speed,1367,3.583333333333333,0,0,0,0,0,0,71.6667,72.0711,0,4.7778,4.7778,4.7778,4.7778,4.7778,4.7778,4.7778,4.7778
speed,1368,3.642857142857143,0,0,0,0,0,0,72.8571,72.4366,0,4.8571,4.8571,4.8571,4.8571,4.8571,4.8571,4.8571,4.8571
speed,1369,3.642857142857143,0,0,0,0,0,0,72.8571,72.6964,0,4.8571,4.8571,4.8571,4.8571,4.8571,4.8571,4.8571,4.8571
speed,1370,3.642857142857143,0,0,0,0,0,0,72.8571,73.4001,0,4.8571,4.8571,4.8571,4.8571,4.8571,4.8571,4.8571,4.8571
speed,1371,3.642857142857143,0,0,0,0,0,0,72.8571,72.597,0,4.8571,4.8571,4.8571,4.8571,4.8571,4.8571,4.8571,4.8571
speed,1372,3.642857142857143,0,0,0,0,0,0,72.8571,72.4848,0,4.8571,4.8571,4.8571,4.8571,4.8571,4.8571,4.8571,4.8571
speed,1373,3.642857142857143,0,0,0,0,0,0,72.8571,73.1597,0,4.8571,4.8571,4.8571,4.8571,4.8571,4.8571,4.8571,4.8571
speed,1374,3.642857142857143,0,0,0,0,0,0,72.8571,73.3301,0,4.8571,4.8571,4.8571,4.8571,4.8571,4.8571,4.8571,4.8571
speed,1375,3.642857142857143,0,0,0,0,0,0,72.8571,72.0605,0,4.8571,4.8571,4.8571,4.8571,4.8571,4.8571,4.8571,4.8571
speed,1376,3.642857142857143,0,0,0,0,0,0,72.8571,72.4011,0,4.8571,4.8571,4.8571,4.8571,4.8571,4.8571,4.8571,4.8571
speed,1377,3.642857142857143,0,0,0,0,0,0,72.8571,72.6225,0,4.8571,4.8571,4.8571,4.8571,4.8571,4.8571,4.8571,4.8571
speed,1378,3.642857142857143,0,0,0,0,0,0,72.8571,73.201,0,4.8571,4.8571,4.8571,4.8571,4.8571,4.8571,4.8571,4.8571
speed,1379,3.642857142857143,0,0,0,0,0,0,72.8571,73.3148,0,4.8571,4.8571,4.8571,4.8571,4.8571,4.8571,4.8571,4.8571
speed,1380,3.642857142857143,0,0,0,0,0,0,72.8571,73.1305,0,4.8571,4.8571,4.8571,4.8571,4.8571,4.8571,4.8571,4.8571
speed,1381,3.642857142857143,0,0,0,0,0,0,72.8571,72.8911,0,4.8571,4.8571,4.8571,4.8571,4.8571,4.8571,4.8571,4.8571
speed,1382,3.642857142857143,0,0,0,0,0,0,72.8571,73.3363,0,4.8571,4.8571,4.8571,4.8571,4.8571,4.8571,4.8571,4.8571
speed,1383,3.642857142857143,0,0,0,0,0,0,72.8571,72.4924,0,4.8571,4.8571,4.8571,4.8571,4.8571,4.8571,4.8571,4.8571
speed,1384,3.642857142857143,0,0,0,0,0,0,72.8571,73.3529,0,4.8571,4.8571,4.8571,4.8571,4.8571,4.8571,4.8571,4.8571
speed,1385,3.642857142857143,0,0,0,0,0,0,72.8571,73.1952,0,4.8571,4.8571,4.8571,4.8571,4.8571,4.8571,4.8571,4.8571
speed,1386,3.642857142857143,0,0,0,0,0,0,72.8571,72.3568,0,4.8571,4.8571,4.8571,4.8571,4.8571,4.8571,4.8571,4.8571
speed,1387,3.642857142857143,0,0,0,0,0,0,72.8571,72.8792,0,4.8571,4.8571,4.8571,4.8571,4.8571,4.8571,4.8571,4.8571
speed,1388,3.642857142857143,0,0,0,0,0,0,72.8571,72.4651,0,4.8571,4.8571,4.8571,4.8571,4.8571,4.8571,4.8571,4.8571
speed,1389,3.642857142857143,0,0,0,0,0,0,72.8571,72.9886,0,4.8571,4.8571,4.8571,4.8571,4.8571,4.8571,4.8571,4.8571
speed,1390,3.642857142857143,0,0,0,0,0,0,72.8571,72.9949,0,4.8571,4.8571,4.8571,4.8571,4.8571,4.8571,4.8571,4.8571
speed,1391,3.642857142857143,0,0,0,0,0,0,72.8571,72.8747,0,4.8571,4.8571,4.8571,4.8571,4.8571,4.8571,4.8571,4.8571
speed,1392,3.702380952380952,0,0,0,0,0,0,74.0476,73.4677,0,4.9365,4.9365,4.9365,4.9365,4.9365,4.9365,4.9365,4.9365
speed,1393,3.702380952380952,0,0,0,0,0,0,74.0476,73.697,0,4.9365,4.9365,4.9365,4.9365,4.9365,4.9365,4.9365,4.9365
speed,1394,3.702380952380952,0,0,0,0,0,0,74.0476,74.0114,0,4.9365,4.9365,4.9365,4.9365,4.9365,4.9365,4.9365,4.9365
speed,1395,3.702380952380952,0,0,0,0,0,0,74.0476,73.3056,0,4.9365,4.9365,4.9365,4.9365,4.9365,4.9365,4.9365,4.9365
speed,1396,3.702380952380952,0,0,0,0,0,0,74.0476,73.4482,0,4.9365,4.9365,4.9365,4.9365,4.9365,4.9365,4.9365,4.9365
speed,1397,3.702380952380952,0,0,0,0,0,0,74.0476,74.4475,0,4.9365,4.9365,4.9365,4.9365,4.9365,4.9365,4.9365,4.9365
speed,1398,3.702380952380952,0,0,0,0,0,0,74.0476,74.53,0,4.9365,4.9365,4.9365,4.9365,4.9365,4.9365,4.9365,4.9365
speed,1399,3.702380952380952,0,0,0,0,0,0,74.0476,74.72,0,4.9365,4.9365,4.9365,4.9365,4.9365,4.9365,4.9365,4.9365
speed,1400,3.702380952380952,0,0,0,0,0,0,74.0476,73.3319,0,4.9365,4.9365,4.9365,4.9365,4.9365,4.9365,4.9365,4.9365
speed,1401,3.702380952380952,0,0,0,0,0,0,74.0476,74.2299,0,4.9365,4.9365,4.9365,4.9365,4.9365,4.9365,4.9365,4.9365
speed,1402,3.702380952380952,0,0,0,0,0,0,74.0476,74.1376,0,4.9365,4.9365,4.9365,4.9365,4.9365,4.9365,4.9365,4.9365
speed,1403,3.702380952380952,0,0,0,0,0,0,74.0476,74.0891,0,4.9365,4.9365,4.9365,4.9365,4.9365,4.9365,4.9365,4.9365
speed,1404,3.702380952380952,0,0,0,0,0,0,74.0476,74.2595,0,4.9365,4.9365,4.9365,4.9365,4.9365,4.9365,4.9365,4.9365
speed,1405,3.702380952380952,0,0,0,0,0,0,74.0476,73.8582,0,4.9365,4.9365,4.9365,4.9365,4.9365,4.9365,4.9365,4.9365
speed,1406,3.702380952380952,0,0,0,0,0,0,74.0476,73.5323,0,4.9365,4.9365,4.9365,4.9365,4.9365,4.9365,4.9365,4.9365
speed,1407,3.702380952380952,0,0,0,0,0,0,74.0476,74.2841,0,4.9365,4.9365,4.9365,4.9365,4.9365,4.9365,4.9365,4.9365
speed,1408,3.702380952380952,0,0,0,0,0,0,74.0476,73.4679,0,4.9365,4.9365,4.9365,4.9365,4.9365,4.9365,4.9365,4.9365
speed,1409,3.702380952380952,0,0,0,0,0,0,74.0476,74.7906,0,4.9365,4.9365,4.9365,4.9365,4.9365,4.9365,4.9365,4.9365
speed,1410,3.702380952380952,0,0,0,0,0,0,74.0476,74.0339,0,4.9365,4.9365,4.9365,4.9365,4.9365,4.9365,4.9365,4.9365
speed,1411,3.702380952380952,0,0,0,0,0,0,74.0476,74.6547,0,4.9365,4.9365,4.9365,4.9365,4.9365,4.9365,4.9365,4.9365
speed,1412,3.702380952380952,0,0,0,0,0,0,74.0476,74.9067,0,4.9365,4.9365,4.9365,4.9365,4.9365,4.9365,4.9365,4.9365
speed,1413,3.702380952380952,0,0,0,0,0,0,74.0476,74.3224,0,4.9365,4.9365,4.9365,4.9365,4.9365,4.9365,4.9365,4.9365
speed,1414,3.702380952380952,0,0,0,0,0,0,74.0476,74.8419,0,4.9365,4.9365,4.9365,4.9365,4.9365,4.9365,4.9365,4.9365
speed,1415,3.702380952380952,0,0,0,0,0,0,74.0476,74.5746,0,4.9365,4.9365,4.9365,4.9365,4.9365,4.9365,4.9365,4.9365
speed,1416,3.761904761904762,0,0,0,0,0,0,75.2381,75.5581,0,5.0159,5.0159,5.0159,5.0159,5.0159,5.0159,5.0159,5.0159
speed,1417,3.761904761904762,0,0,0,0,0,0,75.2381,75.7268,0,5.0159,5.0159,5.0159,5.0159,5.0159,5.0159,5.0159,5.0159
speed,1418,3.761904761904762,0,0,0,0,0,0,75.2381,75.2457,0,5.0159,5.0159,5.0159,5.0159,5.0159,5.0159,5.0159,5.0159
speed,1419,3.761904761904762,0,0,0,0,0,0,75.2381,75.8,0,5.0159,5.0159,5.0159,5.0159,5.0159,5.0159,5.0159,5.0159
speed,1420,3.761904761904762,0,0,0,0,0,0,75.2381,75.4204,0,5.0159,5.0159,5.0159,5.0159,5.0159,5.0159,5.0159,5.0159
speed,1421,3.761904761904762,0,0,0,0,0,0,75.2381,75.5043,0,5.0159,5.0159,5.0159,5.0159,5.0159,5.0159,5.0159,5.0159
speed,1422,3.761904761904762,0,0,0,0,0,0,75.2381,75.2774,0,5.0159,5.0159,5.0159,5.0159,5.0159,5.0159,5.0159,5.0159
speed,1423,3.761904761904762,0,0,0,0,0,0,75.2381,74.8868,0,5.0159,5.0159,5.0159,5.0159,5.0159,5.0159,5.0159,5.0159
speed,1424,3.761904761904762,0,0,0,0,0,0,75.2381,75.2861,0,5.0159,5.0159,5.0159,5.0159,5.0159,5.0159,5.0159,5.0159
speed,1425,3.761904761904762,0,0,0,0,0,0,75.2381,75.299,0,5.0159,5.0159,5.0159,5.0159,5.0159,5.0159,5.0159,5.0159
speed,1426,3.761904761904762,0,0,0,0,0,0,75.2381,74.6338,0,5.0159,5.0159,5.0159,5.0159,5.0159,5.0159,5.0159,5.0159
speed,1427,3.761904761904762,0,0,0,0,0,0,75.2381,75.7686,0,5.0159,5.0159,5.0159,5.0159,5.0159,5.0159,5.0159,5.0159
speed,1428,3.761904761904762,0,0,0,0,0,0,75.2381,75.3786,0,5.0159,5.0159,5.0159,5.0159,5.0159,5.0159,5.0159,5.0159
speed,1429,3.761904761904762,0,0,0,0,0,0,75.2381,75.7656,0,5.0159,5.0159,5.0159,5.0159,5.0159,5.0159,5.0159,5.0159
speed,1430,3.761904761904762,0,0,0,0,0,0,75.2381,75.1937,0,5.0159,5.0159,5.0159,5.0159,5.0159,5.0159,5.0159,5.0159
speed,1431,3.761904761904762,0,0,0,0,0,0,75.2381,74.9317,0,5.0159,5.0159,5.0159,5.0159,5.0159,5.0159,5.0159,5.0159
speed,1432,3.761904761904762,0,0,0,0,0,0,75.2381,74.6718,0,5.0159,5.0159,5.0159,5.0159,5.0159,5.0159,5.0159,5.0159
speed,1433,3.761904761904762,0,0,0,0,0,0,75.2381,74.8981,0,5.0159,5.0159,5.0159,5.0159,5.0159,5.0159,5.0159,5.0159
speed,1434,3.761904761904762,0,0,0,0,0,0,75.2381,75.3942,0,5.0159,5.0159,5.0159,5.0159,5.0159,5.0159,5.0159,5.0159
speed,1435,3.761904761904762,0,0,0,0,0,0,75.2381,74.588,0,5.0159,5.0159,5.0159,5.0159,5.0159,5.0159,5.0159,5.0159
speed,1436,3.761904761904762,0,0,0,0,0,0,75.2381,75.2861,0,5.0159,5.0159,5.0159,5.0159,5.0159,5.0159,5.0159,5.0159
speed,1437,3.761904761904762,0,0,0,0,0,0,75.2381,75.5206,0,5.0159,5.0159,5.0159,5.0159,5.0159,5.0159,5.0159,5.0159
speed,1438,3.761904761904762,0,0,0,0,0,0,75.2381,75.0465,0,5.0159,5.0159,5.0159,5.0159,5.0159,5.0159,5.0159,5.0159
speed,1439,3.761904761904762,0,0,0,0,0,0,75.2381,75.0261,0,5.0159,5.0159,5.0159,5.0159,5.0159,5.0159,5.0159,5.0159
speed,1440,3.821428571428571,0,0,0,0,0,0,76.4286,76.9813,0,5.0952,5.0952,5.0952,5.0952,5.0952,5.0952,5.0952,5.0952
speed,1441,3.821428571428571,0,0,0,0,0,0,76.4286,76.7821,0,5.0952,5.0952,5.0952,5.0952,5.0952,5.0952,5.0952,5.0952
speed,1442,3.821428571428571,0,0,0,0,0,0,76.4286,76.5166,0,5.0952,5.0952,5.0952,5.0952,5.0952,5.0952,5.0952,5.0952
speed,1443,3.821428571428571,0,0,0,0,0,0,76.4286,76.1656,0,5.0952,5.0952,5.0952,5.0952,5.0952,5.0952,5.0952,5.0952
speed,1444,3.821428571428571,0,0,0,0,0,0,76.4286,76.41,0,5.0952,5.0952,5.0952,5.0952,5.0952,5.0952,5.0952,5.0952
speed,1445,3.821428571428571,0,0,0,0,0,0,76.4286,76.3194,0,5.0952,5.0952,5.0952,5.0952,5.0952,5.0952,5.0952,5.0952
speed,1446,3.821428571428571,0,0,0,0,0,0,76.4286,76.5171,0,5.0952,5.0952,5.0952,5.0952,5.0952,5.0952,5.0952,5.0952
speed,1447,3.821428571428571,0,0,0,0,0,0,76.4286,76.6813,0,5.0952,5.0952,5.0952,5.0952,5.0952,5.0952,5.0952,5.0952
speed,1448,3.821428571428571,0,0,0,0,0,0,76.4286,75.7693,0,5.0952,5.0952,5.0952,5.0952,5.0952,5.0952,5.0952,5.0952
speed,1449,3.821428571428571,0,0,0,0,0,0,76.4286,76.36,0,5.0952,5.0952,5.0952,5.0952,5.0952,5.0952,5.0952,5.0952
speed,1450,3.821428571428571,0,0,0,0,0,0,76.4286,76.5419,0,5.0952,5.0952,5.0952,5.0952,5.0952,5.0952,5.0952,5.0952
speed,1451,3.821428571428571,0,0,0,0,0,0,76.4286,76.0065,0,5.0952,5.0952,5.0952,5.0952,5.0952,5.0952,5.0952,5.0952
speed,1452,3.821428571428571,0,0,0,0,0,0,76.4286,77.08,0,5.0952,5.0952,5.0952,5.0952,5.0952,5.0952,5.0952,5.0952
speed,1453,3.821428571428571,0,0,0,0,0,0,76.4286,76.8966,0,5.0952,5.0952,5.0952,5.0952,5.0952,5.0952,5.0952,5.0952
speed,1454,3.821428571428571,0,0,0,0,0,0,76.4286,77.0616,0,5.0952,5.0952,5.0952,5.0952,5.0952,5.0952,5.0952,5.0952
speed,1455,3.821428571428571,0,0,0,0,0,0,76.4286,76.3928,0,5.0952,5.0952,5.0952,5.0952,5.0952,5.0952,5.0952,5.0952
speed,1456,3.821428571428571,0,0,0,0,0,0,76.4286,75.6896,0,5.0952,5.0952,5.0952,5.0952,5.0952,5.0952,5.0952,5.0952
speed,1457,3.821428571428571,0,0,0,0,0,0,76.4286,76.6984,0,5.0952,5.0952,5.0952,5.0952,5.0952,5.0952,5.0952,5.0952
speed,1458,3.821428571428571,0,0,0,0,0,0,76.4286,76.5139,0,5.0952,5.0952,5.0952,5.0952,5.0952,5.0952,5.0952,5.0952
speed,1459,3.821428571428571,0,0,0,0,0,0,76.4286,76.2114,0,5.0952,5.0952,5.0952,5.0952,5.0952,5.0952,5.0952,5.0952
speed,1460,3.821428571428571,0,0,0,0,0,0,76.4286,76.3675,0,5.0952,5.0952,5.0952,5.0952,5.0952,5.0952,5.0952,5.0952
speed,1461,3.821428571428571,0,0,0,0,0,0,76.4286,76.1906,0,5.0952,5.0952,5.0952,5.0952,5.0952,5.0952,5.0952,5.0952
speed,1462,3.821428571428571,0,0,0,0,0,0,76.4286,75.2972,0,5.0952,5.0952,5.0952,5.0952,5.0952,5.0952,5.0952,5.0952
speed,1463,3.821428571428571,0,0,0,0,0,0,76.4286,76.7322,0,5.0952,5.0952,5.0952,5.0952,5.0952,5.0952,5.0952,5.0952
speed,1464,3.880952380952381,0,0,0,0,0,0,77.619,77.2026,0,5.1746,5.1746,5.1746,5.1746,5.1746,5.1746,5.1746,5.1746
speed,1465,3.880952380952381,0,0,0,0,0,0,77.619,77.6401,0,5.1746,5.1746,5.1746,5.1746,5.1746,5.1746,5.1746,5.1746
speed,1466,3.880952380952381,0,0,0,0,0,0,77.619,77.4402,0,5.1746,5.1746,5.1746,5.1746,5.1746,5.1746,5.1746,5.1746
speed,1467,3.880952380952381,0,0,0,0,0,0,77.619,77.4788,0,5.1746,5.1746,5.1746,5.1746,5.1746,5.1746,5.1746,5.1746
speed,1468,3.880952380952381,0,0,0,0,0,0,77.619,77.3943,0,5.1746,5.1746,5.1746,5.1746,5.1746,5.1746,5.1746,5.1746
speed,1469,3.880952380952381,0,0,0,0,0,0,77.619,76.9516,0,5.1746,5.1746,5.1746,5.1746,5.1746,5.1746,5.1746,5.1746
speed,1470,3.880952380952381,0,0,0,0,0,0,77.619,77.4787,0,5.1746,5.1746,5.1746,5.1746,5.1746,5.1746,5.1746,5.1746
speed,1471,3.880952380952381,0,0,0,0,0,0,77.619,77.889,0,5.1746,5.1746,5.1746,5.1746,5.1746,5.1746,5.1746,5.1746
speed,1472,3.880952380952381,0,0,0,0,0,0,77.619,78.252,0,5.1746,5.1746,5.1746,5.1746,5.1746,5.1746,5.1746,5.1746
speed,1473,3.880952380952381,0,0,0,0,0,0,77.619,76.923,0,5.1746,5.1746,5.1746,5.1746,5.1746,5.1746,5.1746,5.1746
speed,1474,3.880952380952381,0,0,0,0,0,0,77.619,78.3931,0,5.1746,5.1746,5.1746,5.1746,5.1746,5.1746,5.1746,5.1746
speed,1475,3.880952380952381,0,0,0,0,0,0,77.619,78.0657,0,5.1746,5.1746,5.1746,5.1746,5.1746,5.1746,5.1746,5.1746
speed,1476,3.880952380952381,0,0,0,0,0,0,77.619,77.2979,0,5.1746,5.1746,5.1746,5.1746,5.1746,5.1746,5.1746,5.1746
speed,1477,3.880952380952381,0,0,0,0,0,0,77.619,77.1505,0,5.1746,5.1746,5.1746,5.1746,5.1746,5.1746,5.1746,5.1746
speed,1478,3.880952380952381,0,0,0,0,0,0,77.619,77.3988,0,5.1746,5.1746,5.1746,5.1746,5.1746,5.1746,5.1746,5.1746
speed,1479,3.880952380952381,0,0,0,0,0,0,77.619,77.4761,0,5.1746,5.1746,5.1746,5.1746,5.1746,5.1746,5.1746,5.1746
speed,1480,3.880952380952381,0,0,0,0,0,0,77.619,77.5539,0,5.1746,5.1746,5.1746,5.1746,5.1746,5.1746,5.1746,5.1746
speed,1481,3.880952380952381,0,0,0,0,0,0,77.619,77.6968,0,5.1746,5.1746,5.1746,5.1746,5.1746,5.1746,5.1746,5.1746
speed,1482,3.880952380952381,0,0,0,0,0,0,77.619,77.2011,0,5.1746,5.1746,5.1746,5.1746,5.1746,5.1746,5.1746,5.1746
speed,1483,3.880952380952381,0,0,0,0,0,0,77.619,78.4942,0,5.1746,5.1746,5.1746,5.1746,5.1746,5.1746,5.1746,5.1746
speed,1484,3.880952380952381,0,0,0,0,0,0,77.619,77.4011,0,5.1746,5.1746,5.1746,5.1746,5.1746,5.1746,5.1746,5.1746
speed,1485,3.880952380952381,0,0,0,0,0,0,77.619,77.688,0,5.1746,5.1746,5.1746,5.1746,5.1746,5.1746,5.1746,5.1746
speed,1486,3.880952380952381,0,0,0,0,0,0,77.619,78.4175,0,5.1746,5.1746,5.1746,5.1746,5.1746,5.1746,5.1746,5.1746
speed,1487,3.880952380952381,0,0,0,0,0,0,77.619,77.1129,0,5.1746,5.1746,5.1746,5.1746,5.1746,5.1746,5.1746,5.1746
speed,1488,3.9404761904761902,0,0,0,0,0,0,78.8095,78.5374,0,5.254,5.254,5.254,5.254,5.254,5.254,5.254,5.254
speed,1489,3.9404761904761902,0,0,0,0,0,0,78.8095,78.8835,0,5.254,5.254,5.254,5.254,5.254,5.254,5.254,5.254
speed,1490,3.9404761904761902,0,0,0,0,0,0,78.8095,78.028,0,5.254,5.254,5.254,5.254,5.254,5.254,5.254,5.254
speed,1491,3.9404761904761902,0,0,0,0,0,0,78.8095,78.4033,0,5.254,5.254,5.254,5.254,5.254,5.254,5.254,5.254
speed,1492,3.9404761904761902,0,0,0,0,0,0,78.8095,78.0294,0,5.254,5.254,5.254,5.254,5.254,5.254,5.254,5.254
speed,1493,3.9404761904761902,0,0,0,0,0,0,78.8095,78.7322,0,5.254,5.254,5.254,5.254,5.254,5.254,5.254,5.254
speed,1494,3.9404761904761902,0,0,0,0,0,0,78.8095,79.0798,0,5.254,5.254,5.254,5.254,5.254,5.254,5.254,5.254
speed,1495,3.9404761904761902,0,0,0,0,0,0,78.8095,79.2624,0,5.254,5.254,5.254,5.254,5.254,5.254,5.254,5.254
speed,1496,3.9404761904761902,0,0,0,0,0,0,78.8095,78.703,0,5.254,5.254,5.254,5.254,5.254,5.254,5.254,5.254
speed,1497,3.9404761904761902,0,0,0,0,0,0,78.8095,79.3513,0,5.254,5.254,5.254,5.254,5.254,5.254,5.254,5.254
speed,1498,3.9404761904761902,0,0,0,0,0,0,78.8095,78.8903,0,5.254,5.254,5.254,5.254,5.254,5.254,5.254,5.254
speed,1499,3.9404761904761902,0,0,0,0,0,0,78.8095,78.9451,0,5.254,5.254,5.254,5.254,5.254,5.254,5.254,5.254
speed,1500,3.9404761904761902,0,0,0,0,0,0,78.8095,78.5667,0,5.254,5.254,5.254,5.254,5.254,5.254,5.254,5.254
speed,1501,3.9404761904761902,0,0,0,0,0,0,78.8095,78.5157,0,5.254,5.254,5.254,5.254,5.254,5.254,5.254,5.254
speed,1502,3.9404761904761902,0,0,0,0,0,0,78.8095,79.216,0,5.254,5.254,5.254,5.254,5.254,5.254,5.254,5.254
speed,1503,3.9404761904761902,0,0,0,0,0,0,78.8095,78.5275,0,5.254,5.254,5.254,5.254,5.254,5.254,5.254,5.254
speed,1504,3.9404761904761902,0,0,0,0,0,0,78.8095,78.4039,0,5.254,5.254,5.254,5.254,5.254,5.254,5.254,5.254
speed,1505,3.9404761904761902,0,0,0,0,0,0,78.8095,78.7626,0,5.254,5.254,5.254,5.254,5.254,5.254,5.254,5.254
speed,1506,3.9404761904761902,0,0,0,0,0,0,78.8095,77.9702,0,5.254,5.254,5.254,5.254,5.254,5.254,5.254,5.254
speed,1507,3.9404761904761902,0,0,0,0,0,0,78.8095,78.4289,0,5.254,5.254,5.254,5.254,5.254,5.254,5.254,5.254
speed,1508,3.9404761904761902,0,0,0,0,0,0,78.8095,79.2922,0,5.254,5.254,5.254,5.254,5.254,5.254,5.254,5.254
speed,1509,3.9404761904761902,0,0,0,0,0,0,78.8095,79.1386,0,5.254,5.254,5.254,5.254,5.254,5.254,5.254,5.254
speed,1510,3.9404761904761902,0,0,0,0,0,0,78.8095,79.02,0,5.254,5.254,5.254,5.254,5.254,5.254,5.254,5.254
speed,1511,3.9404761904761902,0,0,0,0,0,0,78.8095,79.191,0,5.254,5.254,5.254,5.254,5.254,5.254,5.254,5.254
speed,1512,4.0,0,0,0,0,0,0,80.0,80.4131,0,5.3333,5.3333,5.3333,5.3333,5.3333,5.3333,5.3333,5.3333
speed,1513,4.0,0,0,0,0,0,0,80.0,79.3713,0,5.3333,5.3333,5.3333,5.3333,5.3333,5.3333,5.3333,5.3333
speed,1514,4.0,0,0,0,0,0,0,80.0,79.5579,0,5.3333,5.3333,5.3333,5.3333,5.3333,5.3333,5.3333,5.3333
speed,1515,4.0,0,0,0,0,0,0,80.0,80.0287,0,5.3333,5.3333,5.3333,5.3333,5.3333,5.3333,5.3333,5.3333
speed,1516,4.0,0,0,0,0,0,0,80.0,79.6788,0,5.3333,5.3333,5.3333,5.3333,5.3333,5.3333,5.3333,5.3333
speed,1517,4.0,0,0,0,0,0,0,80.0,79.2999,0,5.3333,5.3333,5.3333,5.3333,5.3333,5.3333,5.3333,5.3333
speed,1518,4.0,0,0,0,0,0,0,80.0,79.4834,0,5.3333,5.3333,5.3333,5.3333,5.3333,5.3333,5.3333,5.3333
speed,1519,4.0,0,0,0,0,0,0,80.0,80.2605,0,5.3333,5.3333,5.3333,5.3333,5.3333,5.3333,5.3333,5.3333
speed,1520,4.0,0,0,0,0,0,0,80.0,79.4931,0,5.3333,5.3333,5.3333,5.3333,5.3333,5.3333,5.3333,5.3333
speed,1521,4.0,0,0,0,0,0,0,80.0,80.3648,0,5.3333,5.3333,5.3333,5.3333,5.3333,5.3333,5.3333,5.3333
speed,1522,4.0,0,0,0,0,0,0,80.0,79.4146,0,5.3333,5.3333,5.3333,5.3333,5.3333,5.3333,5.3333,5.3333
speed,1523,4.0,0,0,0,0,0,0,80.0,79.9206,0,5.3333,5.3333,5.3333,5.3333,5.3333,5.3333,5.3333,5.3333
speed,1524,4.0,0,0,0,0,0,0,80.0,80.3056,0,5.3333,5.3333,5.3333,5.3333,5.3333,5.3333,5.3333,5.3333
speed,1525,4.0,0,0,0,0,0,0,80.0,79.5723,0,5.3333,5.3333,5.3333,5.3333,5.3333,5.3333,5.3333,5.3333
speed,1526,4.0,0,0,0,0,0,0,80.0,80.3369,0,5.3333,5.3333,5.3333,5.3333,5.3333,5.3333,5.3333,5.3333
speed,1527,4.0,0,0,0,0,0,0,80.0,80.2183,0,5.3333,5.3333,5.3333,5.3333,5.3333,5.3333,5.3333,5.3333
speed,1528,4.0,0,0,0,0,0,0,80.0,80.3419,0,5.3333,5.3333,5.3333,5.3333,5.3333,5.3333,5.3333,5.3333
speed,1529,4.0,0,0,0,0,0,0,80.0,79.9007,0,5.3333,5.3333,5.3333,5.3333,5.3333,5.3333,5.3333,5.3333
speed,1530,4.0,0,0,0,0,0,0,80.0,80.1759,0,5.3333,5.3333,5.3333,5.3333,5.3333,5.3333,5.3333,5.3333
speed,1531,4.0,0,0,0,0,0,0,80.0,80.0287,0,5.3333,5.3333,5.3333,5.3333,5.3333,5.3333,5.3333,5.3333
speed,1532,4.0,0,0,0,0,0,0,80.0,79.6231,0,5.3333,5.3333,5.3333,5.3333,5.3333,5.3333,5.3333,5.3333
speed,1533,4.0,0,0,0,0,0,0,80.0,80.645,0,5.3333,5.3333,5.3333,5.3333,5.3333,5.3333,5.3333,5.3333
speed,1534,4.0,0,0,0,0,0,0,80.0,80.3626,0,5.3333,5.3333,5.3333,5.3333,5.3333,5.3333,5.3333,5.3333
speed,1535,4.0,0,0,0,0,0,0,80.0,79.8769,0,5.3333,5.3333,5.3333,5.3333,5.3333,5.3333,5.3333,5.3333
acceleration,0,0.25,0,0,1,1,0,0,1.5625,0.8629,11,0.0069,0.0347,0.0625,0.0903,0.1181,0.1458,0.1736,0.2014
acceleration,1,0.25,0,0,1,1,0,0,1.5625,2.0057,3,0.0069,0.0347,0.0625,0.0903,0.1181,0.1458,0.1736,0.2014
acceleration,2,0.25,0,0,1,1,0,0,1.5625,1.5133,11,0.0069,0.0347,0.0625,0.0903,0.1181,0.1458,0.1736,0.2014
acceleration,3,0.25,0,0,1,1,0,0,1.5625,0.8914,10,0.0069,0.0347,0.0625,0.0903,0.1181,0.1458,0.1736,0.2014
acceleration,4,0.25,0,0,1,0,0,0,1.5625,2.2495,2,0.0069,0.0347,0.0625,0.0903,0.1181,0.1458,0.1736,0.2014
acceleration,5,0.25,0,0,1,1,0,0,1.5625,1.3914,6,0.0069,0.0347,0.0625,0.0903,0.1181,0.1458,0.1736,0.2014
acceleration,6,0.25,0,0,1,1,0,0,1.5625,2.2288,4,0.0069,0.0347,0.0625,0.0903,0.1181,0.1458,0.1736,0.2014
acceleration,7,0.25,0,0,1,1,0,0,1.5625,1.3938,7,0.0069,0.0347,0.0625,0.0903,0.1181,0.1458,0.1736,0.2014
acceleration,8,0.25,0,0,1,0,0,0,1.5625,2.1546,1,0.0069,0.0347,0.0625,0.0903,0.1181,0.1458,0.1736,0.2014
acceleration,9,0.25,0,0,1,1,0,0,1.5625,1.0458,11,0.0069,0.0347,0.0625,0.0903,0.1181,0.1458,0.1736,0.2014
acceleration,10,0.25,0,0,1,1,0,0,1.5625,1.0519,10,0.0069,0.0347,0.0625,0.0903,0.1181,0.1458,0.1736,0.2014
acceleration,11,0.25,0,0,1,1,0,0,1.5625,1.3216,6,0.0069,0.0347,0.0625,0.0903,0.1181,0.1458,0.1736,0.2014
acceleration,12,0.25,0,0,1,1,0,0,1.5625,2.2729,5,0.0069,0.0347,0.0625,0.0903,0.1181,0.1458,0.1736,0.2014
acceleration,13,0.25,0,0,1,1,0,0,1.5625,1.9804,4,0.0069,0.0347,0.0625,0.0903,0.1181,0.1458,0.1736,0.2014
acceleration,14,0.25,0,0,1,1,0,0,1.5625,1.3794,11,0.0069,0.0347,0.0625,0.0903,0.1181,0.1458,0.1736,0.2014
acceleration,15,0.25,0,0,1,1,0,0,1.5625,1.5287,8,0.0069,0.0347,0.0625,0.0903,0.1181,0.1458,0.1736,0.2014
acceleration,16,0.25,0,0,1,1,0,0,1.5625,2.0087,6,0.0069,0.0347,0.0625,0.0903,0.1181,0.1458,0.1736,0.2014
acceleration,17,0.25,0,0,1,1,0,0,1.5625,2.2273,3,0.0069,0.0347,0.0625,0.0903,0.1181,0.1458,0.1736,0.2014
acceleration,18,0.25,0,0,1,1,0,0,1.5625,2.2087,5,0.0069,0.0347,0.0625,0.0903,0.1181,0.1458,0.1736,0.2014
acceleration,19,0.25,0,0,1,1,0,0,1.5625,2.0,5,0.0069,0.0347,0.0625,0.0903,0.1181,0.1458,0.1736,0.2014
acceleration,20,0.25,0,0,1,1,0,0,1.5625,2.0287,4,0.0069,0.0347,0.0625,0.0903,0.1181,0.1458,0.1736,0.2014
acceleration,21,0.25,0,0,1,1,0,0,1.5625,1.3381,8,0.0069,0.0347,0.0625,0.0903,0.1181,0.1458,0.1736,0.2014
acceleration,22,0.25,0,0,1,1,0,0,1.5625,2.2063,6,0.0069,0.0347,0.0625,0.0903,0.1181,0.1458,0.1736,0.2014
acceleration,23,0.25,0,0,1,0,0,0,1.5625,2.2142,1,0.0069,0.0347,0.0625,0.0903,0.1181,0.1458,0.1736,0.2014
acceleration,24,0.40476190476190477,0,0,1,1,0,0,2.5298,2.949,6,0.0112,0.0562,0.1012,0.1462,0.1911,0.2361,0.2811,0.3261
acceleration,25,0.40476190476190477,0,0,1,1,0,0,2.5298,3.1064,4,0.0112,0.0562,0.1012,0.1462,0.1911,0.2361,0.2811,0.3261
acceleration,26,0.40476190476190477,0,0,1,1,0,0,2.5298,1.3436,10,0.0112,0.0562,0.1012,0.1462,0.1911,0.2361,0.2811,0.3261
acceleration,27,0.40476190476190477,0,0,1,1,0,0,2.5298,3.0772,4,0.0112,0.0562,0.1012,0.1462,0.1911,0.2361,0.2811,0.3261
acceleration,28,0.40476190476190477,0,0,1,1,0,0,2.5298,2.0345,6,0.0112,0.0562,0.1012,0.1462,0.1911,0.2361,0.2811,0.3261
acceleration,29,0.40476190476190477,0,0,1,0,0,0,2.5298,2.786,0,0.0112,0.0562,0.1012,0.1462,0.1911,0.2361,0.2811,0.3261
acceleration,30,0.40476190476190477,0,0,1,0,0,0,2.5298,3.2236,2,0.0112,0.0562,0.1012,0.1462,0.1911,0.2361,0.2811,0.3261
acceleration,31,0.40476190476190477,0,0,1,1,0,0,2.5298,2.0227,6,0.0112,0.0562,0.1012,0.1462,0.1911,0.2361,0.2811,0.3261
acceleration,32,0.40476190476190477,0,0,1,1,0,0,2.5298,2.252,4,0.0112,0.0562,0.1012,0.1462,0.1911,0.2361,0.2811,0.3261
acceleration,33,0.40476190476190477,0,0,1,1,0,0,2.5298,3.1577,5,0.0112,0.0562,0.1012,0.1462,0.1911,0.2361,0.2811,0.3261
acceleration,34,0.40476190476190477,0,0,1,0,0,0,2.5298,3.0541,2,0.0112,0.0562,0.1012,0.1462,0.1911,0.2361,0.2811,0.3261
acceleration,35,0.40476190476190477,0,0,1,1,0,0,2.5298,2.2768,9,0.0112,0.0562,0.1012,0.1462,0.1911,0.2361,0.2811,0.3261
acceleration,36,0.40476190476190477,0,0,1,1,0,0,2.5298,2.2735,6,0.0112,0.0562,0.1012,0.1462,0.1911,0.2361,0.2811,0.3261
acceleration,37,0.40476190476190477,0,0,1,1,0,0,2.5298,2.9487,5,0.0112,0.0562,0.1012,0.1462,0.1911,0.2361,0.2811,0.3261
acceleration,38,0.40476190476190477,0,0,1,1,0,0,2.5298,2.8407,3,0.0112,0.0562,0.1012,0.1462,0.1911,0.2361,0.2811,0.3261
acceleration,39,0.40476190476190477,0,0,1,1,0,0,2.5298,2.7821,3,0.0112,0.0562,0.1012,0.1462,0.1911,0.2361,0.2811,0.3261
acceleration,40,0.40476190476190477,0,0,1,1,0,0,2.5298,2.9257,3,0.0112,0.0562,0.1012,0.1462,0.1911,0.2361,0.2811,0.3261
acceleration,41,0.40476190476190477,0,0,1,1,0,0,2.5298,3.2357,4,0.0112,0.0562,0.1012,0.1462,0.1911,0.2361,0.2811,0.3261
acceleration,42,0.40476190476190477,0,0,1,1,0,0,2.5298,2.182,4,0.0112,0.0562,0.1012,0.1462,0.1911,0.2361,0.2811,0.3261
acceleration,43,0.40476190476190477,0,0,1,1,0,0,2.5298,3.0516,6,0.0112,0.0562,0.1012,0.1462,0.1911,0.2361,0.2811,0.3261
acceleration,44,0.40476190476190477,0,0,1,1,0,0,2.5298,3.1633,5,0.0112,0.0562,0.1012,0.1462,0.1911,0.2361,0.2811,0.3261
acceleration,45,0.40476190476190477,0,0,1,1,0,0,2.5298,2.7862,8,0.0112,0.0562,0.1012,0.1462,0.1911,0.2361,0.2811,0.3261
acceleration,46,0.40476190476190477,0,0,1,1,0,0,2.5298,3.1944,3,0.0112,0.0562,0.1012,0.1462,0.1911,0.2361,0.2811,0.3261
acceleration,47,0.40476190476190477,0,0,1,1,0,0,2.5298,2.9341,6,0.0112,0.0562,0.1012,0.1462,0.1911,0.2361,0.2811,0.3261
acceleration,48,0.5595238095238095,0,0,1,1,0,0,3.497,3.0782,5,0.0155,0.0777,0.1399,0.2021,0.2642,0.3264,0.3886,0.4507
acceleration,49,0.5595238095238095,0,0,1,1,0,0,3.497,3.0618,5,0.0155,0.0777,0.1399,0.2021,0.2642,0.3264,0.3886,0.4507
acceleration,50,0.5595238095238095,0,0,1,1,0,0,3.497,4.2615,4,0.0155,0.0777,0.1399,0.2021,0.2642,0.3264,0.3886,0.4507
acceleration,51,0.5595238095238095,0,0,1,0,0,0,3.497,4.1122,1,0.0155,0.0777,0.1399,0.2021,0.2642,0.3264,0.3886,0.4507
acceleration,52,0.5595238095238095,0,0,1,1,0,0,3.497,4.1734,4,0.0155,0.0777,0.1399,0.2021,0.2642,0.3264,0.3886,0.4507
acceleration,53,0.5595238095238095,0,0,1,1,0,0,3.497,3.5337,6,0.0155,0.0777,0.1399,0.2021,0.2642,0.3264,0.3886,0.4507
acceleration,54,0.5595238095238095,0,0,1,1,0,0,3.497,3.6998,3,0.0155,0.0777,0.1399,0.2021,0.2642,0.3264,0.3886,0.4507
acceleration,55,0.5595238095238095,0,0,1,1,0,0,3.497,2.9317,5,0.0155,0.0777,0.1399,0.2021,0.2642,0.3264,0.3886,0.4507
acceleration,56,0.5595238095238095,0,0,1,1,0,0,3.497,3.6609,5,0.0155,0.0777,0.1399,0.2021,0.2642,0.3264,0.3886,0.4507
acceleration,57,0.5595238095238095,0,0,1,1,0,0,3.497,3.2442,7,0.0155,0.0777,0.1399,0.2021,0.2642,0.3264,0.3886,0.4507
acceleration,58,0.5595238095238095,0,0,1,1,0,0,3.497,2.9329,6,0.0155,0.0777,0.1399,0.2021,0.2642,0.3264,0.3886,0.4507
acceleration,59,0.5595238095238095,0,0,1,1,0,0,3.497,3.7009,5,0.0155,0.0777,0.1399,0.2021,0.2642,0.3264,0.3886,0.4507
acceleration,60,0.5595238095238095,0,0,1,1,0,0,3.497,3.5566,8,0.0155,0.0777,0.1399,0.2021,0.2642,0.3264,0.3886,0.4507
acceleration,61,0.5595238095238095,0,0,1,1,0,0,3.497,3.0087,7,0.0155,0.0777,0.1399,0.2021,0.2642,0.3264,0.3886,0.4507
acceleration,62,0.5595238095238095,0,0,1,0,0,0,3.497,4.1466,2,0.0155,0.0777,0.1399,0.2021,0.2642,0.3264,0.3886,0.4507
acceleration,63,0.5595238095238095,0,0,1,1,0,0,3.497,2.8284,7,0.0155,0.0777,0.1399,0.2021,0.2642,0.3264,0.3886,0.4507
acceleration,64,0.5595238095238095,0,0,1,1,0,0,3.497,2.92,5,0.0155,0.0777,0.1399,0.2021,0.2642,0.3264,0.3886,0.4507
acceleration,65,0.5595238095238095,0,0,1,1,0,0,3.497,3.0431,7,0.0155,0.0777,0.1399,0.2021,0.2642,0.3264,0.3886,0.4507
acceleration,66,0.5595238095238095,0,0,1,1,0,0,3.497,3.6708,4,0.0155,0.0777,0.1399,0.2021,0.2642,0.3264,0.3886,0.4507
acceleration,67,0.5595238095238095,0,0,1,0,0,0,3.497,4.1306,1,0.0155,0.0777,0.1399,0.2021,0.2642,0.3264,0.3886,0.4507
acceleration,68,0.5595238095238095,0,0,1,1,0,0,3.497,3.3015,5,0.0155,0.0777,0.1399,0.2021,0.2642,0.3264,0.3886,0.4507
acceleration,69,0.5595238095238095,0,0,1,1,0,0,3.497,2.7904,7,0.0155,0.0777,0.1399,0.2021,0.2642,0.3264,0.3886,0.4507
acceleration,70,0.5595238095238095,0,0,1,1,0,0,3.497,3.2313,6,0.0155,0.0777,0.1399,0.2021,0.2642,0.3264,0.3886,0.4507
acceleration,71,0.5595238095238095,0,0,1,1,0,0,3.497,4.0144,4,0.0155,0.0777,0.1399,0.2021,0.2642,0.3264,0.3886,0.4507
acceleration,72,0.7142857142857143,0,0,1,1,0,0,4.4643,4.1217,4,0.0198,0.0992,0.1786,0.2579,0.3373,0.4167,0.496,0.5754
acceleration,73,0.7142857142857143,0,0,1,1,0,0,4.4643,4.062,4,0.0198,0.0992,0.1786,0.2579,0.3373,0.4167,0.496,0.5754
acceleration,74,0.7142857142857143,0,0,1,1,0,0,4.4643,4.2002,4,0.0198,0.0992,0.1786,0.2579,0.3373,0.4167,0.496,0.5754
acceleration,75,0.7142857142857143,0,0,1,1,0,0,4.4643,4.4831,3,0.0198,0.0992,0.1786,0.2579,0.3373,0.4167,0.496,0.5754
acceleration,76,0.7142857142857143,0,0,1,1,0,0,4.4643,5.2376,4,0.0198,0.0992,0.1786,0.2579,0.3373,0.4167,0.496,0.5754
acceleration,77,0.7142857142857143,0,0,1,1,0,0,4.4643,4.9386,4,0.0198,0.0992,0.1786,0.2579,0.3373,0.4167,0.496,0.5754
acceleration,78,0.7142857142857143,0,0,1,1,0,0,4.4643,3.6293,7,0.0198,0.0992,0.1786,0.2579,0.3373,0.4167,0.496,0.5754
acceleration,79,0.7142857142857143,0,0,1,1,0,0,4.4643,3.9716,6,0.0198,0.0992,0.1786,0.2579,0.3373,0.4167,0.496,0.5754
acceleration,80,0.7142857142857143,0,0,1,0,0,0,4.4643,4.4518,2,0.0198,0.0992,0.1786,0.2579,0.3373,0.4167,0.496,0.5754
acceleration,81,0.7142857142857143,0,0,1,0,0,0,4.4643,4.3574,1,0.0198,0.0992,0.1786,0.2579,0.3373,0.4167,0.496,0.5754
acceleration,82,0.7142857142857143,0,0,1,1,0,0,4.4643,4.0681,5,0.0198,0.0992,0.1786,0.2579,0.3373,0.4167,0.496,0.5754
acceleration,83,0.7142857142857143,0,0,1,1,0,0,4.4643,4.1217,4,0.0198,0.0992,0.1786,0.2579,0.3373,0.4167,0.496,0.5754
acceleration,84,0.7142857142857143,0,0,1,1,0,0,4.4643,4.2296,4,0.0198,0.0992,0.1786,0.2579,0.3373,0.4167,0.496,0.5754
acceleration,85,0.7142857142857143,0,0,1,1,0,0,4.4643,4.1212,5,0.0198,0.0992,0.1786,0.2579,0.3373,0.4167,0.496,0.5754
acceleration,86,0.7142857142857143,0,0,1,1,0,0,4.4643,4.4623,4,0.0198,0.0992,0.1786,0.2579,0.3373,0.4167,0.496,0.5754
acceleration,87,0.7142857142857143,0,0,1,1,0,0,4.4643,4.9263,3,0.0198,0.0992,0.1786,0.2579,0.3373,0.4167,0.496,0.5754
acceleration,88,0.7142857142857143,0,0,1,1,0,0,4.4643,4.122,6,0.0198,0.0992,0.1786,0.2579,0.3373,0.4167,0.496,0.5754
acceleration,89,0.7142857142857143,0,0,1,1,0,0,4.4643,5.0516,3,0.0198,0.0992,0.1786,0.2579,0.3373,0.4167,0.496,0.5754
acceleration,90,0.7142857142857143,0,0,1,1,0,0,4.4643,5.0188,3,0.0198,0.0992,0.1786,0.2579,0.3373,0.4167,0.496,0.5754
acceleration,91,0.7142857142857143,0,0,1,1,0,0,4.4643,4.4835,4,0.0198,0.0992,0.1786,0.2579,0.3373,0.4167,0.496,0.5754
acceleration,92,0.7142857142857143,0,0,1,1,0,0,4.4643,4.1276,4,0.0198,0.0992,0.1786,0.2579,0.3373,0.4167,0.496,0.5754
acceleration,93,0.7142857142857143,0,0,1,0,0,0,4.4643,4.9485,0,0.0198,0.0992,0.1786,0.2579,0.3373,0.4167,0.496,0.5754
acceleration,94,0.7142857142857143,0,0,1,1,0,0,4.4643,4.4851,3,0.0198,0.0992,0.1786,0.2579,0.3373,0.4167,0.496,0.5754
acceleration,95,0.7142857142857143,0,0,1,1,0,0,4.4643,5.0516,3,0.0198,0.0992,0.1786,0.2579,0.3373,0.4167,0.496,0.5754
acceleration,96,0.8690476190476191,0,0,1,1,0,0,5.4315,5.3222,6,0.0241,0.1207,0.2173,0.3138,0.4104,0.5069,0.6035,0.7001
acceleration,97,0.8690476190476191,0,0,1,0,0,0,5.4315,6.0766,2,0.0241,0.1207,0.2173,0.3138,0.4104,0.5069,0.6035,0.7001
acceleration,98,0.8690476190476191,0,0,1,1,0,0,5.4315,5.8228,3,0.0241,0.1207,0.2173,0.3138,0.4104,0.5069,0.6035,0.7001
acceleration,99,0.8690476190476191,0,0,1,1,0,0,5.4315,5.9103,5,0.0241,0.1207,0.2173,0.3138,0.4104,0.5069,0.6035,0.7001
acceleration,100,0.8690476190476191,0,0,1,0,0,0,5.4315,6.0086,0,0.0241,0.1207,0.2173,0.3138,0.4104,0.5069,0.6035,0.7001
acceleration,101,0.8690476190476191,0,0,1,1,0,0,5.4315,5.9809,4,0.0241,0.1207,0.2173,0.3138,0.4104,0.5069,0.6035,0.7001
acceleration,102,0.8690476190476191,0,0,1,1,0,0,5.4315,5.0693,6,0.0241,0.1207,0.2173,0.3138,0.4104,0.5069,0.6035,0.7001
acceleration,103,0.8690476190476191,0,0,1,1,0,0,5.4315,4.9403,5,0.0241,0.1207,0.2173,0.3138,0.4104,0.5069,0.6035,0.7001
acceleration,104,0.8690476190476191,0,0,1,0,0,0,5.4315,5.4872,1,0.0241,0.1207,0.2173,0.3138,0.4104,0.5069,0.6035,0.7001
acceleration,105,0.8690476190476191,0,0,1,1,0,0,5.4315,5.0001,5,0.0241,0.1207,0.2173,0.3138,0.4104,0.5069,0.6035,0.7001
acceleration,106,0.8690476190476191,0,0,1,1,0,0,5.4315,6.0769,3,0.0241,0.1207,0.2173,0.3138,0.4104,0.5069,0.6035,0.7001
acceleration,107,0.8690476190476191,0,0,1,1,0,0,5.4315,5.1305,5,0.0241,0.1207,0.2173,0.3138,0.4104,0.5069,0.6035,0.7001
acceleration,108,0.8690476190476191,0,0,1,1,0,0,5.4315,4.9603,3,0.0241,0.1207,0.2173,0.3138,0.4104,0.5069,0.6035,0.7001
acceleration,109,0.8690476190476191,0,0,1,1,0,0,5.4315,5.4185,5,0.0241,0.1207,0.2173,0.3138,0.4104,0.5069,0.6035,0.7001
acceleration,110,0.8690476190476191,0,0,1,1,0,0,5.4315,4.9905,5,0.0241,0.1207,0.2173,0.3138,0.4104,0.5069,0.6035,0.7001
acceleration,111,0.8690476190476191,0,0,1,1,0,0,5.4315,5.7377,4,0.0241,0.1207,0.2173,0.3138,0.4104,0.5069,0.6035,0.7001
acceleration,112,0.8690476190476191,0,0,1,1,0,0,5.4315,5.3829,5,0.0241,0.1207,0.2173,0.3138,0.4104,0.5069,0.6035,0.7001
acceleration,113,0.8690476190476191,0,0,1,1,0,0,5.4315,5.2158,4,0.0241,0.1207,0.2173,0.3138,0.4104,0.5069,0.6035,0.7001
acceleration,114,0.8690476190476191,0,0,1,1,0,0,5.4315,4.9567,5,0.0241,0.1207,0.2173,0.3138,0.4104,0.5069,0.6035,0.7001
acceleration,115,0.8690476190476191,0,0,1,1,0,0,5.4315,5.8439,5,0.0241,0.1207,0.2173,0.3138,0.4104,0.5069,0.6035,0.7001
acceleration,116,0.8690476190476191,0,0,1,1,0,0,5.4315,4.8629,4,0.0241,0.1207,0.2173,0.3138,0.4104,0.5069,0.6035,0.7001
acceleration,117,0.8690476190476191,0,0,1,1,0,0,5.4315,5.0371,6,0.0241,0.1207,0.2173,0.3138,0.4104,0.5069,0.6035,0.7001
acceleration,118,0.8690476190476191,0,0,1,1,0,0,5.4315,4.9661,6,0.0241,0.1207,0.2173,0.3138,0.4104,0.5069,0.6035,0.7001
acceleration,119,0.8690476190476191,0,0,1,0,0,0,5.4315,5.1922,1,0.0241,0.1207,0.2173,0.3138,0.4104,0.5069,0.6035,0.7001
acceleration,120,1.0238095238095237,0,0,1,1,0,0,6.3988,5.9195,5,0.0284,0.1422,0.256,0.3697,0.4835,0.5972,0.711,0.8247
acceleration,121,1.0238095238095237,0,0,1,0,0,0,6.3988,7.1167,1,0.0284,0.1422,0.256,0.3697,0.4835,0.5972,0.711,0.8247
acceleration,122,1.0238095238095237,0,0,1,0,0,0,6.3988,6.6754,2,0.0284,0.1422,0.256,0.3697,0.4835,0.5972,0.711,0.8247
acceleration,123,1.0238095238095237,0,0,1,1,0,0,6.3988,5.9129,4,0.0284,0.1422,0.256,0.3697,0.4835,0.5972,0.711,0.8247
acceleration,124,1.0238095238095237,0,0,1,1,0,0,6.3988,6.0998,4,0.0284,0.1422,0.256,0.3697,0.4835,0.5972,0.711,0.8247
acceleration,125,1.0238095238095237,0,0,1,0,0,0,6.3988,6.7194,1,0.0284,0.1422,0.256,0.3697,0.4835,0.5972,0.711,0.8247
acceleration,126,1.0238095238095237,0,0,1,1,0,0,6.3988,6.4127,4,0.0284,0.1422,0.256,0.3697,0.4835,0.5972,0.711,0.8247
acceleration,127,1.0238095238095237,0,0,1,1,0,0,6.3988,6.0431,5,0.0284,0.1422,0.256,0.3697,0.4835,0.5972,0.711,0.8247
acceleration,128,1.0238095238095237,0,0,1,1,0,0,6.3988,6.3763,3,0.0284,0.1422,0.256,0.3697,0.4835,0.5972,0.711,0.8247
acceleration,129,1.0238095238095237,0,0,1,0,0,0,6.3988,6.4706,2,0.0284,0.1422,0.256,0.3697,0.4835,0.5972,0.711,0.8247
acceleration,130,1.0238095238095237,0,0,1,1,0,0,6.3988,6.3813,5,0.0284,0.1422,0.256,0.3697,0.4835,0.5972,0.711,0.8247
acceleration,131,1.0238095238095237,0,0,1,1,0,0,6.3988,6.0768,3,0.0284,0.1422,0.256,0.3697,0.4835,0.5972,0.711,0.8247
acceleration,132,1.0238095238095237,0,0,1,1,0,0,6.3988,6.4327,3,0.0284,0.1422,0.256,0.3697,0.4835,0.5972,0.711,0.8247
acceleration,133,1.0238095238095237,0,0,1,1,0,0,6.3988,6.2449,5,0.0284,0.1422,0.256,0.3697,0.4835,0.5972,0.711,0.8247
acceleration,134,1.0238095238095237,0,0,1,1,0,0,6.3988,7.0374,3,0.0284,0.1422,0.256,0.3697,0.4835,0.5972,0.711,0.8247
acceleration,135,1.0238095238095237,0,0,1,1,0,0,6.3988,5.681,4,0.0284,0.1422,0.256,0.3697,0.4835,0.5972,0.711,0.8247
acceleration,136,1.0238095238095237,0,0,1,1,0,0,6.3988,6.6762,3,0.0284,0.1422,0.256,0.3697,0.4835,0.5972,0.711,0.8247
acceleration,137,1.0238095238095237,0,0,1,1,0,0,6.3988,5.9915,4,0.0284,0.1422,0.256,0.3697,0.4835,0.5972,0.711,0.8247
acceleration,138,1.0238095238095237,0,0,1,1,0,0,6.3988,5.7878,4,0.0284,0.1422,0.256,0.3697,0.4835,0.5972,0.711,0.8247
acceleration,139,1.0238095238095237,0,0,1,1,0,0,6.3988,5.8711,5,0.0284,0.1422,0.256,0.3697,0.4835,0.5972,0.711,0.8247
acceleration,140,1.0238095238095237,0,0,1,1,0,0,6.3988,6.1567,3,0.0284,0.1422,0.256,0.3697,0.4835,0.5972,0.711,0.8247
acceleration,141,1.0238095238095237,0,0,1,1,0,0,6.3988,6.7365,3,0.0284,0.1422,0.256,0.3697,0.4835,0.5972,0.711,0.8247
acceleration,142,1.0238095238095237,0,0,1,1,0,0,6.3988,6.3703,4,0.0284,0.1422,0.256,0.3697,0.4835,0.5972,0.711,0.8247
acceleration,143,1.0238095238095237,0,0,1,1,0,0,6.3988,6.034,5,0.0284,0.1422,0.256,0.3697,0.4835,0.5972,0.711,0.8247
acceleration,144,1.1785714285714286,0,0,1,0,0,0,7.3661,7.2111,2,0.0327,0.1637,0.2946,0.4256,0.5565,0.6875,0.8185,0.9494
acceleration,145,1.1785714285714286,0,0,1,0,0,0,7.3661,8.0114,2,0.0327,0.1637,0.2946,0.4256,0.5565,0.6875,0.8185,0.9494
acceleration,146,1.1785714285714286,0,0,1,1,0,0,7.3661,6.3779,5,0.0327,0.1637,0.2946,0.4256,0.5565,0.6875,0.8185,0.9494
acceleration,147,1.1785714285714286,0,0,1,1,0,0,7.3661,7.2412,4,0.0327,0.1637,0.2946,0.4256,0.5565,0.6875,0.8185,0.9494
acceleration,148,1.1785714285714286,0,0,1,1,0,0,7.3661,7.0884,5,0.0327,0.1637,0.2946,0.4256,0.5565,0.6875,0.8185,0.9494
acceleration,149,1.1785714285714286,0,0,1,1,0,0,7.3661,7.204,4,0.0327,0.1637,0.2946,0.4256,0.5565,0.6875,0.8185,0.9494
acceleration,150,1.1785714285714286,0,0,1,1,0,0,7.3661,6.9484,3,0.0327,0.1637,0.2946,0.4256,0.5565,0.6875,0.8185,0.9494
acceleration,151,1.1785714285714286,0,0,1,1,0,0,7.3661,7.3385,5,0.0327,0.1637,0.2946,0.4256,0.5565,0.6875,0.8185,0.9494
acceleration,152,1.1785714285714286,0,0,1,0,0,0,7.3661,8.0446,1,0.0327,0.1637,0.2946,0.4256,0.5565,0.6875,0.8185,0.9494
acceleration,153,1.1785714285714286,0,0,1,1,0,0,7.3661,7.2453,3,0.0327,0.1637,0.2946,0.4256,0.5565,0.6875,0.8185,0.9494
acceleration,154,1.1785714285714286,0,0,1,1,0,0,7.3661,7.6143,3,0.0327,0.1637,0.2946,0.4256,0.5565,0.6875,0.8185,0.9494
acceleration,155,1.1785714285714286,0,0,1,1,0,0,7.3661,6.9165,5,0.0327,0.1637,0.2946,0.4256,0.5565,0.6875,0.8185,0.9494
acceleration,156,1.1785714285714286,0,0,1,1,0,0,7.3661,7.2023,5,0.0327,0.1637,0.2946,0.4256,0.5565,0.6875,0.8185,0.9494
acceleration,157,1.1785714285714286,0,0,1,0,0,0,7.3661,7.2168,2,0.0327,0.1637,0.2946,0.4256,0.5565,0.6875,0.8185,0.9494
acceleration,158,1.1785714285714286,0,0,1,1,0,0,7.3661,6.9029,3,0.0327,0.1637,0.2946,0.4256,0.5565,0.6875,0.8185,0.9494
acceleration,159,1.1785714285714286,0,0,1,1,0,0,7.3661,8.0583,3,0.0327,0.1637,0.2946,0.4256,0.5565,0.6875,0.8185,0.9494
acceleration,160,1.1785714285714286,0,0,1,0,0,0,7.3661,8.0924,1,0.0327,0.1637,0.2946,0.4256,0.5565,0.6875,0.8185,0.9494
acceleration,161,1.1785714285714286,0,0,1,1,0,0,7.3661,7.1688,3,0.0327,0.1637,0.2946,0.4256,0.5565,0.6875,0.8185,0.9494
acceleration,162,1.1785714285714286,0,0,1,1,0,0,7.3661,7.6009,4,0.0327,0.1637,0.2946,0.4256,0.5565,0.6875,0.8185,0.9494
acceleration,163,1.1785714285714286,0,0,1,1,0,0,7.3661,7.2111,5,0.0327,0.1637,0.2946,0.4256,0.5565,0.6875,0.8185,0.9494
acceleration,164,1.1785714285714286,0,0,1,1,0,0,7.3661,7.1887,4,0.0327,0.1637,0.2946,0.4256,0.5565,0.6875,0.8185,0.9494
acceleration,165,1.1785714285714286,0,0,1,1,0,0,7.3661,7.2653,5,0.0327,0.1637,0.2946,0.4256,0.5565,0.6875,0.8185,0.9494
acceleration,166,1.1785714285714286,0,0,1,1,0,0,7.3661,7.1702,5,0.0327,0.1637,0.2946,0.4256,0.5565,0.6875,0.8185,0.9494
acceleration,167,1.1785714285714286,0,0,1,1,0,0,7.3661,7.203,3,0.0327,0.1637,0.2946,0.4256,0.5565,0.6875,0.8185,0.9494
acceleration,168,1.3333333333333335,0,0,1,0,0,0,8.3333,8.6052,1,0.037,0.1852,0.3333,0.4815,0.6296,0.7778,0.9259,1.0741
acceleration,169,1.3333333333333335,0,0,1,0,0,0,8.3333,8.2979,2,0.037,0.1852,0.3333,0.4815,0.6296,0.7778,0.9259,1.0741
acceleration,170,1.3333333333333335,0,0,1,1,0,0,8.3333,8.5233,3,0.037,0.1852,0.3333,0.4815,0.6296,0.7778,0.9259,1.0741
acceleration,171,1.3333333333333335,0,0,1,1,0,0,8.3333,7.7512,4,0.037,0.1852,0.3333,0.4815,0.6296,0.7778,0.9259,1.0741
acceleration,172,1.3333333333333335,0,0,1,0,0,0,8.3333,8.2946,2,0.037,0.1852,0.3333,0.4815,0.6296,0.7778,0.9259,1.0741
acceleration,173,1.3333333333333335,0,0,1,1,0,0,8.3333,8.2475,4,0.037,0.1852,0.3333,0.4815,0.6296,0.7778,0.9259,1.0741
acceleration,174,1.3333333333333335,0,0,1,1,0,0,8.3333,7.8284,4,0.037,0.1852,0.3333,0.4815,0.6296,0.7778,0.9259,1.0741
acceleration,175,1.3333333333333335,0,0,1,1,0,0,8.3333,8.575,3,0.037,0.1852,0.3333,0.4815,0.6296,0.7778,0.9259,1.0741
acceleration,176,1.3333333333333335,0,0,1,1,0,0,8.3333,7.991,3,0.037,0.1852,0.3333,0.4815,0.6296,0.7778,0.9259,1.0741
acceleration,177,1.3333333333333335,0,0,1,1,0,0,8.3333,8.6331,3,0.037,0.1852,0.3333,0.4815,0.6296,0.7778,0.9259,1.0741
acceleration,178,1.3333333333333335,0,0,1,1,0,0,8.3333,7.963,4,0.037,0.1852,0.3333,0.4815,0.6296,0.7778,0.9259,1.0741
acceleration,179,1.3333333333333335,0,0,1,1,0,0,8.3333,8.0087,3,0.037,0.1852,0.3333,0.4815,0.6296,0.7778,0.9259,1.0741
acceleration,180,1.3333333333333335,0,0,1,0,0,0,8.3333,8.976,2,0.037,0.1852,0.3333,0.4815,0.6296,0.7778,0.9259,1.0741
acceleration,181,1.3333333333333335,0,0,1,1,0,0,8.3333,8.0966,4,0.037,0.1852,0.3333,0.4815,0.6296,0.7778,0.9259,1.0741
acceleration,182,1.3333333333333335,0,0,1,1,0,0,8.3333,7.9314,4,0.037,0.1852,0.3333,0.4815,0.6296,0.7778,0.9259,1.0741
acceleration,183,1.3333333333333335,0,0,1,1,0,0,8.3333,7.5475,4,0.037,0.1852,0.3333,0.4815,0.6296,0.7778,0.9259,1.0741
acceleration,184,1.3333333333333335,0,0,1,0,0,0,8.3333,9.2472,2,0.037,0.1852,0.3333,0.4815,0.6296,0.7778,0.9259,1.0741
acceleration,185,1.3333333333333335,0,0,1,1,0,0,8.3333,8.0309,3,0.037,0.1852,0.3333,0.4815,0.6296,0.7778,0.9259,1.0741
acceleration,186,1.3333333333333335,0,0,1,1,0,0,8.3333,8.2159,3,0.037,0.1852,0.3333,0.4815,0.6296,0.7778,0.9259,1.0741
acceleration,187,1.3333333333333335,0,0,1,1,0,0,8.3333,8.4553,3,0.037,0.1852,0.3333,0.4815,0.6296,0.7778,0.9259,1.0741
acceleration,188,1.3333333333333335,0,0,1,1,0,0,8.3333,8.256,4,0.037,0.1852,0.3333,0.4815,0.6296,0.7778,0.9259,1.0741
acceleration,189,1.3333333333333335,0,0,1,0,0,0,8.3333,8.2384,2,0.037,0.1852,0.3333,0.4815,0.6296,0.7778,0.9259,1.0741
acceleration,190,1.3333333333333335,0,0,1,1,0,0,8.3333,7.856,4,0.037,0.1852,0.3333,0.4815,0.6296,0.7778,0.9259,1.0741
acceleration,191,1.3333333333333335,0,0,1,0,0,0,8.3333,8.9393,1,0.037,0.1852,0.3333,0.4815,0.6296,0.7778,0.9259,1.0741
acceleration,192,1.4880952380952381,0,0,1,1,0,0,9.3006,9.1779,4,0.0413,0.2067,0.372,0.5374,0.7027,0.8681,1.0334,1.1987
acceleration,193,1.4880952380952381,0,0,1,1,0,0,9.3006,9.3141,4,0.0413,0.2067,0.372,0.5374,0.7027,0.8681,1.0334,1.1987
acceleration,194,1.4880952380952381,0,0,1,0,0,0,9.3006,9.3076,2,0.0413,0.2067,0.372,0.5374,0.7027,0.8681,1.0334,1.1987
acceleration,195,1.4880952380952381,0,0,1,0,0,0,9.3006,9.2313,2,0.0413,0.2067,0.372,0.5374,0.7027,0.8681,1.0334,1.1987
acceleration,196,1.4880952380952381,0,0,1,1,0,0,9.3006,9.8469,3,0.0413,0.2067,0.372,0.5374,0.7027,0.8681,1.0334,1.1987
acceleration,197,1.4880952380952381,0,0,1,1,0,0,9.3006,9.12,4,0.0413,0.2067,0.372,0.5374,0.7027,0.8681,1.0334,1.1987
acceleration,198,1.4880952380952381,0,0,1,0,0,0,9.3006,9.4522,2,0.0413,0.2067,0.372,0.5374,0.7027,0.8681,1.0334,1.1987
acceleration,199,1.4880952380952381,0,0,1,1,0,0,9.3006,8.9239,3,0.0413,0.2067,0.372,0.5374,0.7027,0.8681,1.0334,1.1987
acceleration,200,1.4880952380952381,0,0,1,1,0,0,9.3006,8.8403,4,0.0413,0.2067,0.372,0.5374,0.7027,0.8681,1.0334,1.1987
acceleration,201,1.4880952380952381,0,0,1,0,0,0,9.3006,9.4708,1,0.0413,0.2067,0.372,0.5374,0.7027,0.8681,1.0334,1.1987
acceleration,202,1.4880952380952381,0,0,1,0,0,0,9.3006,9.3749,1,0.0413,0.2067,0.372,0.5374,0.7027,0.8681,1.0334,1.1987
acceleration,203,1.4880952380952381,0,0,1,1,0,0,9.3006,8.9257,3,0.0413,0.2067,0.372,0.5374,0.7027,0.8681,1.0334,1.1987
acceleration,204,1.4880952380952381,0,0,1,0,0,0,9.3006,8.952,1,0.0413,0.2067,0.372,0.5374,0.7027,0.8681,1.0334,1.1987
acceleration,205,1.4880952380952381,0,0,1,1,0,0,9.3006,9.2919,4,0.0413,0.2067,0.372,0.5374,0.7027,0.8681,1.0334,1.1987
acceleration,206,1.4880952380952381,0,0,1,0,0,0,9.3006,9.1711,2,0.0413,0.2067,0.372,0.5374,0.7027,0.8681,1.0334,1.1987
acceleration,207,1.4880952380952381,0,0,1,1,0,0,9.3006,9.4824,4,0.0413,0.2067,0.372,0.5374,0.7027,0.8681,1.0334,1.1987
acceleration,208,1.4880952380952381,0,0,1,1,0,0,9.3006,8.5297,5,0.0413,0.2067,0.372,0.5374,0.7027,0.8681,1.0334,1.1987
acceleration,209,1.4880952380952381,0,0,1,1,0,0,9.3006,8.5358,4,0.0413,0.2067,0.372,0.5374,0.7027,0.8681,1.0334,1.1987
acceleration,210,1.4880952380952381,0,0,1,0,0,0,9.3006,9.2609,1,0.0413,0.2067,0.372,0.5374,0.7027,0.8681,1.0334,1.1987
acceleration,211,1.4880952380952381,0,0,1,1,0,0,9.3006,9.2676,3,0.0413,0.2067,0.372,0.5374,0.7027,0.8681,1.0334,1.1987
acceleration,212,1.4880952380952381,0,0,1,0,0,0,9.3006,9.9743,1,0.0413,0.2067,0.372,0.5374,0.7027,0.8681,1.0334,1.1987
acceleration,213,1.4880952380952381,0,0,1,1,0,0,9.3006,9.115,3,0.0413,0.2067,0.372,0.5374,0.7027,0.8681,1.0334,1.1987
acceleration,214,1.4880952380952381,0,0,1,1,0,0,9.3006,9.4708,3,0.0413,0.2067,0.372,0.5374,0.7027,0.8681,1.0334,1.1987
acceleration,215,1.4880952380952381,0,0,1,0,0,0,9.3006,10.4014,2,0.0413,0.2067,0.372,0.5374,0.7027,0.8681,1.0334,1.1987
acceleration,216,1.6428571428571428,0,0,1,0,0,0,10.2679,10.6967,2,0.0456,0.2282,0.4107,0.5933,0.7758,0.9583,1.1409,1.3234
acceleration,217,1.6428571428571428,0,0,1,1,0,0,10.2679,9.7622,3,0.0456,0.2282,0.4107,0.5933,0.7758,0.9583,1.1409,1.3234
acceleration,218,1.6428571428571428,0,0,1,1,0,0,10.2679,10.0087,4,0.0456,0.2282,0.4107,0.5933,0.7758,0.9583,1.1409,1.3234
acceleration,219,1.6428571428571428,0,0,1,0,0,0,10.2679,10.018,1,0.0456,0.2282,0.4107,0.5933,0.7758,0.9583,1.1409,1.3234
acceleration,220,1.6428571428571428,0,0,1,0,0,0,10.2679,10.4326,2,0.0456,0.2282,0.4107,0.5933,0.7758,0.9583,1.1409,1.3234
acceleration,221,1.6428571428571428,0,0,1,1,0,0,10.2679,10.0399,3,0.0456,0.2282,0.4107,0.5933,0.7758,0.9583,1.1409,1.3234
acceleration,222,1.6428571428571428,0,0,1,1,0,0,10.2679,10.387,3,0.0456,0.2282,0.4107,0.5933,0.7758,0.9583,1.1409,1.3234
acceleration,223,1.6428571428571428,0,0,1,0,0,0,10.2679,10.7799,2,0.0456,0.2282,0.4107,0.5933,0.7758,0.9583,1.1409,1.3234
acceleration,224,1.6428571428571428,0,0,1,1,0,0,10.2679,10.0553,4,0.0456,0.2282,0.4107,0.5933,0.7758,0.9583,1.1409,1.3234
acceleration,225,1.6428571428571428,0,0,1,1,0,0,10.2679,9.8632,4,0.0456,0.2282,0.4107,0.5933,0.7758,0.9583,1.1409,1.3234
acceleration,226,1.6428571428571428,0,0,1,0,0,0,10.2679,10.0252,2,0.0456,0.2282,0.4107,0.5933,0.7758,0.9583,1.1409,1.3234
acceleration,227,1.6428571428571428,0,0,1,0,0,0,10.2679,10.2147,2,0.0456,0.2282,0.4107,0.5933,0.7758,0.9583,1.1409,1.3234
acceleration,228,1.6428571428571428,0,0,1,1,0,0,10.2679,10.5059,3,0.0456,0.2282,0.4107,0.5933,0.7758,0.9583,1.1409,1.3234
acceleration,229,1.6428571428571428,0,0,1,0,0,0,10.2679,10.6983,1,0.0456,0.2282,0.4107,0.5933,0.7758,0.9583,1.1409,1.3234
acceleration,230,1.6428571428571428,0,0,1,0,0,0,10.2679,10.4722,1,0.0456,0.2282,0.4107,0.5933,0.7758,0.9583,1.1409,1.3234
acceleration,231,1.6428571428571428,0,0,1,0,0,0,10.2679,10.2241,2,0.0456,0.2282,0.4107,0.5933,0.7758,0.9583,1.1409,1.3234
acceleration,232,1.6428571428571428,0,0,1,0,0,0,10.2679,10.5935,1,0.0456,0.2282,0.4107,0.5933,0.7758,0.9583,1.1409,1.3234
acceleration,233,1.6428571428571428,0,0,1,1,0,0,10.2679,9.8057,4,0.0456,0.2282,0.4107,0.5933,0.7758,0.9583,1.1409,1.3234
acceleration,234,1.6428571428571428,0,0,1,1,0,0,10.2679,10.0166,4,0.0456,0.2282,0.4107,0.5933,0.7758,0.9583,1.1409,1.3234
acceleration,235,1.6428571428571428,0,0,1,1,0,0,10.2679,10.7612,3,0.0456,0.2282,0.4107,0.5933,0.7758,0.9583,1.1409,1.3234
acceleration,236,1.6428571428571428,0,0,1,1,0,0,10.2679,10.2825,4,0.0456,0.2282,0.4107,0.5933,0.7758,0.9583,1.1409,1.3234
acceleration,237,1.6428571428571428,0,0,1,1,0,0,10.2679,10.0059,3,0.0456,0.2282,0.4107,0.5933,0.7758,0.9583,1.1409,1.3234
acceleration,238,1.6428571428571428,0,0,1,0,0,0,10.2679,10.3159,2,0.0456,0.2282,0.4107,0.5933,0.7758,0.9583,1.1409,1.3234
acceleration,239,1.6428571428571428,0,0,1,0,0,0,10.2679,10.2564,2,0.0456,0.2282,0.4107,0.5933,0.7758,0.9583,1.1409,1.3234
acceleration,240,1.7976190476190477,0,0,1,1,0,0,11.2351,10.8853,3,0.0499,0.2497,0.4494,0.6491,0.8489,1.0486,1.2483,1.4481
acceleration,241,1.7976190476190477,0,0,1,1,0,0,11.2351,11.1247,4,0.0499,0.2497,0.4494,0.6491,0.8489,1.0486,1.2483,1.4481
acceleration,242,1.7976190476190477,0,0,1,1,0,0,11.2351,11.0513,3,0.0499,0.2497,0.4494,0.6491,0.8489,1.0486,1.2483,1.4481
acceleration,243,1.7976190476190477,0,0,1,1,0,0,11.2351,11.6619,3,0.0499,0.2497,0.4494,0.6491,0.8489,1.0486,1.2483,1.4481
acceleration,244,1.7976190476190477,0,0,1,1,0,0,11.2351,10.858,3,0.0499,0.2497,0.4494,0.6491,0.8489,1.0486,1.2483,1.4481
acceleration,245,1.7976190476190477,0,0,1,0,0,0,11.2351,12.0743,1,0.0499,0.2497,0.4494,0.6491,0.8489,1.0486,1.2483,1.4481
acceleration,246,1.7976190476190477,0,0,1,0,0,0,11.2351,11.7297,1,0.0499,0.2497,0.4494,0.6491,0.8489,1.0486,1.2483,1.4481
acceleration,247,1.7976190476190477,0,0,1,1,0,0,11.2351,10.5964,4,0.0499,0.2497,0.4494,0.6491,0.8489,1.0486,1.2483,1.4481
acceleration,248,1.7976190476190477,0,0,1,1,0,0,11.2351,11.1015,3,0.0499,0.2497,0.4494,0.6491,0.8489,1.0486,1.2483,1.4481
acceleration,249,1.7976190476190477,0,0,1,1,0,0,11.2351,11.697,3,0.0499,0.2497,0.4494,0.6491,0.8489,1.0486,1.2483,1.4481
acceleration,250,1.7976190476190477,0,0,1,1,0,0,11.2351,11.3298,4,0.0499,0.2497,0.4494,0.6491,0.8489,1.0486,1.2483,1.4481
acceleration,251,1.7976190476190477,0,0,1,1,0,0,11.2351,11.6386,3,0.0499,0.2497,0.4494,0.6491,0.8489,1.0486,1.2483,1.4481
acceleration,252,1.7976190476190477,0,0,1,0,0,0,11.2351,11.1547,2,0.0499,0.2497,0.4494,0.6491,0.8489,1.0486,1.2483,1.4481
acceleration,253,1.7976190476190477,0,0,1,0,0,0,11.2351,11.3283,1,0.0499,0.2497,0.4494,0.6491,0.8489,1.0486,1.2483,1.4481
acceleration,254,1.7976190476190477,0,0,1,0,0,0,11.2351,11.748,1,0.0499,0.2497,0.4494,0.6491,0.8489,1.0486,1.2483,1.4481
acceleration,255,1.7976190476190477,0,0,1,0,0,0,11.2351,11.1327,2,0.0499,0.2497,0.4494,0.6491,0.8489,1.0486,1.2483,1.4481
acceleration,256,1.7976190476190477,0,0,1,0,0,0,11.2351,11.7032,2,0.0499,0.2497,0.4494,0.6491,0.8489,1.0486,1.2483,1.4481
acceleration,257,1.7976190476190477,0,0,1,0,0,0,11.2351,11.1141,1,0.0499,0.2497,0.4494,0.6491,0.8489,1.0486,1.2483,1.4481
acceleration,258,1.7976190476190477,0,0,1,1,0,0,11.2351,11.0343,3,0.0499,0.2497,0.4494,0.6491,0.8489,1.0486,1.2483,1.4481
acceleration,259,1.7976190476190477,0,0,1,0,0,0,11.2351,11.1803,2,0.0499,0.2497,0.4494,0.6491,0.8489,1.0486,1.2483,1.4481
acceleration,260,1.7976190476190477,0,0,1,1,0,0,11.2351,10.8943,3,0.0499,0.2497,0.4494,0.6491,0.8489,1.0486,1.2483,1.4481
acceleration,261,1.7976190476190477,0,0,1,0,0,0,11.2351,12.0471,1,0.0499,0.2497,0.4494,0.6491,0.8489,1.0486,1.2483,1.4481
acceleration,262,1.7976190476190477,0,0,1,1,0,0,11.2351,10.764,3,0.0499,0.2497,0.4494,0.6491,0.8489,1.0486,1.2483,1.4481
acceleration,263,1.7976190476190477,0,0,1,0,0,0,11.2351,11.4752,2,0.0499,0.2497,0.4494,0.6491,0.8489,1.0486,1.2483,1.4481
acceleration,264,1.9523809523809526,0,0,1,0,0,0,12.2024,11.6669,0,0.0542,0.2712,0.4881,0.705,0.922,1.1389,1.3558,1.5728
acceleration,265,1.9523809523809526,0,0,1,0,0,0,12.2024,12.1738,2,0.0542,0.2712,0.4881,0.705,0.922,1.1389,1.3558,1.5728
acceleration,266,1.9523809523809526,0,0,1,0,0,0,12.2024,11.99,2,0.0542,0.2712,0.4881,0.705,0.922,1.1389,1.3558,1.5728
acceleration,267,1.9523809523809526,0,0,1,0,0,0,12.2024,12.2003,2,0.0542,0.2712,0.4881,0.705,0.922,1.1389,1.3558,1.5728
acceleration,268,1.9523809523809526,0,0,1,1,0,0,12.2024,11.9956,3,0.0542,0.2712,0.4881,0.705,0.922,1.1389,1.3558,1.5728
acceleration,269,1.9523809523809526,0,0,1,0,0,0,12.2024,12.3368,1,0.0542,0.2712,0.4881,0.705,0.922,1.1389,1.3558,1.5728
acceleration,270,1.9523809523809526,0,0,1,0,0,0,12.2024,12.679,2,0.0542,0.2712,0.4881,0.705,0.922,1.1389,1.3558,1.5728
acceleration,271,1.9523809523809526,0,0,1,0,0,0,12.2024,12.6289,1,0.0542,0.2712,0.4881,0.705,0.922,1.1389,1.3558,1.5728
acceleration,272,1.9523809523809526,0,0,1,1,0,0,12.2024,12.6591,3,0.0542,0.2712,0.4881,0.705,0.922,1.1389,1.3558,1.5728
acceleration,273,1.9523809523809526,0,0,1,1,0,0,12.2024,12.3298,3,0.0542,0.2712,0.4881,0.705,0.922,1.1389,1.3558,1.5728
acceleration,274,1.9523809523809526,0,0,1,0,0,0,12.2024,12.2236,0,0.0542,0.2712,0.4881,0.705,0.922,1.1389,1.3558,1.5728
acceleration,275,1.9523809523809526,0,0,1,0,0,0,12.2024,13.0561,1,0.0542,0.2712,0.4881,0.705,0.922,1.1389,1.3558,1.5728
acceleration,276,1.9523809523809526,0,0,1,0,0,0,12.2024,12.0628,2,0.0542,0.2712,0.4881,0.705,0.922,1.1389,1.3558,1.5728
acceleration,277,1.9523809523809526,0,0,1,1,0,0,12.2024,12.1895,3,0.0542,0.2712,0.4881,0.705,0.922,1.1389,1.3558,1.5728
acceleration,278,1.9523809523809526,0,0,1,1,0,0,12.2024,11.633,3,0.0542,0.2712,0.4881,0.705,0.922,1.1389,1.3558,1.5728
acceleration,279,1.9523809523809526,0,0,1,0,0,0,12.2024,11.9715,2,0.0542,0.2712,0.4881,0.705,0.922,1.1389,1.3558,1.5728
acceleration,280,1.9523809523809526,0,0,1,0,0,0,12.2024,12.409,1,0.0542,0.2712,0.4881,0.705,0.922,1.1389,1.3558,1.5728
acceleration,281,1.9523809523809526,0,0,1,0,0,0,12.2024,12.192,1,0.0542,0.2712,0.4881,0.705,0.922,1.1389,1.3558,1.5728
acceleration,282,1.9523809523809526,0,0,1,1,0,0,12.2024,12.1002,3,0.0542,0.2712,0.4881,0.705,0.922,1.1389,1.3558,1.5728
acceleration,283,1.9523809523809526,0,0,1,0,0,0,12.2024,12.6646,2,0.0542,0.2712,0.4881,0.705,0.922,1.1389,1.3558,1.5728
acceleration,284,1.9523809523809526,0,0,1,1,0,0,12.2024,12.0647,3,0.0542,0.2712,0.4881,0.705,0.922,1.1389,1.3558,1.5728
acceleration,285,1.9523809523809526,0,0,1,0,0,0,12.2024,12.3899,1,0.0542,0.2712,0.4881,0.705,0.922,1.1389,1.3558,1.5728
acceleration,286,1.9523809523809526,0,0,1,0,0,0,12.2024,12.6401,2,0.0542,0.2712,0.4881,0.705,0.922,1.1389,1.3558,1.5728
acceleration,287,1.9523809523809526,0,0,1,0,0,0,12.2024,12.8131,2,0.0542,0.2712,0.4881,0.705,0.922,1.1389,1.3558,1.5728
acceleration,288,2.107142857142857,0,0,1,0,0,0,13.1696,13.0534,2,0.0585,0.2927,0.5268,0.7609,0.995,1.2292,1.4633,1.6974
acceleration,289,2.107142857142857,0,0,1,0,0,0,13.1696,13.4254,2,0.0585,0.2927,0.5268,0.7609,0.995,1.2292,1.4633,1.6974
acceleration,290,2.107142857142857,0,0,1,1,0,0,13.1696,13.2767,3,0.0585,0.2927,0.5268,0.7609,0.995,1.2292,1.4633,1.6974
acceleration,291,2.107142857142857,0,0,1,0,0,0,13.1696,13.5851,0,0.0585,0.2927,0.5268,0.7609,0.995,1.2292,1.4633,1.6974
acceleration,292,2.107142857142857,0,0,1,0,0,0,13.1696,13.4567,2,0.0585,0.2927,0.5268,0.7609,0.995,1.2292,1.4633,1.6974
acceleration,293,2.107142857142857,0,0,1,0,0,0,13.1696,13.5146,2,0.0585,0.2927,0.5268,0.7609,0.995,1.2292,1.4633,1.6974
acceleration,294,2.107142857142857,0,0,1,0,0,0,13.1696,13.178,2,0.0585,0.2927,0.5268,0.7609,0.995,1.2292,1.4633,1.6974
acceleration,295,2.107142857142857,0,0,1,0,0,0,13.1696,12.8062,2,0.0585,0.2927,0.5268,0.7609,0.995,1.2292,1.4633,1.6974
acceleration,296,2.107142857142857,0,0,1,1,0,0,13.1696,12.9837,3,0.0585,0.2927,0.5268,0.7609,0.995,1.2292,1.4633,1.6974
acceleration,297,2.107142857142857,0,0,1,0,0,0,13.1696,12.9727,2,0.0585,0.2927,0.5268,0.7609,0.995,1.2292,1.4633,1.6974
acceleration,298,2.107142857142857,0,0,1,1,0,0,13.1696,13.1984,3,0.0585,0.2927,0.5268,0.7609,0.995,1.2292,1.4633,1.6974
acceleration,299,2.107142857142857,0,0,1,0,0,0,13.1696,13.8946,2,0.0585,0.2927,0.5268,0.7609,0.995,1.2292,1.4633,1.6974
acceleration,300,2.107142857142857,0,0,1,0,0,0,13.1696,13.0659,2,0.0585,0.2927,0.5268,0.7609,0.995,1.2292,1.4633,1.6974
acceleration,301,2.107142857142857,0,0,1,0,0,0,13.1696,13.3666,2,0.0585,0.2927,0.5268,0.7609,0.995,1.2292,1.4633,1.6974
acceleration,302,2.107142857142857,0,0,1,1,0,0,13.1696,13.1369,3,0.0585,0.2927,0.5268,0.7609,0.995,1.2292,1.4633,1.6974
acceleration,303,2.107142857142857,0,0,1,1,0,0,13.1696,13.2113,3,0.0585,0.2927,0.5268,0.7609,0.995,1.2292,1.4633,1.6974
acceleration,304,2.107142857142857,0,0,1,0,0,0,13.1696,13.0383,2,0.0585,0.2927,0.5268,0.7609,0.995,1.2292,1.4633,1.6974
acceleration,305,2.107142857142857,0,0,1,0,0,0,13.1696,13.4562,2,0.0585,0.2927,0.5268,0.7609,0.995,1.2292,1.4633,1.6974
acceleration,306,2.107142857142857,0,0,1,0,0,0,13.1696,13.2,1,0.0585,0.2927,0.5268,0.7609,0.995,1.2292,1.4633,1.6974
acceleration,307,2.107142857142857,0,0,1,1,0,0,13.1696,13.7094,3,0.0585,0.2927,0.5268,0.7609,0.995,1.2292,1.4633,1.6974
acceleration,308,2.107142857142857,0,0,1,1,0,0,13.1696,12.8269,3,0.0585,0.2927,0.5268,0.7609,0.995,1.2292,1.4633,1.6974
acceleration,309,2.107142857142857,0,0,1,0,0,0,13.1696,13.6237,2,0.0585,0.2927,0.5268,0.7609,0.995,1.2292,1.4633,1.6974
acceleration,310,2.107142857142857,0,0,1,1,0,0,13.1696,13.3073,3,0.0585,0.2927,0.5268,0.7609,0.995,1.2292,1.4633,1.6974
acceleration,311,2.107142857142857,0,0,1,0,0,0,13.1696,13.4024,2,0.0585,0.2927,0.5268,0.7609,0.995,1.2292,1.4633,1.6974
acceleration,312,2.261904761904762,0,0,1,0,0,0,14.1369,14.5297,2,0.0628,0.3142,0.5655,0.8168,1.0681,1.3194,1.5708,1.8221
acceleration,313,2.261904761904762,0,0,1,0,0,0,14.1369,14.1602,1,0.0628,0.3142,0.5655,0.8168,1.0681,1.3194,1.5708,1.8221
acceleration,314,2.261904761904762,0,0,1,0,0,0,14.1369,14.5551,1,0.0628,0.3142,0.5655,0.8168,1.0681,1.3194,1.5708,1.8221
acceleration,315,2.261904761904762,0,0,1,0,0,0,14.1369,14.3599,2,0.0628,0.3142,0.5655,0.8168,1.0681,1.3194,1.5708,1.8221
acceleration,316,2.261904761904762,0,0,1,1,0,0,14.1369,14.1595,4,0.0628,0.3142,0.5655,0.8168,1.0681,1.3194,1.5708,1.8221
acceleration,317,2.261904761904762,0,0,1,1,0,0,14.1369,14.253,3,0.0628,0.3142,0.5655,0.8168,1.0681,1.3194,1.5708,1.8221
acceleration,318,2.261904761904762,0,0,1,0,0,0,14.1369,13.995,1,0.0628,0.3142,0.5655,0.8168,1.0681,1.3194,1.5708,1.8221
acceleration,319,2.261904761904762,0,0,1,1,0,0,14.1369,13.8457,3,0.0628,0.3142,0.5655,0.8168,1.0681,1.3194,1.5708,1.8221
acceleration,320,2.261904761904762,0,0,1,1,0,0,14.1369,13.8001,3,0.0628,0.3142,0.5655,0.8168,1.0681,1.3194,1.5708,1.8221
acceleration,321,2.261904761904762,0,0,1,0,0,0,14.1369,13.9713,2,0.0628,0.3142,0.5655,0.8168,1.0681,1.3194,1.5708,1.8221
acceleration,322,2.261904761904762,0,0,1,0,0,0,14.1369,14.3182,1,0.0628,0.3142,0.5655,0.8168,1.0681,1.3194,1.5708,1.8221
acceleration,323,2.261904761904762,0,0,1,1,0,0,14.1369,13.8641,3,0.0628,0.3142,0.5655,0.8168,1.0681,1.3194,1.5708,1.8221
acceleration,324,2.261904761904762,0,0,1,1,0,0,14.1369,14.0852,3,0.0628,0.3142,0.5655,0.8168,1.0681,1.3194,1.5708,1.8221
acceleration,325,2.261904761904762,0,0,1,0,0,0,14.1369,14.4146,1,0.0628,0.3142,0.5655,0.8168,1.0681,1.3194,1.5708,1.8221
acceleration,326,2.261904761904762,0,0,1,0,0,0,14.1369,14.0901,2,0.0628,0.3142,0.5655,0.8168,1.0681,1.3194,1.5708,1.8221
acceleration,327,2.261904761904762,0,0,1,0,0,0,14.1369,14.1336,2,0.0628,0.3142,0.5655,0.8168,1.0681,1.3194,1.5708,1.8221
acceleration,328,2.261904761904762,0,0,1,0,0,0,14.1369,14.5733,1,0.0628,0.3142,0.5655,0.8168,1.0681,1.3194,1.5708,1.8221
acceleration,329,2.261904761904762,0,0,1,0,0,0,14.1369,14.1421,2,0.0628,0.3142,0.5655,0.8168,1.0681,1.3194,1.5708,1.8221
acceleration,330,2.261904761904762,0,0,1,0,0,0,14.1369,14.5327,2,0.0628,0.3142,0.5655,0.8168,1.0681,1.3194,1.5708,1.8221
acceleration,331,2.261904761904762,0,0,1,1,0,0,14.1369,14.2795,3,0.0628,0.3142,0.5655,0.8168,1.0681,1.3194,1.5708,1.8221
acceleration,332,2.261904761904762,0,0,1,0,0,0,14.1369,14.2019,2,0.0628,0.3142,0.5655,0.8168,1.0681,1.3194,1.5708,1.8221
acceleration,333,2.261904761904762,0,0,1,0,0,0,14.1369,15.2545,0,0.0628,0.3142,0.5655,0.8168,1.0681,1.3194,1.5708,1.8221
acceleration,334,2.261904761904762,0,0,1,1,0,0,14.1369,14.1414,3,0.0628,0.3142,0.5655,0.8168,1.0681,1.3194,1.5708,1.8221
acceleration,335,2.261904761904762,0,0,1,0,0,0,14.1369,13.6745,0,0.0628,0.3142,0.5655,0.8168,1.0681,1.3194,1.5708,1.8221
acceleration,336,2.416666666666667,0,0,1,1,0,0,15.1042,14.332,3,0.0671,0.3356,0.6042,0.8727,1.1412,1.4097,1.6782,1.9468
acceleration,337,2.416666666666667,0,0,1,0,0,0,15.1042,15.1128,2,0.0671,0.3356,0.6042,0.8727,1.1412,1.4097,1.6782,1.9468
acceleration,338,2.416666666666667,0,0,1,0,0,0,15.1042,14.8889,1,0.0671,0.3356,0.6042,0.8727,1.1412,1.4097,1.6782,1.9468
acceleration,339,2.416666666666667,0,0,1,1,0,0,15.1042,15.1998,3,0.0671,0.3356,0.6042,0.8727,1.1412,1.4097,1.6782,1.9468
acceleration,340,2.416666666666667,0,0,1,1,0,0,15.1042,14.4151,3,0.0671,0.3356,0.6042,0.8727,1.1412,1.4097,1.6782,1.9468
acceleration,341,2.416666666666667,0,0,1,0,0,0,15.1042,14.7763,2,0.0671,0.3356,0.6042,0.8727,1.1412,1.4097,1.6782,1.9468
acceleration,342,2.416666666666667,0,0,1,1,0,0,15.1042,15.0515,3,0.0671,0.3356,0.6042,0.8727,1.1412,1.4097,1.6782,1.9468
acceleration,343,2.416666666666667,0,0,1,0,0,0,15.1042,14.7873,2,0.0671,0.3356,0.6042,0.8727,1.1412,1.4097,1.6782,1.9468
acceleration,344,2.416666666666667,0,0,1,0,0,0,15.1042,15.3327,1,0.0671,0.3356,0.6042,0.8727,1.1412,1.4097,1.6782,1.9468
acceleration,345,2.416666666666667,0,0,1,0,0,0,15.1042,15.0006,2,0.0671,0.3356,0.6042,0.8727,1.1412,1.4097,1.6782,1.9468
acceleration,346,2.416666666666667,0,0,1,0,0,0,15.1042,14.9412,2,0.0671,0.3356,0.6042,0.8727,1.1412,1.4097,1.6782,1.9468
acceleration,347,2.416666666666667,0,0,1,1,0,0,15.1042,14.7902,3,0.0671,0.3356,0.6042,0.8727,1.1412,1.4097,1.6782,1.9468
acceleration,348,2.416666666666667,0,0,1,0,0,0,15.1042,15.2591,1,0.0671,0.3356,0.6042,0.8727,1.1412,1.4097,1.6782,1.9468
acceleration,349,2.416666666666667,0,0,1,1,0,0,15.1042,14.5462,3,0.0671,0.3356,0.6042,0.8727,1.1412,1.4097,1.6782,1.9468
acceleration,350,2.416666666666667,0,0,1,0,0,0,15.1042,14.8328,2,0.0671,0.3356,0.6042,0.8727,1.1412,1.4097,1.6782,1.9468
acceleration,351,2.416666666666667,0,0,1,0,0,0,15.1042,14.8396,2,0.0671,0.3356,0.6042,0.8727,1.1412,1.4097,1.6782,1.9468
acceleration,352,2.416666666666667,0,0,1,0,0,0,15.1042,15.3907,2,0.0671,0.3356,0.6042,0.8727,1.1412,1.4097,1.6782,1.9468
acceleration,353,2.416666666666667,0,0,1,0,0,0,15.1042,14.8954,1,0.0671,0.3356,0.6042,0.8727,1.1412,1.4097,1.6782,1.9468
acceleration,354,2.416666666666667,0,0,1,0,0,0,15.1042,15.2499,0,0.0671,0.3356,0.6042,0.8727,1.1412,1.4097,1.6782,1.9468
acceleration,355,2.416666666666667,0,0,1,0,0,0,15.1042,14.9564,0,0.0671,0.3356,0.6042,0.8727,1.1412,1.4097,1.6782,1.9468
acceleration,356,2.416666666666667,0,0,1,0,0,0,15.1042,14.9362,2,0.0671,0.3356,0.6042,0.8727,1.1412,1.4097,1.6782,1.9468
acceleration,357,2.416666666666667,0,0,1,0,0,0,15.1042,14.7751,2,0.0671,0.3356,0.6042,0.8727,1.1412,1.4097,1.6782,1.9468
acceleration,358,2.416666666666667,0,0,1,0,0,0,15.1042,15.1598,1,0.0671,0.3356,0.6042,0.8727,1.1412,1.4097,1.6782,1.9468
acceleration,359,2.416666666666667,0,0,1,0,0,0,15.1042,14.7575,2,0.0671,0.3356,0.6042,0.8727,1.1412,1.4097,1.6782,1.9468
acceleration,360,2.5714285714285716,0,0,0,0,0,0,16.0714,16.1535,1,0.0714,0.3571,0.6429,0.9286,1.2143,1.5,1.7857,2.0714
acceleration,361,2.5714285714285716,0,0,0,0,0,0,16.0714,15.8857,2,0.0714,0.3571,0.6429,0.9286,1.2143,1.5,1.7857,2.0714
acceleration,362,2.5714285714285716,0,0,0,0,0,0,16.0714,16.1221,1,0.0714,0.3571,0.6429,0.9286,1.2143,1.5,1.7857,2.0714
acceleration,363,2.5714285714285716,0,0,0,1,0,0,16.0714,16.0,3,0.0714,0.3571,0.6429,0.9286,1.2143,1.5,1.7857,2.0714
acceleration,364,2.5714285714285716,0,0,0,1,0,0,16.0714,15.6833,3,0.0714,0.3571,0.6429,0.9286,1.2143,1.5,1.7857,2.0714
acceleration,365,2.5714285714285716,0,0,0,0,0,0,16.0714,16.6701,2,0.0714,0.3571,0.6429,0.9286,1.2143,1.5,1.7857,2.0714
acceleration,366,2.5714285714285716,0,0,0,1,0,0,16.0714,16.0971,3,0.0714,0.3571,0.6429,0.9286,1.2143,1.5,1.7857,2.0714
acceleration,367,2.5714285714285716,0,0,0,0,0,0,16.0714,16.6682,0,0.0714,0.3571,0.6429,0.9286,1.2143,1.5,1.7857,2.0714
acceleration,368,2.5714285714285716,0,0,0,1,0,0,16.0714,15.6301,3,0.0714,0.3571,0.6429,0.9286,1.2143,1.5,1.7857,2.0714
acceleration,369,2.5714285714285716,0,0,0,1,0,0,16.0714,15.2479,3,0.0714,0.3571,0.6429,0.9286,1.2143,1.5,1.7857,2.0714
acceleration,370,2.5714285714285716,0,0,0,1,0,0,16.0714,15.5676,3,0.0714,0.3571,0.6429,0.9286,1.2143,1.5,1.7857,2.0714
acceleration,371,2.5714285714285716,0,0,0,0,0,0,16.0714,16.352,2,0.0714,0.3571,0.6429,0.9286,1.2143,1.5,1.7857,2.0714
acceleration,372,2.5714285714285716,0,0,0,0,0,0,16.0714,16.5182,1,0.0714,0.3571,0.6429,0.9286,1.2143,1.5,1.7857,2.0714
acceleration,373,2.5714285714285716,0,0,0,0,0,0,16.0714,16.4386,1,0.0714,0.3571,0.6429,0.9286,1.2143,1.5,1.7857,2.0714
acceleration,374,2.5714285714285716,0,0,0,0,0,0,16.0714,16.3482,0,0.0714,0.3571,0.6429,0.9286,1.2143,1.5,1.7857,2.0714
acceleration,375,2.5714285714285716,0,0,0,0,0,0,16.0714,16.2497,1,0.0714,0.3571,0.6429,0.9286,1.2143,1.5,1.7857,2.0714
acceleration,376,2.5714285714285716,0,0,0,1,0,0,16.0714,16.1438,3,0.0714,0.3571,0.6429,0.9286,1.2143,1.5,1.7857,2.0714
acceleration,377,2.5714285714285716,0,0,0,0,0,0,16.0714,16.5824,2,0.0714,0.3571,0.6429,0.9286,1.2143,1.5,1.7857,2.0714
acceleration,378,2.5714285714285716,0,0,0,0,0,0,16.0714,16.1399,2,0.0714,0.3571,0.6429,0.9286,1.2143,1.5,1.7857,2.0714
acceleration,379,2.5714285714285716,0,0,0,1,0,0,16.0714,15.9601,3,0.0714,0.3571,0.6429,0.9286,1.2143,1.5,1.7857,2.0714
acceleration,380,2.5714285714285716,0,0,0,1,0,0,16.0714,15.599,3,0.0714,0.3571,0.6429,0.9286,1.2143,1.5,1.7857,2.0714
acceleration,381,2.5714285714285716,0,0,0,0,0,0,16.0714,16.6304,1,0.0714,0.3571,0.6429,0.9286,1.2143,1.5,1.7857,2.0714
acceleration,382,2.5714285714285716,0,0,0,0,0,0,16.0714,16.1168,0,0.0714,0.3571,0.6429,0.9286,1.2143,1.5,1.7857,2.0714
acceleration,383,2.5714285714285716,0,0,0,0,0,0,16.0714,16.0382,2,0.0714,0.3571,0.6429,0.9286,1.2143,1.5,1.7857,2.0714
acceleration,384,2.7261904761904763,0,0,0,0,0,0,17.0387,17.0969,2,0.0757,0.3786,0.6815,0.9845,1.2874,1.5903,1.8932,2.1961
acceleration,385,2.7261904761904763,0,0,0,0,0,0,17.0387,17.1013,2,0.0757,0.3786,0.6815,0.9845,1.2874,1.5903,1.8932,2.1961
acceleration,386,2.7261904761904763,0,0,0,1,0,0,17.0387,16.5971,3,0.0757,0.3786,0.6815,0.9845,1.2874,1.5903,1.8932,2.1961
acceleration,387,2.7261904761904763,0,0,0,0,0,0,17.0387,17.038,2,0.0757,0.3786,0.6815,0.9845,1.2874,1.5903,1.8932,2.1961
acceleration,388,2.7261904761904763,0,0,0,0,0,0,17.0387,16.4775,1,0.0757,0.3786,0.6815,0.9845,1.2874,1.5903,1.8932,2.1961
acceleration,389,2.7261904761904763,0,0,0,1,0,0,17.0387,17.0073,3,0.0757,0.3786,0.6815,0.9845,1.2874,1.5903,1.8932,2.1961
acceleration,390,2.7261904761904763,0,0,0,1,0,0,17.0387,16.3166,3,0.0757,0.3786,0.6815,0.9845,1.2874,1.5903,1.8932,2.1961
acceleration,391,2.7261904761904763,0,0,0,0,0,0,17.0387,16.7861,2,0.0757,0.3786,0.6815,0.9845,1.2874,1.5903,1.8932,2.1961
acceleration,392,2.7261904761904763,0,0,0,0,0,0,17.0387,16.9949,2,0.0757,0.3786,0.6815,0.9845,1.2874,1.5903,1.8932,2.1961
acceleration,393,2.7261904761904763,0,0,0,0,0,0,17.0387,16.8304,2,0.0757,0.3786,0.6815,0.9845,1.2874,1.5903,1.8932,2.1961
acceleration,394,2.7261904761904763,0,0,0,1,0,0,17.0387,16.219,3,0.0757,0.3786,0.6815,0.9845,1.2874,1.5903,1.8932,2.1961
acceleration,395,2.7261904761904763,0,0,0,0,0,0,17.0387,17.0706,2,0.0757,0.3786,0.6815,0.9845,1.2874,1.5903,1.8932,2.1961
acceleration,396,2.7261904761904763,0,0,0,0,0,0,17.0387,17.4928,1,0.0757,0.3786,0.6815,0.9845,1.2874,1.5903,1.8932,2.1961
acceleration,397,2.7261904761904763,0,0,0,0,0,0,17.0387,17.2557,2,0.0757,0.3786,0.6815,0.9845,1.2874,1.5903,1.8932,2.1961
acceleration,398,2.7261904761904763,0,0,0,0,0,0,17.0387,17.2047,2,0.0757,0.3786,0.6815,0.9845,1.2874,1.5903,1.8932,2.1961
acceleration,399,2.7261904761904763,0,0,0,0,0,0,17.0387,17.0505,2,0.0757,0.3786,0.6815,0.9845,1.2874,1.5903,1.8932,2.1961
acceleration,400,2.7261904761904763,0,0,0,0,0,0,17.0387,17.1083,1,0.0757,0.3786,0.6815,0.9845,1.2874,1.5903,1.8932,2.1961
acceleration,401,2.7261904761904763,0,0,0,0,0,0,17.0387,16.9236,2,0.0757,0.3786,0.6815,0.9845,1.2874,1.5903,1.8932,2.1961
acceleration,402,2.7261904761904763,0,0,0,0,0,0,17.0387,16.6314,2,0.0757,0.3786,0.6815,0.9845,1.2874,1.5903,1.8932,2.1961
acceleration,403,2.7261904761904763,0,0,0,0,0,0,17.0387,17.2239,2,0.0757,0.3786,0.6815,0.9845,1.2874,1.5903,1.8932,2.1961
acceleration,404,2.7261904761904763,0,0,0,1,0,0,17.0387,17.0695,3,0.0757,0.3786,0.6815,0.9845,1.2874,1.5903,1.8932,2.1961
acceleration,405,2.7261904761904763,0,0,0,0,0,0,17.0387,17.0143,2,0.0757,0.3786,0.6815,0.9845,1.2874,1.5903,1.8932,2.1961
acceleration,406,2.7261904761904763,0,0,0,1,0,0,17.0387,16.4837,3,0.0757,0.3786,0.6815,0.9845,1.2874,1.5903,1.8932,2.1961
acceleration,407,2.7261904761904763,0,0,0,0,0,0,17.0387,17.8119,1,0.0757,0.3786,0.6815,0.9845,1.2874,1.5903,1.8932,2.1961
acceleration,408,2.880952380952381,0,0,0,0,0,0,18.006,18.0371,2,0.08,0.4001,0.7202,1.0403,1.3604,1.6806,2.0007,2.3208
acceleration,409,2.880952380952381,0,0,0,1,0,0,18.006,17.502,3,0.08,0.4001,0.7202,1.0403,1.3604,1.6806,2.0007,2.3208
acceleration,410,2.880952380952381,0,0,0,0,0,0,18.006,18.4552,2,0.08,0.4001,0.7202,1.0403,1.3604,1.6806,2.0007,2.3208
acceleration,411,2.880952380952381,0,0,0,0,0,0,18.006,18.2023,2,0.08,0.4001,0.7202,1.0403,1.3604,1.6806,2.0007,2.3208
acceleration,412,2.880952380952381,0,0,0,0,0,0,18.006,17.634,2,0.08,0.4001,0.7202,1.0403,1.3604,1.6806,2.0007,2.3208
acceleration,413,2.880952380952381,0,0,0,0,0,0,18.006,18.3546,2,0.08,0.4001,0.7202,1.0403,1.3604,1.6806,2.0007,2.3208
acceleration,414,2.880952380952381,0,0,0,0,0,0,18.006,18.6071,0,0.08,0.4001,0.7202,1.0403,1.3604,1.6806,2.0007,2.3208
acceleration,415,2.880952380952381,0,0,0,0,0,0,18.006,18.2325,2,0.08,0.4001,0.7202,1.0403,1.3604,1.6806,2.0007,2.3208
acceleration,416,2.880952380952381,0,0,0,0,0,0,18.006,18.4694,0,0.08,0.4001,0.7202,1.0403,1.3604,1.6806,2.0007,2.3208
acceleration,417,2.880952380952381,0,0,0,0,0,0,18.006,18.4737,1,0.08,0.4001,0.7202,1.0403,1.3604,1.6806,2.0007,2.3208
acceleration,418,2.880952380952381,0,0,0,0,0,0,18.006,18.0712,2,0.08,0.4001,0.7202,1.0403,1.3604,1.6806,2.0007,2.3208
acceleration,419,2.880952380952381,0,0,0,0,0,0,18.006,18.1292,2,0.08,0.4001,0.7202,1.0403,1.3604,1.6806,2.0007,2.3208
acceleration,420,2.880952380952381,0,0,0,0,0,0,18.006,17.8901,1,0.08,0.4001,0.7202,1.0403,1.3604,1.6806,2.0007,2.3208
acceleration,421,2.880952380952381,0,0,0,1,0,0,18.006,17.9916,3,0.08,0.4001,0.7202,1.0403,1.3604,1.6806,2.0007,2.3208
acceleration,422,2.880952380952381,0,0,0,0,0,0,18.006,18.3664,1,0.08,0.4001,0.7202,1.0403,1.3604,1.6806,2.0007,2.3208
acceleration,423,2.880952380952381,0,0,0,1,0,0,18.006,18.0883,3,0.08,0.4001,0.7202,1.0403,1.3604,1.6806,2.0007,2.3208
acceleration,424,2.880952380952381,0,0,0,0,0,0,18.006,18.0968,2,0.08,0.4001,0.7202,1.0403,1.3604,1.6806,2.0007,2.3208
acceleration,425,2.880952380952381,0,0,0,0,0,0,18.006,18.4659,2,0.08,0.4001,0.7202,1.0403,1.3604,1.6806,2.0007,2.3208
acceleration,426,2.880952380952381,0,0,0,1,0,0,18.006,17.8147,3,0.08,0.4001,0.7202,1.0403,1.3604,1.6806,2.0007,2.3208
acceleration,427,2.880952380952381,0,0,0,0,0,0,18.006,18.4269,1,0.08,0.4001,0.7202,1.0403,1.3604,1.6806,2.0007,2.3208
acceleration,428,2.880952380952381,0,0,0,0,0,0,18.006,18.1245,2,0.08,0.4001,0.7202,1.0403,1.3604,1.6806,2.0007,2.3208
acceleration,429,2.880952380952381,0,0,0,1,0,0,18.006,16.9989,3,0.08,0.4001,0.7202,1.0403,1.3604,1.6806,2.0007,2.3208
acceleration,430,2.880952380952381,0,0,0,0,0,0,18.006,18.9754,0,0.08,0.4001,0.7202,1.0403,1.3604,1.6806,2.0007,2.3208
acceleration,431,2.880952380952381,0,0,0,0,0,0,18.006,17.3278,2,0.08,0.4001,0.7202,1.0403,1.3604,1.6806,2.0007,2.3208
acceleration,432,3.0357142857142856,0,0,0,1,0,0,18.9732,18.2091,3,0.0843,0.4216,0.7589,1.0962,1.4335,1.7708,2.1081,2.4454
acceleration,433,3.0357142857142856,0,0,0,0,0,0,18.9732,18.7031,1,0.0843,0.4216,0.7589,1.0962,1.4335,1.7708,2.1081,2.4454
acceleration,434,3.0357142857142856,0,0,0,0,0,0,18.9732,19.0272,1,0.0843,0.4216,0.7589,1.0962,1.4335,1.7708,2.1081,2.4454
acceleration,435,3.0357142857142856,0,0,0,0,0,0,18.9732,18.9737,2,0.0843,0.4216,0.7589,1.0962,1.4335,1.7708,2.1081,2.4454
acceleration,436,3.0357142857142856,0,0,0,0,0,0,18.9732,19.2967,1,0.0843,0.4216,0.7589,1.0962,1.4335,1.7708,2.1081,2.4454
acceleration,437,3.0357142857142856,0,0,0,0,0,0,18.9732,19.1655,2,0.0843,0.4216,0.7589,1.0962,1.4335,1.7708,2.1081,2.4454
acceleration,438,3.0357142857142856,0,0,0,0,0,0,18.9732,19.357,1,0.0843,0.4216,0.7589,1.0962,1.4335,1.7708,2.1081,2.4454
acceleration,439,3.0357142857142856,0,0,0,0,0,0,18.9732,18.9708,2,0.0843,0.4216,0.7589,1.0962,1.4335,1.7708,2.1081,2.4454
acceleration,440,3.0357142857142856,0,0,0,0,0,0,18.9732,19.4911,2,0.0843,0.4216,0.7589,1.0962,1.4335,1.7708,2.1081,2.4454
acceleration,441,3.0357142857142856,0,0,0,1,0,0,18.9732,18.2972,3,0.0843,0.4216,0.7589,1.0962,1.4335,1.7708,2.1081,2.4454
acceleration,442,3.0357142857142856,0,0,0,0,0,0,18.9732,18.8629,2,0.0843,0.4216,0.7589,1.0962,1.4335,1.7708,2.1081,2.4454
acceleration,443,3.0357142857142856,0,0,0,1,0,0,18.9732,19.1965,3,0.0843,0.4216,0.7589,1.0962,1.4335,1.7708,2.1081,2.4454
acceleration,444,3.0357142857142856,0,0,0,0,0,0,18.9732,18.9184,0,0.0843,0.4216,0.7589,1.0962,1.4335,1.7708,2.1081,2.4454
acceleration,445,3.0357142857142856,0,0,0,0,0,0,18.9732,19.1848,2,0.0843,0.4216,0.7589,1.0962,1.4335,1.7708,2.1081,2.4454
acceleration,446,3.0357142857142856,0,0,0,0,0,0,18.9732,19.7504,1,0.0843,0.4216,0.7589,1.0962,1.4335,1.7708,2.1081,2.4454
acceleration,447,3.0357142857142856,0,0,0,0,0,0,18.9732,19.2222,2,0.0843,0.4216,0.7589,1.0962,1.4335,1.7708,2.1081,2.4454
acceleration,448,3.0357142857142856,0,0,0,0,0,0,18.9732,19.2023,1,0.0843,0.4216,0.7589,1.0962,1.4335,1.7708,2.1081,2.4454
acceleration,449,3.0357142857142856,0,0,0,1,0,0,18.9732,18.7059,3,0.0843,0.4216,0.7589,1.0962,1.4335,1.7708,2.1081,2.4454
acceleration,450,3.0357142857142856,0,0,0,0,0,0,18.9732,19.7728,1,0.0843,0.4216,0.7589,1.0962,1.4335,1.7708,2.1081,2.4454
acceleration,451,3.0357142857142856,0,0,0,0,0,0,18.9732,18.6737,1,0.0843,0.4216,0.7589,1.0962,1.4335,1.7708,2.1081,2.4454
acceleration,452,3.0357142857142856,0,0,0,0,0,0,18.9732,19.3846,0,0.0843,0.4216,0.7589,1.0962,1.4335,1.7708,2.1081,2.4454
acceleration,453,3.0357142857142856,0,0,0,0,0,0,18.9732,19.1284,2,0.0843,0.4216,0.7589,1.0962,1.4335,1.7708,2.1081,2.4454
acceleration,454,3.0357142857142856,0,0,0,0,0,0,18.9732,19.2965,1,0.0843,0.4216,0.7589,1.0962,1.4335,1.7708,2.1081,2.4454
acceleration,455,3.0357142857142856,0,0,0,0,0,0,18.9732,19.1013,2,0.0843,0.4216,0.7589,1.0962,1.4335,1.7708,2.1081,2.4454
acceleration,456,3.1904761904761907,0,0,0,0,0,0,19.9405,19.9758,1,0.0886,0.4431,0.7976,1.1521,1.5066,1.8611,2.2156,2.5701
acceleration,457,3.1904761904761907,0,0,0,0,0,0,19.9405,20.4016,2,0.0886,0.4431,0.7976,1.1521,1.5066,1.8611,2.2156,2.5701
acceleration,458,3.1904761904761907,0,0,0,0,0,0,19.9405,20.593,0,0.0886,0.4431,0.7976,1.1521,1.5066,1.8611,2.2156,2.5701
acceleration,459,3.1904761904761907,0,0,0,1,0,0,19.9405,19.356,3,0.0886,0.4431,0.7976,1.1521,1.5066,1.8611,2.2156,2.5701
acceleration,460,3.1904761904761907,0,0,0,1,0,0,19.9405,19.1707,3,0.0886,0.4431,0.7976,1.1521,1.5066,1.8611,2.2156,2.5701
acceleration,461,3.1904761904761907,0,0,0,0,0,0,19.9405,20.3794,0,0.0886,0.4431,0.7976,1.1521,1.5066,1.8611,2.2156,2.5701
acceleration,462,3.1904761904761907,0,0,0,0,0,0,19.9405,19.6242,2,0.0886,0.4431,0.7976,1.1521,1.5066,1.8611,2.2156,2.5701
acceleration,463,3.1904761904761907,0,0,0,1,0,0,19.9405,19.9943,3,0.0886,0.4431,0.7976,1.1521,1.5066,1.8611,2.2156,2.5701
acceleration,464,3.1904761904761907,0,0,0,0,0,0,19.9405,19.807,2,0.0886,0.4431,0.7976,1.1521,1.5066,1.8611,2.2156,2.5701
acceleration,465,3.1904761904761907,0,0,0,0,0,0,19.9405,20.2338,0,0.0886,0.4431,0.7976,1.1521,1.5066,1.8611,2.2156,2.5701
acceleration,466,3.1904761904761907,0,0,0,0,0,0,19.9405,20.0191,1,0.0886,0.4431,0.7976,1.1521,1.5066,1.8611,2.2156,2.5701
acceleration,467,3.1904761904761907,0,0,0,0,0,0,19.9405,19.7765,2,0.0886,0.4431,0.7976,1.1521,1.5066,1.8611,2.2156,2.5701
acceleration,468,3.1904761904761907,0,0,0,0,0,0,19.9405,20.5483,0,0.0886,0.4431,0.7976,1.1521,1.5066,1.8611,2.2156,2.5701
acceleration,469,3.1904761904761907,0,0,0,0,0,0,19.9405,20.3429,0,0.0886,0.4431,0.7976,1.1521,1.5066,1.8611,2.2156,2.5701
acceleration,470,3.1904761904761907,0,0,0,1,0,0,19.9405,19.8682,3,0.0886,0.4431,0.7976,1.1521,1.5066,1.8611,2.2156,2.5701
acceleration,471,3.1904761904761907,0,0,0,0,0,0,19.9405,19.7909,2,0.0886,0.4431,0.7976,1.1521,1.5066,1.8611,2.2156,2.5701
acceleration,472,3.1904761904761907,0,0,0,0,0,0,19.9405,19.911,1,0.0886,0.4431,0.7976,1.1521,1.5066,1.8611,2.2156,2.5701
acceleration,473,3.1904761904761907,0,0,0,0,0,0,19.9405,20.3988,1,0.0886,0.4431,0.7976,1.1521,1.5066,1.8611,2.2156,2.5701
acceleration,474,3.1904761904761907,0,0,0,0,0,0,19.9405,19.8315,2,0.0886,0.4431,0.7976,1.1521,1.5066,1.8611,2.2156,2.5701
acceleration,475,3.1904761904761907,0,0,0,0,0,0,19.9405,20.6092,1,0.0886,0.4431,0.7976,1.1521,1.5066,1.8611,2.2156,2.5701
acceleration,476,3.1904761904761907,0,0,0,0,0,0,19.9405,20.0433,2,0.0886,0.4431,0.7976,1.1521,1.5066,1.8611,2.2156,2.5701
acceleration,477,3.1904761904761907,0,0,0,0,0,0,19.9405,20.3002,0,0.0886,0.4431,0.7976,1.1521,1.5066,1.8611,2.2156,2.5701
acceleration,478,3.1904761904761907,0,0,0,0,0,0,19.9405,20.0916,0,0.0886,0.4431,0.7976,1.1521,1.5066,1.8611,2.2156,2.5701
acceleration,479,3.1904761904761907,0,0,0,0,0,0,19.9405,20.043,0,0.0886,0.4431,0.7976,1.1521,1.5066,1.8611,2.2156,2.5701
acceleration,480,3.3452380952380953,0,0,0,0,0,0,20.9077,21.5137,1,0.0929,0.4646,0.8363,1.208,1.5797,1.9514,2.3231,2.6948
acceleration,481,3.3452380952380953,0,0,0,0,0,0,20.9077,21.0002,2,0.0929,0.4646,0.8363,1.208,1.5797,1.9514,2.3231,2.6948
acceleration,482,3.3452380952380953,0,0,0,0,0,0,20.9077,20.8444,2,0.0929,0.4646,0.8363,1.208,1.5797,1.9514,2.3231,2.6948
acceleration,483,3.3452380952380953,0,0,0,0,0,0,20.9077,20.5666,1,0.0929,0.4646,0.8363,1.208,1.5797,1.9514,2.3231,2.6948
acceleration,484,3.3452380952380953,0,0,0,0,0,0,20.9077,21.0739,1,0.0929,0.4646,0.8363,1.208,1.5797,1.9514,2.3231,2.6948
acceleration,485,3.3452380952380953,0,0,0,0,0,0,20.9077,21.4186,1,0.0929,0.4646,0.8363,1.208,1.5797,1.9514,2.3231,2.6948
acceleration,486,3.3452380952380953,0,0,0,1,0,0,20.9077,20.767,3,0.0929,0.4646,0.8363,1.208,1.5797,1.9514,2.3231,2.6948
acceleration,487,3.3452380952380953,0,0,0,0,0,0,20.9077,21.145,1,0.0929,0.4646,0.8363,1.208,1.5797,1.9514,2.3231,2.6948
acceleration,488,3.3452380952380953,0,0,0,0,0,0,20.9077,20.5511,1,0.0929,0.4646,0.8363,1.208,1.5797,1.9514,2.3231,2.6948
acceleration,489,3.3452380952380953,0,0,0,0,0,0,20.9077,20.6639,2,0.0929,0.4646,0.8363,1.208,1.5797,1.9514,2.3231,2.6948
acceleration,490,3.3452380952380953,0,0,0,0,0,0,20.9077,20.6304,1,0.0929,0.4646,0.8363,1.208,1.5797,1.9514,2.3231,2.6948
acceleration,491,3.3452380952380953,0,0,0,1,0,0,20.9077,20.8934,3,0.0929,0.4646,0.8363,1.208,1.5797,1.9514,2.3231,2.6948
acceleration,492,3.3452380952380953,0,0,0,0,0,0,20.9077,20.6011,1,0.0929,0.4646,0.8363,1.208,1.5797,1.9514,2.3231,2.6948
acceleration,493,3.3452380952380953,0,0,0,0,0,0,20.9077,20.9046,1,0.0929,0.4646,0.8363,1.208,1.5797,1.9514,2.3231,2.6948
acceleration,494,3.3452380952380953,0,0,0,0,0,0,20.9077,20.3794,2,0.0929,0.4646,0.8363,1.208,1.5797,1.9514,2.3231,2.6948
acceleration,495,3.3452380952380953,0,0,0,0,0,0,20.9077,21.2603,0,0.0929,0.4646,0.8363,1.208,1.5797,1.9514,2.3231,2.6948
acceleration,496,3.3452380952380953,0,0,0,0,0,0,20.9077,20.5647,2,0.0929,0.4646,0.8363,1.208,1.5797,1.9514,2.3231,2.6948
acceleration,497,3.3452380952380953,0,0,0,0,0,0,20.9077,21.1533,2,0.0929,0.4646,0.8363,1.208,1.5797,1.9514,2.3231,2.6948
acceleration,498,3.3452380952380953,0,0,0,0,0,0,20.9077,21.0925,1,0.0929,0.4646,0.8363,1.208,1.5797,1.9514,2.3231,2.6948
acceleration,499,3.3452380952380953,0,0,0,0,0,0,20.9077,20.5616,0,0.0929,0.4646,0.8363,1.208,1.5797,1.9514,2.3231,2.6948
acceleration,500,3.3452380952380953,0,0,0,0,0,0,20.9077,20.9402,1,0.0929,0.4646,0.8363,1.208,1.5797,1.9514,2.3231,2.6948
acceleration,501,3.3452380952380953,0,0,0,0,0,0,20.9077,21.3864,1,0.0929,0.4646,0.8363,1.208,1.5797,1.9514,2.3231,2.6948
acceleration,502,3.3452380952380953,0,0,0,0,0,0,20.9077,21.1167,0,0.0929,0.4646,0.8363,1.208,1.5797,1.9514,2.3231,2.6948
acceleration,503,3.3452380952380953,0,0,0,1,0,0,20.9077,20.0647,3,0.0929,0.4646,0.8363,1.208,1.5797,1.9514,2.3231,2.6948
acceleration,504,3.5,0,0,0,0,0,0,21.875,22.3429,1,0.0972,0.4861,0.875,1.2639,1.6528,2.0417,2.4306,2.8194
acceleration,505,3.5,0,0,0,0,0,0,21.875,22.0,0,0.0972,0.4861,0.875,1.2639,1.6528,2.0417,2.4306,2.8194
acceleration,506,3.5,0,0,0,0,0,0,21.875,21.563,2,0.0972,0.4861,0.875,1.2639,1.6528,2.0417,2.4306,2.8194
acceleration,507,3.5,0,0,0,0,0,0,21.875,21.6396,2,0.0972,0.4861,0.875,1.2639,1.6528,2.0417,2.4306,2.8194
acceleration,508,3.5,0,0,0,0,0,0,21.875,22.1071,2,0.0972,0.4861,0.875,1.2639,1.6528,2.0417,2.4306,2.8194
acceleration,509,3.5,0,0,0,0,0,0,21.875,22.5534,1,0.0972,0.4861,0.875,1.2639,1.6528,2.0417,2.4306,2.8194
acceleration,510,3.5,0,0,0,0,0,0,21.875,22.0003,1,0.0972,0.4861,0.875,1.2639,1.6528,2.0417,2.4306,2.8194
acceleration,511,3.5,0,0,0,0,0,0,21.875,21.4172,2,0.0972,0.4861,0.875,1.2639,1.6528,2.0417,2.4306,2.8194
acceleration,512,3.5,0,0,0,0,0,0,21.875,21.6986,0,0.0972,0.4861,0.875,1.2639,1.6528,2.0417,2.4306,2.8194
acceleration,513,3.5,0,0,0,0,0,0,21.875,22.615,2,0.0972,0.4861,0.875,1.2639,1.6528,2.0417,2.4306,2.8194
acceleration,514,3.5,0,0,0,0,0,0,21.875,22.1715,0,0.0972,0.4861,0.875,1.2639,1.6528,2.0417,2.4306,2.8194
acceleration,515,3.5,0,0,0,0,0,0,21.875,21.6553,1,0.0972,0.4861,0.875,1.2639,1.6528,2.0417,2.4306,2.8194
acceleration,516,3.5,0,0,0,0,0,0,21.875,21.4615,1,0.0972,0.4861,0.875,1.2639,1.6528,2.0417,2.4306,2.8194
acceleration,517,3.5,0,0,0,0,0,0,21.875,21.9615,1,0.0972,0.4861,0.875,1.2639,1.6528,2.0417,2.4306,2.8194
acceleration,518,3.5,0,0,0,0,0,0,21.875,21.177,2,0.0972,0.4861,0.875,1.2639,1.6528,2.0417,2.4306,2.8194
acceleration,519,3.5,0,0,0,1,0,0,21.875,21.6374,3,0.0972,0.4861,0.875,1.2639,1.6528,2.0417,2.4306,2.8194
acceleration,520,3.5,0,0,0,0,0,0,21.875,22.3581,0,0.0972,0.4861,0.875,1.2639,1.6528,2.0417,2.4306,2.8194
acceleration,521,3.5,0,0,0,0,0,0,21.875,21.9941,2,0.0972,0.4861,0.875,1.2639,1.6528,2.0417,2.4306,2.8194
acceleration,522,3.5,0,0,0,0,0,0,21.875,21.4901,2,0.0972,0.4861,0.875,1.2639,1.6528,2.0417,2.4306,2.8194
acceleration,523,3.5,0,0,0,0,0,0,21.875,21.6222,2,0.0972,0.4861,0.875,1.2639,1.6528,2.0417,2.4306,2.8194
acceleration,524,3.5,0,0,0,0,0,0,21.875,22.1256,1,0.0972,0.4861,0.875,1.2639,1.6528,2.0417,2.4306,2.8194
acceleration,525,3.5,0,0,0,0,0,0,21.875,22.8532,1,0.0972,0.4861,0.875,1.2639,1.6528,2.0417,2.4306,2.8194
acceleration,526,3.5,0,0,0,0,0,0,21.875,22.0349,1,0.0972,0.4861,0.875,1.2639,1.6528,2.0417,2.4306,2.8194
acceleration,527,3.5,0,0,0,0,0,0,21.875,22.5306,0,0.0972,0.4861,0.875,1.2639,1.6528,2.0417,2.4306,2.8194
acceleration,528,3.654761904761905,0,0,0,0,0,0,22.8423,23.0028,2,0.1015,0.5076,0.9137,1.3198,1.7259,2.1319,2.538,2.9441
acceleration,529,3.654761904761905,0,0,0,0,0,0,22.8423,23.2094,1,0.1015,0.5076,0.9137,1.3198,1.7259,2.1319,2.538,2.9441
acceleration,530,3.654761904761905,0,0,0,0,0,0,22.8423,22.8439,2,0.1015,0.5076,0.9137,1.3198,1.7259,2.1319,2.538,2.9441
acceleration,531,3.654761904761905,0,0,0,0,0,0,22.8423,22.8427,1,0.1015,0.5076,0.9137,1.3198,1.7259,2.1319,2.538,2.9441
acceleration,532,3.654761904761905,0,0,0,0,0,0,22.8423,23.2464,1,0.1015,0.5076,0.9137,1.3198,1.7259,2.1319,2.538,2.9441
acceleration,533,3.654761904761905,0,0,0,0,0,0,22.8423,23.0746,2,0.1015,0.5076,0.9137,1.3198,1.7259,2.1319,2.538,2.9441
acceleration,534,3.654761904761905,0,0,0,0,0,0,22.8423,22.6396,2,0.1015,0.5076,0.9137,1.3198,1.7259,2.1319,2.538,2.9441
acceleration,535,3.654761904761905,0,0,0,0,0,0,22.8423,22.834,1,0.1015,0.5076,0.9137,1.3198,1.7259,2.1319,2.538,2.9441
acceleration,536,3.654761904761905,0,0,0,0,0,0,22.8423,23.4072,1,0.1015,0.5076,0.9137,1.3198,1.7259,2.1319,2.538,2.9441
acceleration,537,3.654761904761905,0,0,0,0,0,0,22.8423,22.7602,2,0.1015,0.5076,0.9137,1.3198,1.7259,2.1319,2.538,2.9441
acceleration,538,3.654761904761905,0,0,0,0,0,0,22.8423,22.7291,2,0.1015,0.5076,0.9137,1.3198,1.7259,2.1319,2.538,2.9441
acceleration,539,3.654761904761905,0,0,0,0,0,0,22.8423,23.1526,1,0.1015,0.5076,0.9137,1.3198,1.7259,2.1319,2.538,2.9441
acceleration,540,3.654761904761905,0,0,0,0,0,0,22.8423,22.8731,0,0.1015,0.5076,0.9137,1.3198,1.7259,2.1319,2.538,2.9441
acceleration,541,3.654761904761905,0,0,0,0,0,0,22.8423,22.782,2,0.1015,0.5076,0.9137,1.3198,1.7259,2.1319,2.538,2.9441
acceleration,542,3.654761904761905,0,0,0,0,0,0,22.8423,22.9401,1,0.1015,0.5076,0.9137,1.3198,1.7259,2.1319,2.538,2.9441
acceleration,543,3.654761904761905,0,0,0,0,0,0,22.8423,22.8056,2,0.1015,0.5076,0.9137,1.3198,1.7259,2.1319,2.538,2.9441
acceleration,544,3.654761904761905,0,0,0,0,0,0,22.8423,23.0803,1,0.1015,0.5076,0.9137,1.3198,1.7259,2.1319,2.538,2.9441
acceleration,545,3.654761904761905,0,0,0,0,0,0,22.8423,23.1458,1,0.1015,0.5076,0.9137,1.3198,1.7259,2.1319,2.538,2.9441
acceleration,546,3.654761904761905,0,0,0,0,0,0,22.8423,22.777,2,0.1015,0.5076,0.9137,1.3198,1.7259,2.1319,2.538,2.9441
acceleration,547,3.654761904761905,0,0,0,0,0,0,22.8423,22.8404,2,0.1015,0.5076,0.9137,1.3198,1.7259,2.1319,2.538,2.9441
acceleration,548,3.654761904761905,0,0,0,0,0,0,22.8423,22.6157,1,0.1015,0.5076,0.9137,1.3198,1.7259,2.1319,2.538,2.9441
acceleration,549,3.654761904761905,0,0,0,0,0,0,22.8423,23.0142,2,0.1015,0.5076,0.9137,1.3198,1.7259,2.1319,2.538,2.9441
acceleration,550,3.654761904761905,0,0,0,0,0,0,22.8423,23.2625,0,0.1015,0.5076,0.9137,1.3198,1.7259,2.1319,2.538,2.9441
acceleration,551,3.654761904761905,0,0,0,1,0,0,22.8423,21.901,3,0.1015,0.5076,0.9137,1.3198,1.7259,2.1319,2.538,2.9441
acceleration,552,3.8095238095238098,0,0,0,0,0,0,23.8095,23.3906,2,0.1058,0.5291,0.9524,1.3757,1.7989,2.2222,2.6455,3.0688
acceleration,553,3.8095238095238098,0,0,0,0,0,0,23.8095,23.5985,1,0.1058,0.5291,0.9524,1.3757,1.7989,2.2222,2.6455,3.0688
acceleration,554,3.8095238095238098,0,0,0,0,0,0,23.8095,24.1107,1,0.1058,0.5291,0.9524,1.3757,1.7989,2.2222,2.6455,3.0688
acceleration,555,3.8095238095238098,0,0,0,0,0,0,23.8095,23.9935,2,0.1058,0.5291,0.9524,1.3757,1.7989,2.2222,2.6455,3.0688
acceleration,556,3.8095238095238098,0,0,0,0,0,0,23.8095,23.0461,2,0.1058,0.5291,0.9524,1.3757,1.7989,2.2222,2.6455,3.0688
acceleration,557,3.8095238095238098,0,0,0,0,0,0,23.8095,23.2669,1,0.1058,0.5291,0.9524,1.3757,1.7989,2.2222,2.6455,3.0688
acceleration,558,3.8095238095238098,0,0,0,0,0,0,23.8095,23.417,2,0.1058,0.5291,0.9524,1.3757,1.7989,2.2222,2.6455,3.0688
acceleration,559,3.8095238095238098,0,0,0,0,0,0,23.8095,23.7818,2,0.1058,0.5291,0.9524,1.3757,1.7989,2.2222,2.6455,3.0688
acceleration,560,3.8095238095238098,0,0,0,0,0,0,23.8095,24.1418,1,0.1058,0.5291,0.9524,1.3757,1.7989,2.2222,2.6455,3.0688
acceleration,561,3.8095238095238098,0,0,0,0,0,0,23.8095,23.8998,1,0.1058,0.5291,0.9524,1.3757,1.7989,2.2222,2.6455,3.0688
acceleration,562,3.8095238095238098,0,0,0,0,0,0,23.8095,23.7392,0,0.1058,0.5291,0.9524,1.3757,1.7989,2.2222,2.6455,3.0688
acceleration,563,3.8095238095238098,0,0,0,0,0,0,23.8095,23.9486,1,0.1058,0.5291,0.9524,1.3757,1.7989,2.2222,2.6455,3.0688
acceleration,564,3.8095238095238098,0,0,0,0,0,0,23.8095,23.6396,2,0.1058,0.5291,0.9524,1.3757,1.7989,2.2222,2.6455,3.0688
acceleration,565,3.8095238095238098,0,0,0,0,0,0,23.8095,23.9149,2,0.1058,0.5291,0.9524,1.3757,1.7989,2.2222,2.6455,3.0688
acceleration,566,3.8095238095238098,0,0,0,0,0,0,23.8095,24.1322,1,0.1058,0.5291,0.9524,1.3757,1.7989,2.2222,2.6455,3.0688
acceleration,567,3.8095238095238098,0,0,0,0,0,0,23.8095,23.7818,1,0.1058,0.5291,0.9524,1.3757,1.7989,2.2222,2.6455,3.0688
acceleration,568,3.8095238095238098,0,0,0,0,0,0,23.8095,24.2731,0,0.1058,0.5291,0.9524,1.3757,1.7989,2.2222,2.6455,3.0688
acceleration,569,3.8095238095238098,0,0,0,0,0,0,23.8095,23.6239,2,0.1058,0.5291,0.9524,1.3757,1.7989,2.2222,2.6455,3.0688
acceleration,570,3.8095238095238098,0,0,0,0,0,0,23.8095,23.1033,2,0.1058,0.5291,0.9524,1.3757,1.7989,2.2222,2.6455,3.0688
acceleration,571,3.8095238095238098,0,0,0,0,0,0,23.8095,23.9162,1,0.1058,0.5291,0.9524,1.3757,1.7989,2.2222,2.6455,3.0688
acceleration,572,3.8095238095238098,0,0,0,0,0,0,23.8095,23.9037,0,0.1058,0.5291,0.9524,1.3757,1.7989,2.2222,2.6455,3.0688
acceleration,573,3.8095238095238098,0,0,0,0,0,0,23.8095,24.4918,1,0.1058,0.5291,0.9524,1.3757,1.7989,2.2222,2.6455,3.0688
acceleration,574,3.8095238095238098,0,0,0,0,0,0,23.8095,23.4159,1,0.1058,0.5291,0.9524,1.3757,1.7989,2.2222,2.6455,3.0688
acceleration,575,3.8095238095238098,0,0,0,0,0,0,23.8095,23.8,2,0.1058,0.5291,0.9524,1.3757,1.7989,2.2222,2.6455,3.0688
acceleration,576,3.9642857142857144,0,0,0,0,0,0,24.7768,24.7855,1,0.1101,0.5506,0.9911,1.4315,1.872,2.3125,2.753,3.1935
acceleration,577,3.9642857142857144,0,0,0,0,0,0,24.7768,23.9107,2,0.1101,0.5506,0.9911,1.4315,1.872,2.3125,2.753,3.1935
acceleration,578,3.9642857142857144,0,0,0,0,0,0,24.7768,24.4938,2,0.1101,0.5506,0.9911,1.4315,1.872,2.3125,2.753,3.1935
acceleration,579,3.9642857142857144,0,0,0,0,0,0,24.7768,24.7802,0,0.1101,0.5506,0.9911,1.4315,1.872,2.3125,2.753,3.1935
acceleration,580,3.9642857142857144,0,0,0,0,0,0,24.7768,24.9759,2,0.1101,0.5506,0.9911,1.4315,1.872,2.3125,2.753,3.1935
acceleration,581,3.9642857142857144,0,0,0,0,0,0,24.7768,25.0159,2,0.1101,0.5506,0.9911,1.4315,1.872,2.3125,2.753,3.1935
acceleration,582,3.9642857142857144,0,0,0,1,0,0,24.7768,24.3575,3,0.1101,0.5506,0.9911,1.4315,1.872,2.3125,2.753,3.1935
acceleration,583,3.9642857142857144,0,0,0,0,0,0,24.7768,24.6285,2,0.1101,0.5506,0.9911,1.4315,1.872,2.3125,2.753,3.1935
acceleration,584,3.9642857142857144,0,0,0,0,0,0,24.7768,24.9315,1,0.1101,0.5506,0.9911,1.4315,1.872,2.3125,2.753,3.1935
acceleration,585,3.9642857142857144,0,0,0,0,0,0,24.7768,24.602,2,0.1101,0.5506,0.9911,1.4315,1.872,2.3125,2.753,3.1935
acceleration,586,3.9642857142857144,0,0,0,0,0,0,24.7768,25.2943,1,0.1101,0.5506,0.9911,1.4315,1.872,2.3125,2.753,3.1935
acceleration,587,3.9642857142857144,0,0,0,0,0,0,24.7768,24.044,2,0.1101,0.5506,0.9911,1.4315,1.872,2.3125,2.753,3.1935
acceleration,588,3.9642857142857144,0,0,0,0,0,0,24.7768,25.1739,2,0.1101,0.5506,0.9911,1.4315,1.872,2.3125,2.753,3.1935
acceleration,589,3.9642857142857144,0,0,0,0,0,0,24.7768,24.994,1,0.1101,0.5506,0.9911,1.4315,1.872,2.3125,2.753,3.1935
acceleration,590,3.9642857142857144,0,0,0,0,0,0,24.7768,24.5436,1,0.1101,0.5506,0.9911,1.4315,1.872,2.3125,2.753,3.1935
acceleration,591,3.9642857142857144,0,0,0,1,0,0,24.7768,24.1356,3,0.1101,0.5506,0.9911,1.4315,1.872,2.3125,2.753,3.1935
acceleration,592,3.9642857142857144,0,0,0,0,0,0,24.7768,24.7576,1,0.1101,0.5506,0.9911,1.4315,1.872,2.3125,2.753,3.1935
acceleration,593,3.9642857142857144,0,0,0,1,0,0,24.7768,24.0833,3,0.1101,0.5506,0.9911,1.4315,1.872,2.3125,2.753,3.1935
acceleration,594,3.9642857142857144,0,0,0,0,0,0,24.7768,24.511,1,0.1101,0.5506,0.9911,1.4315,1.872,2.3125,2.753,3.1935
acceleration,595,3.9642857142857144,0,0,0,0,0,0,24.7768,24.7688,0,0.1101,0.5506,0.9911,1.4315,1.872,2.3125,2.753,3.1935
acceleration,596,3.9642857142857144,0,0,0,0,0,0,24.7768,25.1577,0,0.1101,0.5506,0.9911,1.4315,1.872,2.3125,2.753,3.1935
acceleration,597,3.9642857142857144,0,0,0,0,0,0,24.7768,25.1887,2,0.1101,0.5506,0.9911,1.4315,1.872,2.3125,2.753,3.1935
acceleration,598,3.9642857142857144,0,0,0,0,0,0,24.7768,25.2546,1,0.1101,0.5506,0.9911,1.4315,1.872,2.3125,2.753,3.1935
acceleration,599,3.9642857142857144,0,0,0,0,0,0,24.7768,25.0388,2,0.1101,0.5506,0.9911,1.4315,1.872,2.3125,2.753,3.1935
acceleration,600,4.119047619047619,0,0,0,0,0,0,25.744,26.3029,1,0.1144,0.5721,1.0298,1.4874,1.9451,2.4028,2.8604,3.3181
acceleration,601,4.119047619047619,0,0,0,0,0,0,25.744,25.9695,0,0.1144,0.5721,1.0298,1.4874,1.9451,2.4028,2.8604,3.3181
acceleration,602,4.119047619047619,0,0,0,0,0,0,25.744,24.9223,2,0.1144,0.5721,1.0298,1.4874,1.9451,2.4028,2.8604,3.3181
acceleration,603,4.119047619047619,0,0,0,0,0,0,25.744,25.9017,1,0.1144,0.5721,1.0298,1.4874,1.9451,2.4028,2.8604,3.3181
acceleration,604,4.119047619047619,0,0,0,0,0,0,25.744,25.8936,1,0.1144,0.5721,1.0298,1.4874,1.9451,2.4028,2.8604,3.3181
acceleration,605,4.119047619047619,0,0,0,0,0,0,25.744,25.9774,1,0.1144,0.5721,1.0298,1.4874,1.9451,2.4028,2.8604,3.3181
acceleration,606,4.119047619047619,0,0,0,0,0,0,25.744,25.8865,2,0.1144,0.5721,1.0298,1.4874,1.9451,2.4028,2.8604,3.3181
acceleration,607,4.119047619047619,0,0,0,0,0,0,25.744,25.7812,0,0.1144,0.5721,1.0298,1.4874,1.9451,2.4028,2.8604,3.3181
acceleration,608,4.119047619047619,0,0,0,0,0,0,25.744,26.1283,1,0.1144,0.5721,1.0298,1.4874,1.9451,2.4028,2.8604,3.3181
acceleration,609,4.119047619047619,0,0,0,0,0,0,25.744,25.6081,0,0.1144,0.5721,1.0298,1.4874,1.9451,2.4028,2.8604,3.3181
acceleration,610,4.119047619047619,0,0,0,1,0,0,25.744,25.5948,3,0.1144,0.5721,1.0298,1.4874,1.9451,2.4028,2.8604,3.3181
acceleration,611,4.119047619047619,0,0,0,0,0,0,25.744,25.4083,2,0.1144,0.5721,1.0298,1.4874,1.9451,2.4028,2.8604,3.3181
acceleration,612,4.119047619047619,0,0,0,0,0,0,25.744,26.1897,1,0.1144,0.5721,1.0298,1.4874,1.9451,2.4028,2.8604,3.3181
acceleration,613,4.119047619047619,0,0,0,1,0,0,25.744,25.4699,3,0.1144,0.5721,1.0298,1.4874,1.9451,2.4028,2.8604,3.3181
acceleration,614,4.119047619047619,0,0,0,0,0,0,25.744,26.0852,1,0.1144,0.5721,1.0298,1.4874,1.9451,2.4028,2.8604,3.3181
acceleration,615,4.119047619047619,0,0,0,0,0,0,25.744,25.4565,2,0.1144,0.5721,1.0298,1.4874,1.9451,2.4028,2.8604,3.3181
acceleration,616,4.119047619047619,0,0,0,1,0,0,25.744,25.5257,3,0.1144,0.5721,1.0298,1.4874,1.9451,2.4028,2.8604,3.3181
acceleration,617,4.119047619047619,0,0,0,0,0,0,25.744,26.0068,2,0.1144,0.5721,1.0298,1.4874,1.9451,2.4028,2.8604,3.3181
acceleration,618,4.119047619047619,0,0,0,0,0,0,25.744,25.0274,2,0.1144,0.5721,1.0298,1.4874,1.9451,2.4028,2.8604,3.3181
acceleration,619,4.119047619047619,0,0,0,0,0,0,25.744,26.0664,1,0.1144,0.5721,1.0298,1.4874,1.9451,2.4028,2.8604,3.3181
acceleration,620,4.119047619047619,0,0,0,0,0,0,25.744,25.9825,2,0.1144,0.5721,1.0298,1.4874,1.9451,2.4028,2.8604,3.3181
acceleration,621,4.119047619047619,0,0,0,0,0,0,25.744,25.9714,1,0.1144,0.5721,1.0298,1.4874,1.9451,2.4028,2.8604,3.3181
acceleration,622,4.119047619047619,0,0,0,0,0,0,25.744,26.0038,0,0.1144,0.5721,1.0298,1.4874,1.9451,2.4028,2.8604,3.3181
acceleration,623,4.119047619047619,0,0,0,0,0,0,25.744,26.0302,1,0.1144,0.5721,1.0298,1.4874,1.9451,2.4028,2.8604,3.3181
acceleration,624,4.273809523809524,0,0,0,0,0,0,26.7113,26.6655,2,0.1187,0.5936,1.0685,1.5433,2.0182,2.4931,2.9679,3.4428
acceleration,625,4.273809523809524,0,0,0,0,0,0,26.7113,26.8531,1,0.1187,0.5936,1.0685,1.5433,2.0182,2.4931,2.9679,3.4428
acceleration,626,4.273809523809524,0,0,0,0,0,0,26.7113,26.9287,1,0.1187,0.5936,1.0685,1.5433,2.0182,2.4931,2.9679,3.4428
acceleration,627,4.273809523809524,0,0,0,0,0,0,26.7113,26.8215,1,0.1187,0.5936,1.0685,1.5433,2.0182,2.4931,2.9679,3.4428
acceleration,628,4.273809523809524,0,0,0,0,0,0,26.7113,26.5945,1,0.1187,0.5936,1.0685,1.5433,2.0182,2.4931,2.9679,3.4428
acceleration,629,4.273809523809524,0,0,0,0,0,0,26.7113,26.15,2,0.1187,0.5936,1.0685,1.5433,2.0182,2.4931,2.9679,3.4428
acceleration,630,4.273809523809524,0,0,0,0,0,0,26.7113,26.8748,1,0.1187,0.5936,1.0685,1.5433,2.0182,2.4931,2.9679,3.4428
acceleration,631,4.273809523809524,0,0,0,0,0,0,26.7113,26.9402,1,0.1187,0.5936,1.0685,1.5433,2.0182,2.4931,2.9679,3.4428
acceleration,632,4.273809523809524,0,0,0,0,0,0,26.7113,26.4809,2,0.1187,0.5936,1.0685,1.5433,2.0182,2.4931,2.9679,3.4428
acceleration,633,4.273809523809524,0,0,0,0,0,0,26.7113,26.3387,2,0.1187,0.5936,1.0685,1.5433,2.0182,2.4931,2.9679,3.4428
acceleration,634,4.273809523809524,0,0,0,0,0,0,26.7113,26.931,2,0.1187,0.5936,1.0685,1.5433,2.0182,2.4931,2.9679,3.4428
acceleration,635,4.273809523809524,0,0,0,0,0,0,26.7113,26.0409,2,0.1187,0.5936,1.0685,1.5433,2.0182,2.4931,2.9679,3.4428
acceleration,636,4.273809523809524,0,0,0,0,0,0,26.7113,26.5439,1,0.1187,0.5936,1.0685,1.5433,2.0182,2.4931,2.9679,3.4428
acceleration,637,4.273809523809524,0,0,0,0,0,0,26.7113,26.9116,1,0.1187,0.5936,1.0685,1.5433,2.0182,2.4931,2.9679,3.4428
acceleration,638,4.273809523809524,0,0,0,0,0,0,26.7113,26.9038,2,0.1187,0.5936,1.0685,1.5433,2.0182,2.4931,2.9679,3.4428
acceleration,639,4.273809523809524,0,0,0,0,0,0,26.7113,27.2364,2,0.1187,0.5936,1.0685,1.5433,2.0182,2.4931,2.9679,3.4428
acceleration,640,4.273809523809524,0,0,0,0,0,0,26.7113,26.6721,1,0.1187,0.5936,1.0685,1.5433,2.0182,2.4931,2.9679,3.4428
acceleration,641,4.273809523809524,0,0,0,0,0,0,26.7113,25.9431,2,0.1187,0.5936,1.0685,1.5433,2.0182,2.4931,2.9679,3.4428
acceleration,642,4.273809523809524,0,0,0,0,0,0,26.7113,27.0773,0,0.1187,0.5936,1.0685,1.5433,2.0182,2.4931,2.9679,3.4428
acceleration,643,4.273809523809524,0,0,0,0,0,0,26.7113,26.2936,2,0.1187,0.5936,1.0685,1.5433,2.0182,2.4931,2.9679,3.4428
acceleration,644,4.273809523809524,0,0,0,0,0,0,26.7113,26.5591,1,0.1187,0.5936,1.0685,1.5433,2.0182,2.4931,2.9679,3.4428
acceleration,645,4.273809523809524,0,0,0,0,0,0,26.7113,26.9717,2,0.1187,0.5936,1.0685,1.5433,2.0182,2.4931,2.9679,3.4428
acceleration,646,4.273809523809524,0,0,0,0,0,0,26.7113,25.9995,2,0.1187,0.5936,1.0685,1.5433,2.0182,2.4931,2.9679,3.4428
acceleration,647,4.273809523809524,0,0,0,0,0,0,26.7113,26.3373,0,0.1187,0.5936,1.0685,1.5433,2.0182,2.4931,2.9679,3.4428
acceleration,648,4.428571428571429,0,0,0,0,0,0,27.6786,27.2871,2,0.123,0.6151,1.1071,1.5992,2.0913,2.5833,3.0754,3.5675
acceleration,649,4.428571428571429,0,0,0,0,0,0,27.6786,28.2742,0,0.123,0.6151,1.1071,1.5992,2.0913,2.5833,3.0754,3.5675
acceleration,650,4.428571428571429,0,0,0,0,0,0,27.6786,28.2077,0,0.123,0.6151,1.1071,1.5992,2.0913,2.5833,3.0754,3.5675
acceleration,651,4.428571428571429,0,0,0,0,0,0,27.6786,28.2598,0,0.123,0.6151,1.1071,1.5992,2.0913,2.5833,3.0754,3.5675
acceleration,652,4.428571428571429,0,0,0,0,0,0,27.6786,26.9216,2,0.123,0.6151,1.1071,1.5992,2.0913,2.5833,3.0754,3.5675
acceleration,653,4.428571428571429,0,0,0,0,0,0,27.6786,27.5749,1,0.123,0.6151,1.1071,1.5992,2.0913,2.5833,3.0754,3.5675
acceleration,654,4.428571428571429,0,0,0,0,0,0,27.6786,28.1235,1,0.123,0.6151,1.1071,1.5992,2.0913,2.5833,3.0754,3.5675
acceleration,655,4.428571428571429,0,0,0,0,0,0,27.6786,28.258,1,0.123,0.6151,1.1071,1.5992,2.0913,2.5833,3.0754,3.5675
acceleration,656,4.428571428571429,0,0,0,0,0,0,27.6786,27.1516,1,0.123,0.6151,1.1071,1.5992,2.0913,2.5833,3.0754,3.5675
acceleration,657,4.428571428571429,0,0,0,0,0,0,27.6786,27.3824,1,0.123,0.6151,1.1071,1.5992,2.0913,2.5833,3.0754,3.5675
acceleration,658,4.428571428571429,0,0,0,0,0,0,27.6786,27.6024,2,0.123,0.6151,1.1071,1.5992,2.0913,2.5833,3.0754,3.5675
acceleration,659,4.428571428571429,0,0,0,0,0,0,27.6786,28.2753,0,0.123,0.6151,1.1071,1.5992,2.0913,2.5833,3.0754,3.5675
acceleration,660,4.428571428571429,0,0,0,0,0,0,27.6786,27.1286,2,0.123,0.6151,1.1071,1.5992,2.0913,2.5833,3.0754,3.5675
acceleration,661,4.428571428571429,0,0,0,0,0,0,27.6786,27.4935,1,0.123,0.6151,1.1071,1.5992,2.0913,2.5833,3.0754,3.5675
acceleration,662,4.428571428571429,0,0,0,0,0,0,27.6786,27.2783,1,0.123,0.6151,1.1071,1.5992,2.0913,2.5833,3.0754,3.5675
acceleration,663,4.428571428571429,0,0,0,0,0,0,27.6786,28.0085,1,0.123,0.6151,1.1071,1.5992,2.0913,2.5833,3.0754,3.5675
acceleration,664,4.428571428571429,0,0,0,0,0,0,27.6786,28.1349,1,0.123,0.6151,1.1071,1.5992,2.0913,2.5833,3.0754,3.5675
acceleration,665,4.428571428571429,0,0,0,0,0,0,27.6786,28.0852,1,0.123,0.6151,1.1071,1.5992,2.0913,2.5833,3.0754,3.5675
acceleration,666,4.428571428571429,0,0,0,0,0,0,27.6786,27.1197,2,0.123,0.6151,1.1071,1.5992,2.0913,2.5833,3.0754,3.5675
acceleration,667,4.428571428571429,0,0,0,0,0,0,27.6786,26.7985,2,0.123,0.6151,1.1071,1.5992,2.0913,2.5833,3.0754,3.5675
acceleration,668,4.428571428571429,0,0,0,0,0,0,27.6786,27.7516,2,0.123,0.6151,1.1071,1.5992,2.0913,2.5833,3.0754,3.5675
acceleration,669,4.428571428571429,0,0,0,0,0,0,27.6786,27.5897,1,0.123,0.6151,1.1071,1.5992,2.0913,2.5833,3.0754,3.5675
acceleration,670,4.428571428571429,0,0,0,0,0,0,27.6786,28.0433,1,0.123,0.6151,1.1071,1.5992,2.0913,2.5833,3.0754,3.5675
acceleration,671,4.428571428571429,0,0,0,0,0,0,27.6786,28.2438,1,0.123,0.6151,1.1071,1.5992,2.0913,2.5833,3.0754,3.5675
acceleration,672,4.583333333333334,0,0,0,0,0,0,28.6458,29.0679,1,0.1273,0.6366,1.1458,1.6551,2.1644,2.6736,3.1829,3.6921
acceleration,673,4.583333333333334,0,0,0,0,0,0,28.6458,29.0799,0,0.1273,0.6366,1.1458,1.6551,2.1644,2.6736,3.1829,3.6921
acceleration,674,4.583333333333334,0,0,0,0,0,0,28.6458,29.4095,0,0.1273,0.6366,1.1458,1.6551,2.1644,2.6736,3.1829,3.6921
acceleration,675,4.583333333333334,0,0,0,0,0,0,28.6458,29.0951,0,0.1273,0.6366,1.1458,1.6551,2.1644,2.6736,3.1829,3.6921
acceleration,676,4.583333333333334,0,0,0,0,0,0,28.6458,28.3106,2,0.1273,0.6366,1.1458,1.6551,2.1644,2.6736,3.1829,3.6921
acceleration,677,4.583333333333334,0,0,0,0,0,0,28.6458,28.3912,1,0.1273,0.6366,1.1458,1.6551,2.1644,2.6736,3.1829,3.6921
acceleration,678,4.583333333333334,0,0,0,0,0,0,28.6458,29.3312,0,0.1273,0.6366,1.1458,1.6551,2.1644,2.6736,3.1829,3.6921
acceleration,679,4.583333333333334,0,0,0,0,0,0,28.6458,28.4151,2,0.1273,0.6366,1.1458,1.6551,2.1644,2.6736,3.1829,3.6921
acceleration,680,4.583333333333334,0,0,0,0,0,0,28.6458,28.3047,2,0.1273,0.6366,1.1458,1.6551,2.1644,2.6736,3.1829,3.6921
acceleration,681,4.583333333333334,0,0,0,0,0,0,28.6458,28.1257,2,0.1273,0.6366,1.1458,1.6551,2.1644,2.6736,3.1829,3.6921
acceleration,682,4.583333333333334,0,0,0,0,0,0,28.6458,28.0659,2,0.1273,0.6366,1.1458,1.6551,2.1644,2.6736,3.1829,3.6921
acceleration,683,4.583333333333334,0,0,0,0,0,0,28.6458,28.1634,2,0.1273,0.6366,1.1458,1.6551,2.1644,2.6736,3.1829,3.6921
acceleration,684,4.583333333333334,0,0,0,0,0,0,28.6458,28.0511,2,0.1273,0.6366,1.1458,1.6551,2.1644,2.6736,3.1829,3.6921
acceleration,685,4.583333333333334,0,0,0,0,0,0,28.6458,28.7009,2,0.1273,0.6366,1.1458,1.6551,2.1644,2.6736,3.1829,3.6921
acceleration,686,4.583333333333334,0,0,0,0,0,0,28.6458,28.88,0,0.1273,0.6366,1.1458,1.6551,2.1644,2.6736,3.1829,3.6921
acceleration,687,4.583333333333334,0,0,0,0,0,0,28.6458,29.2746,1,0.1273,0.6366,1.1458,1.6551,2.1644,2.6736,3.1829,3.6921
acceleration,688,4.583333333333334,0,0,0,0,0,0,28.6458,29.2122,1,0.1273,0.6366,1.1458,1.6551,2.1644,2.6736,3.1829,3.6921
acceleration,689,4.583333333333334,0,0,0,0,0,0,28.6458,28.4503,1,0.1273,0.6366,1.1458,1.6551,2.1644,2.6736,3.1829,3.6921
acceleration,690,4.583333333333334,0,0,0,0,0,0,28.6458,28.5084,2,0.1273,0.6366,1.1458,1.6551,2.1644,2.6736,3.1829,3.6921
acceleration,691,4.583333333333334,0,0,0,0,0,0,28.6458,28.5337,1,0.1273,0.6366,1.1458,1.6551,2.1644,2.6736,3.1829,3.6921
acceleration,692,4.583333333333334,0,0,0,0,0,0,28.6458,28.2742,2,0.1273,0.6366,1.1458,1.6551,2.1644,2.6736,3.1829,3.6921
acceleration,693,4.583333333333334,0,0,0,0,0,0,28.6458,28.5453,1,0.1273,0.6366,1.1458,1.6551,2.1644,2.6736,3.1829,3.6921
acceleration,694,4.583333333333334,0,0,0,0,0,0,28.6458,28.6209,1,0.1273,0.6366,1.1458,1.6551,2.1644,2.6736,3.1829,3.6921
acceleration,695,4.583333333333334,0,0,0,0,0,0,28.6458,28.4798,2,0.1273,0.6366,1.1458,1.6551,2.1644,2.6736,3.1829,3.6921
acceleration,696,4.738095238095238,0,0,0,0,0,0,29.6131,29.1865,2,0.1316,0.6581,1.1845,1.711,2.2374,2.7639,3.2903,3.8168
acceleration,697,4.738095238095238,0,0,0,0,0,0,29.6131,29.6865,1,0.1316,0.6581,1.1845,1.711,2.2374,2.7639,3.2903,3.8168
acceleration,698,4.738095238095238,0,0,0,0,0,0,29.6131,29.3464,2,0.1316,0.6581,1.1845,1.711,2.2374,2.7639,3.2903,3.8168
acceleration,699,4.738095238095238,0,0,0,0,0,0,29.6131,29.5913,1,0.1316,0.6581,1.1845,1.711,2.2374,2.7639,3.2903,3.8168
acceleration,700,4.738095238095238,0,0,0,0,0,0,29.6131,29.8435,1,0.1316,0.6581,1.1845,1.711,2.2374,2.7639,3.2903,3.8168
acceleration,701,4.738095238095238,0,0,0,0,0,0,29.6131,29.045,2,0.1316,0.6581,1.1845,1.711,2.2374,2.7639,3.2903,3.8168
acceleration,702,4.738095238095238,0,0,0,0,0,0,29.6131,29.074,2,0.1316,0.6581,1.1845,1.711,2.2374,2.7639,3.2903,3.8168
acceleration,703,4.738095238095238,0,0,0,0,0,0,29.6131,29.3937,0,0.1316,0.6581,1.1845,1.711,2.2374,2.7639,3.2903,3.8168
acceleration,704,4.738095238095238,0,0,0,0,0,0,29.6131,29.5168,2,0.1316,0.6581,1.1845,1.711,2.2374,2.7639,3.2903,3.8168
acceleration,705,4.738095238095238,0,0,0,0,0,0,29.6131,30.003,1,0.1316,0.6581,1.1845,1.711,2.2374,2.7639,3.2903,3.8168
acceleration,706,4.738095238095238,0,0,0,0,0,0,29.6131,30.425,0,0.1316,0.6581,1.1845,1.711,2.2374,2.7639,3.2903,3.8168
acceleration,707,4.738095238095238,0,0,0,0,0,0,29.6131,29.7586,1,0.1316,0.6581,1.1845,1.711,2.2374,2.7639,3.2903,3.8168
acceleration,708,4.738095238095238,0,0,0,0,0,0,29.6131,29.1729,2,0.1316,0.6581,1.1845,1.711,2.2374,2.7639,3.2903,3.8168
acceleration,709,4.738095238095238,0,0,0,0,0,0,29.6131,30.082,0,0.1316,0.6581,1.1845,1.711,2.2374,2.7639,3.2903,3.8168
acceleration,710,4.738095238095238,0,0,0,0,0,0,29.6131,29.7453,1,0.1316,0.6581,1.1845,1.711,2.2374,2.7639,3.2903,3.8168
acceleration,711,4.738095238095238,0,0,0,0,0,0,29.6131,30.5644,0,0.1316,0.6581,1.1845,1.711,2.2374,2.7639,3.2903,3.8168
acceleration,712,4.738095238095238,0,0,0,0,0,0,29.6131,29.1658,2,0.1316,0.6581,1.1845,1.711,2.2374,2.7639,3.2903,3.8168
acceleration,713,4.738095238095238,0,0,0,0,0,0,29.6131,29.7008,1,0.1316,0.6581,1.1845,1.711,2.2374,2.7639,3.2903,3.8168
acceleration,714,4.738095238095238,0,0,0,0,0,0,29.6131,30.0506,1,0.1316,0.6581,1.1845,1.711,2.2374,2.7639,3.2903,3.8168
acceleration,715,4.738095238095238,0,0,0,0,0,0,29.6131,29.5414,1,0.1316,0.6581,1.1845,1.711,2.2374,2.7639,3.2903,3.8168
acceleration,716,4.738095238095238,0,0,0,0,0,0,29.6131,29.899,1,0.1316,0.6581,1.1845,1.711,2.2374,2.7639,3.2903,3.8168
acceleration,717,4.738095238095238,0,0,0,0,0,0,29.6131,29.1531,2,0.1316,0.6581,1.1845,1.711,2.2374,2.7639,3.2903,3.8168
acceleration,718,4.738095238095238,0,0,0,0,0,0,29.6131,29.1767,1,0.1316,0.6581,1.1845,1.711,2.2374,2.7639,3.2903,3.8168
acceleration,719,4.738095238095238,0,0,0,0,0,0,29.6131,28.8508,2,0.1316,0.6581,1.1845,1.711,2.2374,2.7639,3.2903,3.8168
acceleration,720,4.892857142857143,0,0,0,0,0,0,30.5804,30.5377,1,0.1359,0.6796,1.2232,1.7669,2.3105,2.8542,3.3978,3.9415
acceleration,721,4.892857142857143,0,0,0,0,0,0,30.5804,30.4336,2,0.1359,0.6796,1.2232,1.7669,2.3105,2.8542,3.3978,3.9415
acceleration,722,4.892857142857143,0,0,0,0,0,0,30.5804,30.4905,2,0.1359,0.6796,1.2232,1.7669,2.3105,2.8542,3.3978,3.9415
acceleration,723,4.892857142857143,0,0,0,0,0,0,30.5804,30.1037,2,0.1359,0.6796,1.2232,1.7669,2.3105,2.8542,3.3978,3.9415
acceleration,724,4.892857142857143,0,0,0,0,0,0,30.5804,31.0228,1,0.1359,0.6796,1.2232,1.7669,2.3105,2.8542,3.3978,3.9415
acceleration,725,4.892857142857143,0,0,0,0,0,0,30.5804,30.458,2,0.1359,0.6796,1.2232,1.7669,2.3105,2.8542,3.3978,3.9415
acceleration,726,4.892857142857143,0,0,0,0,0,0,30.5804,29.9715,2,0.1359,0.6796,1.2232,1.7669,2.3105,2.8542,3.3978,3.9415
acceleration,727,4.892857142857143,0,0,0,0,0,0,30.5804,30.911,1,0.1359,0.6796,1.2232,1.7669,2.3105,2.8542,3.3978,3.9415
acceleration,728,4.892857142857143,0,0,0,0,0,0,30.5804,30.9516,1,0.1359,0.6796,1.2232,1.7669,2.3105,2.8542,3.3978,3.9415
acceleration,729,4.892857142857143,0,0,0,0,0,0,30.5804,30.1555,2,0.1359,0.6796,1.2232,1.7669,2.3105,2.8542,3.3978,3.9415
acceleration,730,4.892857142857143,0,0,0,0,0,0,30.5804,30.4774,1,0.1359,0.6796,1.2232,1.7669,2.3105,2.8542,3.3978,3.9415
acceleration,731,4.892857142857143,0,0,0,0,0,0,30.5804,29.9141,2,0.1359,0.6796,1.2232,1.7669,2.3105,2.8542,3.3978,3.9415
acceleration,732,4.892857142857143,0,0,0,0,0,0,30.5804,30.669,2,0.1359,0.6796,1.2232,1.7669,2.3105,2.8542,3.3978,3.9415
acceleration,733,4.892857142857143,0,0,0,0,0,0,30.5804,30.2777,1,0.1359,0.6796,1.2232,1.7669,2.3105,2.8542,3.3978,3.9415
acceleration,734,4.892857142857143,0,0,0,0,0,0,30.5804,29.727,2,0.1359,0.6796,1.2232,1.7669,2.3105,2.8542,3.3978,3.9415
acceleration,735,4.892857142857143,0,0,0,0,0,0,30.5804,30.4338,1,0.1359,0.6796,1.2232,1.7669,2.3105,2.8542,3.3978,3.9415
acceleration,736,4.892857142857143,0,0,0,0,0,0,30.5804,30.5666,1,0.1359,0.6796,1.2232,1.7669,2.3105,2.8542,3.3978,3.9415
acceleration,737,4.892857142857143,0,0,0,0,0,0,30.5804,29.7388,2,0.1359,0.6796,1.2232,1.7669,2.3105,2.8542,3.3978,3.9415
acceleration,738,4.892857142857143,0,0,0,0,0,0,30.5804,30.4455,1,0.1359,0.6796,1.2232,1.7669,2.3105,2.8542,3.3978,3.9415
acceleration,739,4.892857142857143,0,0,0,0,0,0,30.5804,31.1894,1,0.1359,0.6796,1.2232,1.7669,2.3105,2.8542,3.3978,3.9415
acceleration,740,4.892857142857143,0,0,0,0,0,0,30.5804,30.1549,1,0.1359,0.6796,1.2232,1.7669,2.3105,2.8542,3.3978,3.9415
acceleration,741,4.892857142857143,0,0,0,0,0,0,30.5804,30.5567,2,0.1359,0.6796,1.2232,1.7669,2.3105,2.8542,3.3978,3.9415
acceleration,742,4.892857142857143,0,0,0,0,0,0,30.5804,29.9631,2,0.1359,0.6796,1.2232,1.7669,2.3105,2.8542,3.3978,3.9415
acceleration,743,4.892857142857143,0,0,0,0,0,0,30.5804,30.6671,1,0.1359,0.6796,1.2232,1.7669,2.3105,2.8542,3.3978,3.9415
acceleration,744,5.0476190476190474,0,0,0,0,0,0,31.5476,32.1653,0,0.1402,0.7011,1.2619,1.8228,2.3836,2.9444,3.5053,4.0661
acceleration,745,5.0476190476190474,0,0,0,0,0,0,31.5476,30.9803,2,0.1402,0.7011,1.2619,1.8228,2.3836,2.9444,3.5053,4.0661
acceleration,746,5.0476190476190474,0,0,0,0,0,0,31.5476,30.8325,1,0.1402,0.7011,1.2619,1.8228,2.3836,2.9444,3.5053,4.0661
acceleration,747,5.0476190476190474,0,0,0,0,0,0,31.5476,32.0114,0,0.1402,0.7011,1.2619,1.8228,2.3836,2.9444,3.5053,4.0661
acceleration,748,5.0476190476190474,0,0,0,0,0,0,31.5476,31.7755,0,0.1402,0.7011,1.2619,1.8228,2.3836,2.9444,3.5053,4.0661
acceleration,749,5.0476190476190474,0,0,0,0,0,0,31.5476,31.0075,1,0.1402,0.7011,1.2619,1.8228,2.3836,2.9444,3.5053,4.0661
acceleration,750,5.0476190476190474,0,0,0,0,0,0,31.5476,32.0977,0,0.1402,0.7011,1.2619,1.8228,2.3836,2.9444,3.5053,4.0661
acceleration,751,5.0476190476190474,0,0,0,0,0,0,31.5476,31.3346,2,0.1402,0.7011,1.2619,1.8228,2.3836,2.9444,3.5053,4.0661
acceleration,752,5.0476190476190474,0,0,0,0,0,0,31.5476,32.0133,0,0.1402,0.7011,1.2619,1.8228,2.3836,2.9444,3.5053,4.0661
acceleration,753,5.0476190476190474,0,0,0,0,0,0,31.5476,31.6371,2,0.1402,0.7011,1.2619,1.8228,2.3836,2.9444,3.5053,4.0661
acceleration,754,5.0476190476190474,0,0,0,0,0,0,31.5476,31.5994,1,0.1402,0.7011,1.2619,1.8228,2.3836,2.9444,3.5053,4.0661
acceleration,755,5.0476190476190474,0,0,0,0,0,0,31.5476,31.8875,0,0.1402,0.7011,1.2619,1.8228,2.3836,2.9444,3.5053,4.0661
acceleration,756,5.0476190476190474,0,0,0,0,0,0,31.5476,32.36,1,0.1402,0.7011,1.2619,1.8228,2.3836,2.9444,3.5053,4.0661
acceleration,757,5.0476190476190474,0,0,0,0,0,0,31.5476,31.4788,1,0.1402,0.7011,1.2619,1.8228,2.3836,2.9444,3.5053,4.0661
acceleration,758,5.0476190476190474,0,0,0,0,0,0,31.5476,31.2504,2,0.1402,0.7011,1.2619,1.8228,2.3836,2.9444,3.5053,4.0661
acceleration,759,5.0476190476190474,0,0,0,0,0,0,31.5476,32.3604,1,0.1402,0.7011,1.2619,1.8228,2.3836,2.9444,3.5053,4.0661
acceleration,760,5.0476190476190474,0,0,0,0,0,0,31.5476,32.1722,1,0.1402,0.7011,1.2619,1.8228,2.3836,2.9444,3.5053,4.0661
acceleration,761,5.0476190476190474,0,0,0,0,0,0,31.5476,31.1103,1,0.1402,0.7011,1.2619,1.8228,2.3836,2.9444,3.5053,4.0661
acceleration,762,5.0476190476190474,0,0,0,0,0,0,31.5476,31.8271,2,0.1402,0.7011,1.2619,1.8228,2.3836,2.9444,3.5053,4.0661
acceleration,763,5.0476190476190474,0,0,0,0,0,0,31.5476,30.9487,2,0.1402,0.7011,1.2619,1.8228,2.3836,2.9444,3.5053,4.0661
acceleration,764,5.0476190476190474,0,0,0,0,0,0,31.5476,31.8219,1,0.1402,0.7011,1.2619,1.8228,2.3836,2.9444,3.5053,4.0661
acceleration,765,5.0476190476190474,0,0,0,0,0,0,31.5476,31.6289,1,0.1402,0.7011,1.2619,1.8228,2.3836,2.9444,3.5053,4.0661
acceleration,766,5.0476190476190474,0,0,0,0,0,0,31.5476,32.2022,0,0.1402,0.7011,1.2619,1.8228,2.3836,2.9444,3.5053,4.0661
acceleration,767,5.0476190476190474,0,0,0,0,0,0,31.5476,32.302,1,0.1402,0.7011,1.2619,1.8228,2.3836,2.9444,3.5053,4.0661
acceleration,768,5.2023809523809526,0,0,0,0,0,0,32.5149,32.8686,1,0.1445,0.7226,1.3006,1.8786,2.4567,3.0347,3.6128,4.1908
acceleration,769,5.2023809523809526,0,0,0,0,0,0,32.5149,32.6552,0,0.1445,0.7226,1.3006,1.8786,2.4567,3.0347,3.6128,4.1908
acceleration,770,5.2023809523809526,0,0,0,0,0,0,32.5149,32.3948,1,0.1445,0.7226,1.3006,1.8786,2.4567,3.0347,3.6128,4.1908
acceleration,771,5.2023809523809526,0,0,0,0,0,0,32.5149,32.1111,2,0.1445,0.7226,1.3006,1.8786,2.4567,3.0347,3.6128,4.1908
acceleration,772,5.2023809523809526,0,0,0,0,0,0,32.5149,32.3083,1,0.1445,0.7226,1.3006,1.8786,2.4567,3.0347,3.6128,4.1908
acceleration,773,5.2023809523809526,0,0,0,0,0,0,32.5149,32.7322,0,0.1445,0.7226,1.3006,1.8786,2.4567,3.0347,3.6128,4.1908
acceleration,774,5.2023809523809526,0,0,0,0,0,0,32.5149,32.8011,1,0.1445,0.7226,1.3006,1.8786,2.4567,3.0347,3.6128,4.1908
acceleration,775,5.2023809523809526,0,0,0,0,0,0,32.5149,32.3374,1,0.1445,0.7226,1.3006,1.8786,2.4567,3.0347,3.6128,4.1908
acceleration,776,5.2023809523809526,0,0,0,0,0,0,32.5149,32.5411,0,0.1445,0.7226,1.3006,1.8786,2.4567,3.0347,3.6128,4.1908
acceleration,777,5.2023809523809526,0,0,0,0,0,0,32.5149,32.3434,2,0.1445,0.7226,1.3006,1.8786,2.4567,3.0347,3.6128,4.1908
acceleration,778,5.2023809523809526,0,0,0,0,0,0,32.5149,32.5397,1,0.1445,0.7226,1.3006,1.8786,2.4567,3.0347,3.6128,4.1908
acceleration,779,5.2023809523809526,0,0,0,0,0,0,32.5149,32.6706,1,0.1445,0.7226,1.3006,1.8786,2.4567,3.0347,3.6128,4.1908
acceleration,780,5.2023809523809526,0,0,0,0,0,0,32.5149,32.7197,1,0.1445,0.7226,1.3006,1.8786,2.4567,3.0347,3.6128,4.1908
acceleration,781,5.2023809523809526,0,0,0,0,0,0,32.5149,33.2555,0,0.1445,0.7226,1.3006,1.8786,2.4567,3.0347,3.6128,4.1908
acceleration,782,5.2023809523809526,0,0,0,0,0,0,32.5149,32.4976,0,0.1445,0.7226,1.3006,1.8786,2.4567,3.0347,3.6128,4.1908
acceleration,783,5.2023809523809526,0,0,0,0,0,0,32.5149,31.7835,2,0.1445,0.7226,1.3006,1.8786,2.4567,3.0347,3.6128,4.1908
acceleration,784,5.2023809523809526,0,0,0,0,0,0,32.5149,31.9601,1,0.1445,0.7226,1.3006,1.8786,2.4567,3.0347,3.6128,4.1908
acceleration,785,5.2023809523809526,0,0,0,0,0,0,32.5149,32.2187,2,0.1445,0.7226,1.3006,1.8786,2.4567,3.0347,3.6128,4.1908
acceleration,786,5.2023809523809526,0,0,0,0,0,0,32.5149,32.3951,2,0.1445,0.7226,1.3006,1.8786,2.4567,3.0347,3.6128,4.1908
acceleration,787,5.2023809523809526,0,0,0,0,0,0,32.5149,32.1127,1,0.1445,0.7226,1.3006,1.8786,2.4567,3.0347,3.6128,4.1908
acceleration,788,5.2023809523809526,0,0,0,0,0,0,32.5149,32.5885,0,0.1445,0.7226,1.3006,1.8786,2.4567,3.0347,3.6128,4.1908
acceleration,789,5.2023809523809526,0,0,0,0,0,0,32.5149,32.0639,1,0.1445,0.7226,1.3006,1.8786,2.4567,3.0347,3.6128,4.1908
acceleration,790,5.2023809523809526,0,0,0,0,0,0,32.5149,32.7506,1,0.1445,0.7226,1.3006,1.8786,2.4567,3.0347,3.6128,4.1908
acceleration,791,5.2023809523809526,0,0,0,0,0,0,32.5149,32.2054,1,0.1445,0.7226,1.3006,1.8786,2.4567,3.0347,3.6128,4.1908
acceleration,792,5.357142857142858,0,0,0,0,0,0,33.4821,34.2295,0,0.1488,0.744,1.3393,1.9345,2.5298,3.125,3.7202,4.3155
acceleration,793,5.357142857142858,0,0,0,0,0,0,33.4821,33.3811,0,0.1488,0.744,1.3393,1.9345,2.5298,3.125,3.7202,4.3155
acceleration,794,5.357142857142858,0,0,0,0,0,0,33.4821,33.5087,2,0.1488,0.744,1.3393,1.9345,2.5298,3.125,3.7202,4.3155
acceleration,795,5.357142857142858,0,0,0,0,0,0,33.4821,32.5895,2,0.1488,0.744,1.3393,1.9345,2.5298,3.125,3.7202,4.3155
acceleration,796,5.357142857142858,0,0,0,0,0,0,33.4821,33.2829,2,0.1488,0.744,1.3393,1.9345,2.5298,3.125,3.7202,4.3155
acceleration,797,5.357142857142858,0,0,0,0,0,0,33.4821,33.9411,1,0.1488,0.744,1.3393,1.9345,2.5298,3.125,3.7202,4.3155
acceleration,798,5.357142857142858,0,0,0,0,0,0,33.4821,33.5948,1,0.1488,0.744,1.3393,1.9345,2.5298,3.125,3.7202,4.3155
acceleration,799,5.357142857142858,0,0,0,0,0,0,33.4821,32.6143,2,0.1488,0.744,1.3393,1.9345,2.5298,3.125,3.7202,4.3155
acceleration,800,5.357142857142858,0,0,0,0,0,0,33.4821,34.0979,1,0.1488,0.744,1.3393,1.9345,2.5298,3.125,3.7202,4.3155
acceleration,801,5.357142857142858,0,0,0,0,0,0,33.4821,33.6179,1,0.1488,0.744,1.3393,1.9345,2.5298,3.125,3.7202,4.3155
acceleration,802,5.357142857142858,0,0,0,0,0,0,33.4821,34.2799,1,0.1488,0.744,1.3393,1.9345,2.5298,3.125,3.7202,4.3155
acceleration,803,5.357142857142858,0,0,0,0,0,0,33.4821,33.876,2,0.1488,0.744,1.3393,1.9345,2.5298,3.125,3.7202,4.3155
acceleration,804,5.357142857142858,0,0,0,0,0,0,33.4821,34.0045,1,0.1488,0.744,1.3393,1.9345,2.5298,3.125,3.7202,4.3155
acceleration,805,5.357142857142858,0,0,0,0,0,0,33.4821,33.1597,2,0.1488,0.744,1.3393,1.9345,2.5298,3.125,3.7202,4.3155
acceleration,806,5.357142857142858,0,0,0,0,0,0,33.4821,34.0004,1,0.1488,0.744,1.3393,1.9345,2.5298,3.125,3.7202,4.3155
acceleration,807,5.357142857142858,0,0,0,0,0,0,33.4821,33.7764,0,0.1488,0.744,1.3393,1.9345,2.5298,3.125,3.7202,4.3155
acceleration,808,5.357142857142858,0,0,0,0,0,0,33.4821,34.1098,1,0.1488,0.744,1.3393,1.9345,2.5298,3.125,3.7202,4.3155
acceleration,809,5.357142857142858,0,0,0,0,0,0,33.4821,33.6583,2,0.1488,0.744,1.3393,1.9345,2.5298,3.125,3.7202,4.3155
acceleration,810,5.357142857142858,0,0,0,0,0,0,33.4821,33.403,1,0.1488,0.744,1.3393,1.9345,2.5298,3.125,3.7202,4.3155
acceleration,811,5.357142857142858,0,0,0,0,0,0,33.4821,32.5807,2,0.1488,0.744,1.3393,1.9345,2.5298,3.125,3.7202,4.3155
acceleration,812,5.357142857142858,0,0,0,0,0,0,33.4821,33.5068,2,0.1488,0.744,1.3393,1.9345,2.5298,3.125,3.7202,4.3155
acceleration,813,5.357142857142858,0,0,0,0,0,0,33.4821,33.9411,1,0.1488,0.744,1.3393,1.9345,2.5298,3.125,3.7202,4.3155
acceleration,814,5.357142857142858,0,0,0,0,0,0,33.4821,33.5721,1,0.1488,0.744,1.3393,1.9345,2.5298,3.125,3.7202,4.3155
acceleration,815,5.357142857142858,0,0,0,0,0,0,33.4821,33.5844,0,0.1488,0.744,1.3393,1.9345,2.5298,3.125,3.7202,4.3155
acceleration,816,5.511904761904762,0,0,0,0,0,0,34.4494,34.7212,1,0.1531,0.7655,1.378,1.9904,2.6028,3.2153,3.8277,4.4401
acceleration,817,5.511904761904762,0,0,0,0,0,0,34.4494,34.4909,0,0.1531,0.7655,1.378,1.9904,2.6028,3.2153,3.8277,4.4401
acceleration,818,5.511904761904762,0,0,0,0,0,0,34.4494,33.9836,2,0.1531,0.7655,1.378,1.9904,2.6028,3.2153,3.8277,4.4401
acceleration,819,5.511904761904762,0,0,0,0,0,0,34.4494,34.5941,1,0.1531,0.7655,1.378,1.9904,2.6028,3.2153,3.8277,4.4401
acceleration,820,5.511904761904762,0,0,0,0,0,0,34.4494,34.5357,0,0.1531,0.7655,1.378,1.9904,2.6028,3.2153,3.8277,4.4401
acceleration,821,5.511904761904762,0,0,0,0,0,0,34.4494,34.0588,2,0.1531,0.7655,1.378,1.9904,2.6028,3.2153,3.8277,4.4401
acceleration,822,5.511904761904762,0,0,0,0,0,0,34.4494,34.9641,1,0.1531,0.7655,1.378,1.9904,2.6028,3.2153,3.8277,4.4401
acceleration,823,5.511904761904762,0,0,0,0,0,0,34.4494,34.1355,2,0.1531,0.7655,1.378,1.9904,2.6028,3.2153,3.8277,4.4401
acceleration,824,5.511904761904762,0,0,0,0,0,0,34.4494,33.8921,2,0.1531,0.7655,1.378,1.9904,2.6028,3.2153,3.8277,4.4401
acceleration,825,5.511904761904762,0,0,0,0,0,0,34.4494,33.9369,2,0.1531,0.7655,1.378,1.9904,2.6028,3.2153,3.8277,4.4401
acceleration,826,5.511904761904762,0,0,0,0,0,0,34.4494,34.02,2,0.1531,0.7655,1.378,1.9904,2.6028,3.2153,3.8277,4.4401
acceleration,827,5.511904761904762,0,0,0,0,0,0,34.4494,34.0893,2,0.1531,0.7655,1.378,1.9904,2.6028,3.2153,3.8277,4.4401
acceleration,828,5.511904761904762,0,0,0,0,0,0,34.4494,34.5898,2,0.1531,0.7655,1.378,1.9904,2.6028,3.2153,3.8277,4.4401
acceleration,829,5.511904761904762,0,0,0,0,0,0,34.4494,34.1473,1,0.1531,0.7655,1.378,1.9904,2.6028,3.2153,3.8277,4.4401
acceleration,830,5.511904761904762,0,0,0,0,0,0,34.4494,34.5768,0,0.1531,0.7655,1.378,1.9904,2.6028,3.2153,3.8277,4.4401
acceleration,831,5.511904761904762,0,0,0,0,0,0,34.4494,34.8812,0,0.1531,0.7655,1.378,1.9904,2.6028,3.2153,3.8277,4.4401
acceleration,832,5.511904761904762,0,0,0,0,0,0,34.4494,34.6478,2,0.1531,0.7655,1.378,1.9904,2.6028,3.2153,3.8277,4.4401
acceleration,833,5.511904761904762,0,0,0,0,0,0,34.4494,34.3623,2,0.1531,0.7655,1.378,1.9904,2.6028,3.2153,3.8277,4.4401
acceleration,834,5.511904761904762,0,0,0,0,0,0,34.4494,34.6784,1,0.1531,0.7655,1.378,1.9904,2.6028,3.2153,3.8277,4.4401
acceleration,835,5.511904761904762,0,0,0,0,0,0,34.4494,34.4246,1,0.1531,0.7655,1.378,1.9904,2.6028,3.2153,3.8277,4.4401
acceleration,836,5.511904761904762,0,0,0,0,0,0,34.4494,33.6645,2,0.1531,0.7655,1.378,1.9904,2.6028,3.2153,3.8277,4.4401
acceleration,837,5.511904761904762,0,0,0,0,0,0,34.4494,34.8751,1,0.1531,0.7655,1.378,1.9904,2.6028,3.2153,3.8277,4.4401
acceleration,838,5.511904761904762,0,0,0,0,0,0,34.4494,33.9775,0,0.1531,0.7655,1.378,1.9904,2.6028,3.2153,3.8277,4.4401
acceleration,839,5.511904761904762,0,0,0,0,0,0,34.4494,34.2639,2,0.1531,0.7655,1.378,1.9904,2.6028,3.2153,3.8277,4.4401
acceleration,840,5.666666666666667,0,0,0,0,0,0,35.4167,35.7282,1,0.1574,0.787,1.4167,2.0463,2.6759,3.3056,3.9352,4.5648
acceleration,841,5.666666666666667,0,0,0,0,0,0,35.4167,34.7013,2,0.1574,0.787,1.4167,2.0463,2.6759,3.3056,3.9352,4.5648
acceleration,842,5.666666666666667,0,0,0,0,0,0,35.4167,36.1433,1,0.1574,0.787,1.4167,2.0463,2.6759,3.3056,3.9352,4.5648
acceleration,843,5.666666666666667,0,0,0,0,0,0,35.4167,35.8097,1,0.1574,0.787,1.4167,2.0463,2.6759,3.3056,3.9352,4.5648
acceleration,844,5.666666666666667,0,0,0,0,0,0,35.4167,36.2215,0,0.1574,0.787,1.4167,2.0463,2.6759,3.3056,3.9352,4.5648
acceleration,845,5.666666666666667,0,0,0,0,0,0,35.4167,35.5841,0,0.1574,0.787,1.4167,2.0463,2.6759,3.3056,3.9352,4.5648
acceleration,846,5.666666666666667,0,0,0,0,0,0,35.4167,36.15,1,0.1574,0.787,1.4167,2.0463,2.6759,3.3056,3.9352,4.5648
acceleration,847,5.666666666666667,0,0,0,0,0,0,35.4167,35.983,1,0.1574,0.787,1.4167,2.0463,2.6759,3.3056,3.9352,4.5648
acceleration,848,5.666666666666667,0,0,0,0,0,0,35.4167,35.395,1,0.1574,0.787,1.4167,2.0463,2.6759,3.3056,3.9352,4.5648
acceleration,849,5.666666666666667,0,0,0,0,0,0,35.4167,34.6699,2,0.1574,0.787,1.4167,2.0463,2.6759,3.3056,3.9352,4.5648
acceleration,850,5.666666666666667,0,0,0,0,0,0,35.4167,36.0729,0,0.1574,0.787,1.4167,2.0463,2.6759,3.3056,3.9352,4.5648
acceleration,851,5.666666666666667,0,0,0,0,0,0,35.4167,34.5413,2,0.1574,0.787,1.4167,2.0463,2.6759,3.3056,3.9352,4.5648
acceleration,852,5.666666666666667,0,0,0,0,0,0,35.4167,34.8093,2,0.1574,0.787,1.4167,2.0463,2.6759,3.3056,3.9352,4.5648
acceleration,853,5.666666666666667,0,0,0,0,0,0,35.4167,35.5799,1,0.1574,0.787,1.4167,2.0463,2.6759,3.3056,3.9352,4.5648
acceleration,854,5.666666666666667,0,0,0,0,0,0,35.4167,35.3971,1,0.1574,0.787,1.4167,2.0463,2.6759,3.3056,3.9352,4.5648
acceleration,855,5.666666666666667,0,0,0,0,0,0,35.4167,35.3575,1,0.1574,0.787,1.4167,2.0463,2.6759,3.3056,3.9352,4.5648
acceleration,856,5.666666666666667,0,0,0,0,0,0,35.4167,35.7269,1,0.1574,0.787,1.4167,2.0463,2.6759,3.3056,3.9352,4.5648
acceleration,857,5.666666666666667,0,0,0,0,0,0,35.4167,35.7803,1,0.1574,0.787,1.4167,2.0463,2.6759,3.3056,3.9352,4.5648
acceleration,858,5.666666666666667,0,0,0,0,0,0,35.4167,35.3642,1,0.1574,0.787,1.4167,2.0463,2.6759,3.3056,3.9352,4.5648
acceleration,859,5.666666666666667,0,0,0,0,0,0,35.4167,35.3581,1,0.1574,0.787,1.4167,2.0463,2.6759,3.3056,3.9352,4.5648
acceleration,860,5.666666666666667,0,0,0,0,0,0,35.4167,36.2134,0,0.1574,0.787,1.4167,2.0463,2.6759,3.3056,3.9352,4.5648
acceleration,861,5.666666666666667,0,0,0,0,0,0,35.4167,35.4967,0,0.1574,0.787,1.4167,2.0463,2.6759,3.3056,3.9352,4.5648
acceleration,862,5.666666666666667,0,0,0,0,0,0,35.4167,35.2846,2,0.1574,0.787,1.4167,2.0463,2.6759,3.3056,3.9352,4.5648
acceleration,863,5.666666666666667,0,0,0,0,0,0,35.4167,35.9945,1,0.1574,0.787,1.4167,2.0463,2.6759,3.3056,3.9352,4.5648
acceleration,864,5.821428571428571,0,0,0,0,0,0,36.3839,36.7696,1,0.1617,0.8085,1.4554,2.1022,2.749,3.3958,4.0427,4.6895
acceleration,865,5.821428571428571,0,0,0,0,0,0,36.3839,36.21,1,0.1617,0.8085,1.4554,2.1022,2.749,3.3958,4.0427,4.6895
acceleration,866,5.821428571428571,0,0,0,0,0,0,36.3839,36.796,0,0.1617,0.8085,1.4554,2.1022,2.749,3.3958,4.0427,4.6895
acceleration,867,5.821428571428571,0,0,0,0,0,0,36.3839,36.2142,1,0.1617,0.8085,1.4554,2.1022,2.749,3.3958,4.0427,4.6895
acceleration,868,5.821428571428571,0,0,0,0,0,0,36.3839,37.0854,0,0.1617,0.8085,1.4554,2.1022,2.749,3.3958,4.0427,4.6895
acceleration,869,5.821428571428571,0,0,0,0,0,0,36.3839,36.2754,2,0.1617,0.8085,1.4554,2.1022,2.749,3.3958,4.0427,4.6895
acceleration,870,5.821428571428571,0,0,0,0,0,0,36.3839,36.9875,0,0.1617,0.8085,1.4554,2.1022,2.749,3.3958,4.0427,4.6895
acceleration,871,5.821428571428571,0,0,0,0,0,0,36.3839,36.072,2,0.1617,0.8085,1.4554,2.1022,2.749,3.3958,4.0427,4.6895
acceleration,872,5.821428571428571,0,0,0,0,0,0,36.3839,36.7916,0,0.1617,0.8085,1.4554,2.1022,2.749,3.3958,4.0427,4.6895
acceleration,873,5.821428571428571,0,0,0,0,0,0,36.3839,36.28,1,0.1617,0.8085,1.4554,2.1022,2.749,3.3958,4.0427,4.6895
acceleration,874,5.821428571428571,0,0,0,0,0,0,36.3839,35.8056,2,0.1617,0.8085,1.4554,2.1022,2.749,3.3958,4.0427,4.6895
acceleration,875,5.821428571428571,0,0,0,0,0,0,36.3839,36.7654,0,0.1617,0.8085,1.4554,2.1022,2.749,3.3958,4.0427,4.6895
acceleration,876,5.821428571428571,0,0,0,0,0,0,36.3839,36.153,2,0.1617,0.8085,1.4554,2.1022,2.749,3.3958,4.0427,4.6895
acceleration,877,5.821428571428571,0,0,0,0,0,0,36.3839,36.3433,1,0.1617,0.8085,1.4554,2.1022,2.749,3.3958,4.0427,4.6895
acceleration,878,5.821428571428571,0,0,0,0,0,0,36.3839,36.6297,1,0.1617,0.8085,1.4554,2.1022,2.749,3.3958,4.0427,4.6895
acceleration,879,5.821428571428571,0,0,0,0,0,0,36.3839,36.8782,0,0.1617,0.8085,1.4554,2.1022,2.749,3.3958,4.0427,4.6895
acceleration,880,5.821428571428571,0,0,0,0,0,0,36.3839,35.8645,2,0.1617,0.8085,1.4554,2.1022,2.749,3.3958,4.0427,4.6895
acceleration,881,5.821428571428571,0,0,0,0,0,0,36.3839,36.1754,1,0.1617,0.8085,1.4554,2.1022,2.749,3.3958,4.0427,4.6895
acceleration,882,5.821428571428571,0,0,0,0,0,0,36.3839,37.5225,1,0.1617,0.8085,1.4554,2.1022,2.749,3.3958,4.0427,4.6895
acceleration,883,5.821428571428571,0,0,0,0,0,0,36.3839,36.1921,1,0.1617,0.8085,1.4554,2.1022,2.749,3.3958,4.0427,4.6895
acceleration,884,5.821428571428571,0,0,0,0,0,0,36.3839,37.1085,1,0.1617,0.8085,1.4554,2.1022,2.749,3.3958,4.0427,4.6895
acceleration,885,5.821428571428571,0,0,0,0,0,0,36.3839,36.1771,1,0.1617,0.8085,1.4554,2.1022,2.749,3.3958,4.0427,4.6895
acceleration,886,5.821428571428571,0,0,0,0,0,0,36.3839,36.0785,1,0.1617,0.8085,1.4554,2.1022,2.749,3.3958,4.0427,4.6895
acceleration,887,5.821428571428571,0,0,0,0,0,0,36.3839,37.073,0,0.1617,0.8085,1.4554,2.1022,2.749,3.3958,4.0427,4.6895
acceleration,888,5.976190476190476,0,0,0,0,0,0,37.3512,37.0215,0,0.166,0.83,1.494,2.1581,2.8221,3.4861,4.1501,4.8142
acceleration,889,5.976190476190476,0,0,0,0,0,0,37.3512,38.0,0,0.166,0.83,1.494,2.1581,2.8221,3.4861,4.1501,4.8142
acceleration,890,5.976190476190476,0,0,0,0,0,0,37.3512,37.6414,1,0.166,0.83,1.494,2.1581,2.8221,3.4861,4.1501,4.8142
acceleration,891,5.976190476190476,0,0,0,0,0,0,37.3512,37.3955,0,0.166,0.83,1.494,2.1581,2.8221,3.4861,4.1501,4.8142
acceleration,892,5.976190476190476,0,0,0,0,0,0,37.3512,37.29,1,0.166,0.83,1.494,2.1581,2.8221,3.4861,4.1501,4.8142
acceleration,893,5.976190476190476,0,0,0,0,0,0,37.3512,36.7794,2,0.166,0.83,1.494,2.1581,2.8221,3.4861,4.1501,4.8142
acceleration,894,5.976190476190476,0,0,0,0,0,0,37.3512,37.0217,1,0.166,0.83,1.494,2.1581,2.8221,3.4861,4.1501,4.8142
acceleration,895,5.976190476190476,0,0,0,0,0,0,37.3512,37.5932,1,0.166,0.83,1.494,2.1581,2.8221,3.4861,4.1501,4.8142
acceleration,896,5.976190476190476,0,0,0,0,0,0,37.3512,37.6086,1,0.166,0.83,1.494,2.1581,2.8221,3.4861,4.1501,4.8142
acceleration,897,5.976190476190476,0,0,0,0,0,0,37.3512,37.4569,1,0.166,0.83,1.494,2.1581,2.8221,3.4861,4.1501,4.8142
acceleration,898,5.976190476190476,0,0,0,0,0,0,37.3512,36.6053,2,0.166,0.83,1.494,2.1581,2.8221,3.4861,4.1501,4.8142
acceleration,899,5.976190476190476,0,0,0,0,0,0,37.3512,37.6093,1,0.166,0.83,1.494,2.1581,2.8221,3.4861,4.1501,4.8142
acceleration,900,5.976190476190476,0,0,0,0,0,0,37.3512,37.0478,1,0.166,0.83,1.494,2.1581,2.8221,3.4861,4.1501,4.8142
acceleration,901,5.976190476190476,0,0,0,0,0,0,37.3512,37.8312,1,0.166,0.83,1.494,2.1581,2.8221,3.4861,4.1501,4.8142
acceleration,902,5.976190476190476,0,0,0,0,0,0,37.3512,37.2496,1,0.166,0.83,1.494,2.1581,2.8221,3.4861,4.1501,4.8142
acceleration,903,5.976190476190476,0,0,0,0,0,0,37.3512,38.2488,0,0.166,0.83,1.494,2.1581,2.8221,3.4861,4.1501,4.8142
acceleration,904,5.976190476190476,0,0,0,0,0,0,37.3512,37.2398,2,0.166,0.83,1.494,2.1581,2.8221,3.4861,4.1501,4.8142
acceleration,905,5.976190476190476,0,0,0,0,0,0,37.3512,36.9574,1,0.166,0.83,1.494,2.1581,2.8221,3.4861,4.1501,4.8142
acceleration,906,5.976190476190476,0,0,0,0,0,0,37.3512,37.628,1,0.166,0.83,1.494,2.1581,2.8221,3.4861,4.1501,4.8142
acceleration,907,5.976190476190476,0,0,0,0,0,0,37.3512,37.3741,1,0.166,0.83,1.494,2.1581,2.8221,3.4861,4.1501,4.8142
acceleration,908,5.976190476190476,0,0,0,0,0,0,37.3512,38.1859,0,0.166,0.83,1.494,2.1581,2.8221,3.4861,4.1501,4.8142
acceleration,909,5.976190476190476,0,0,0,0,0,0,37.3512,37.2086,1,0.166,0.83,1.494,2.1581,2.8221,3.4861,4.1501,4.8142
acceleration,910,5.976190476190476,0,0,0,0,0,0,37.3512,37.6722,1,0.166,0.83,1.494,2.1581,2.8221,3.4861,4.1501,4.8142
acceleration,911,5.976190476190476,0,0,0,0,0,0,37.3512,37.7005,1,0.166,0.83,1.494,2.1581,2.8221,3.4861,4.1501,4.8142
acceleration,912,6.130952380952381,0,0,0,0,0,0,38.3185,37.4764,2,0.1703,0.8515,1.5327,2.214,2.8952,3.5764,4.2576,4.9388
acceleration,913,6.130952380952381,0,0,0,0,0,0,38.3185,38.1761,1,0.1703,0.8515,1.5327,2.214,2.8952,3.5764,4.2576,4.9388
acceleration,914,6.130952380952381,0,0,0,0,0,0,38.3185,38.1674,2,0.1703,0.8515,1.5327,2.214,2.8952,3.5764,4.2576,4.9388
acceleration,915,6.130952380952381,0,0,0,0,0,0,38.3185,37.7248,2,0.1703,0.8515,1.5327,2.214,2.8952,3.5764,4.2576,4.9388
acceleration,916,6.130952380952381,0,0,0,0,0,0,38.3185,38.7234,1,0.1703,0.8515,1.5327,2.214,2.8952,3.5764,4.2576,4.9388
acceleration,917,6.130952380952381,0,0,0,0,0,0,38.3185,38.6275,0,0.1703,0.8515,1.5327,2.214,2.8952,3.5764,4.2576,4.9388
acceleration,918,6.130952380952381,0,0,0,0,0,0,38.3185,38.1129,1,0.1703,0.8515,1.5327,2.214,2.8952,3.5764,4.2576,4.9388
acceleration,919,6.130952380952381,0,0,0,0,0,0,38.3185,38.5038,1,0.1703,0.8515,1.5327,2.214,2.8952,3.5764,4.2576,4.9388
acceleration,920,6.130952380952381,0,0,0,0,0,0,38.3185,38.6764,1,0.1703,0.8515,1.5327,2.214,2.8952,3.5764,4.2576,4.9388
acceleration,921,6.130952380952381,0,0,0,0,0,0,38.3185,39.1264,0,0.1703,0.8515,1.5327,2.214,2.8952,3.5764,4.2576,4.9388
acceleration,922,6.130952380952381,0,0,0,0,0,0,38.3185,38.6473,1,0.1703,0.8515,1.5327,2.214,2.8952,3.5764,4.2576,4.9388
acceleration,923,6.130952380952381,0,0,0,0,0,0,38.3185,38.1836,2,0.1703,0.8515,1.5327,2.214,2.8952,3.5764,4.2576,4.9388
acceleration,924,6.130952380952381,0,0,0,0,0,0,38.3185,38.2316,1,0.1703,0.8515,1.5327,2.214,2.8952,3.5764,4.2576,4.9388
acceleration,925,6.130952380952381,0,0,0,0,0,0,38.3185,38.4305,1,0.1703,0.8515,1.5327,2.214,2.8952,3.5764,4.2576,4.9388
acceleration,926,6.130952380952381,0,0,0,0,0,0,38.3185,38.0,2,0.1703,0.8515,1.5327,2.214,2.8952,3.5764,4.2576,4.9388
acceleration,927,6.130952380952381,0,0,0,0,0,0,38.3185,38.4188,1,0.1703,0.8515,1.5327,2.214,2.8952,3.5764,4.2576,4.9388
acceleration,928,6.130952380952381,0,0,0,0,0,0,38.3185,38.2246,1,0.1703,0.8515,1.5327,2.214,2.8952,3.5764,4.2576,4.9388
acceleration,929,6.130952380952381,0,0,0,0,0,0,38.3185,39.0737,0,0.1703,0.8515,1.5327,2.214,2.8952,3.5764,4.2576,4.9388
acceleration,930,6.130952380952381,0,0,0,0,0,0,38.3185,38.9308,1,0.1703,0.8515,1.5327,2.214,2.8952,3.5764,4.2576,4.9388
acceleration,931,6.130952380952381,0,0,0,0,0,0,38.3185,39.0023,1,0.1703,0.8515,1.5327,2.214,2.8952,3.5764,4.2576,4.9388
acceleration,932,6.130952380952381,0,0,0,0,0,0,38.3185,38.5776,1,0.1703,0.8515,1.5327,2.214,2.8952,3.5764,4.2576,4.9388
acceleration,933,6.130952380952381,0,0,0,0,0,0,38.3185,38.5817,1,0.1703,0.8515,1.5327,2.214,2.8952,3.5764,4.2576,4.9388
acceleration,934,6.130952380952381,0,0,0,0,0,0,38.3185,38.1999,1,0.1703,0.8515,1.5327,2.214,2.8952,3.5764,4.2576,4.9388
acceleration,935,6.130952380952381,0,0,0,0,0,0,38.3185,38.4747,1,0.1703,0.8515,1.5327,2.214,2.8952,3.5764,4.2576,4.9388
acceleration,936,6.285714285714286,0,0,0,0,0,0,39.2857,39.9424,0,0.1746,0.873,1.5714,2.2698,2.9683,3.6667,4.3651,5.0635
acceleration,937,6.285714285714286,0,0,0,0,0,0,39.2857,38.8138,0,0.1746,0.873,1.5714,2.2698,2.9683,3.6667,4.3651,5.0635
acceleration,938,6.285714285714286,0,0,0,0,0,0,39.2857,38.6751,2,0.1746,0.873,1.5714,2.2698,2.9683,3.6667,4.3651,5.0635
acceleration,939,6.285714285714286,0,0,0,0,0,0,39.2857,39.61,2,0.1746,0.873,1.5714,2.2698,2.9683,3.6667,4.3651,5.0635
acceleration,940,6.285714285714286,0,0,0,0,0,0,39.2857,38.4747,2,0.1746,0.873,1.5714,2.2698,2.9683,3.6667,4.3651,5.0635
acceleration,941,6.285714285714286,0,0,0,0,0,0,39.2857,38.8489,0,0.1746,0.873,1.5714,2.2698,2.9683,3.6667,4.3651,5.0635
acceleration,942,6.285714285714286,0,0,0,0,0,0,39.2857,38.9945,1,0.1746,0.873,1.5714,2.2698,2.9683,3.6667,4.3651,5.0635
acceleration,943,6.285714285714286,0,0,0,0,0,0,39.2857,38.9819,1,0.1746,0.873,1.5714,2.2698,2.9683,3.6667,4.3651,5.0635
acceleration,944,6.285714285714286,0,0,0,0,0,0,39.2857,39.2363,0,0.1746,0.873,1.5714,2.2698,2.9683,3.6667,4.3651,5.0635
acceleration,945,6.285714285714286,0,0,0,0,0,0,39.2857,38.8159,1,0.1746,0.873,1.5714,2.2698,2.9683,3.6667,4.3651,5.0635
acceleration,946,6.285714285714286,0,0,0,0,0,0,39.2857,39.7257,0,0.1746,0.873,1.5714,2.2698,2.9683,3.6667,4.3651,5.0635
acceleration,947,6.285714285714286,0,0,0,0,0,0,39.2857,38.9427,2,0.1746,0.873,1.5714,2.2698,2.9683,3.6667,4.3651,5.0635
acceleration,948,6.285714285714286,0,0,0,0,0,0,39.2857,39.8802,1,0.1746,0.873,1.5714,2.2698,2.9683,3.6667,4.3651,5.0635
acceleration,949,6.285714285714286,0,0,0,0,0,0,39.2857,38.8201,2,0.1746,0.873,1.5714,2.2698,2.9683,3.6667,4.3651,5.0635
acceleration,950,6.285714285714286,0,0,0,0,0,0,39.2857,39.0557,2,0.1746,0.873,1.5714,2.2698,2.9683,3.6667,4.3651,5.0635
acceleration,951,6.285714285714286,0,0,0,0,0,0,39.2857,38.9942,1,0.1746,0.873,1.5714,2.2698,2.9683,3.6667,4.3651,5.0635
acceleration,952,6.285714285714286,0,0,0,0,0,0,39.2857,39.083,0,0.1746,0.873,1.5714,2.2698,2.9683,3.6667,4.3651,5.0635
acceleration,953,6.285714285714286,0,0,0,0,0,0,39.2857,39.8823,0,0.1746,0.873,1.5714,2.2698,2.9683,3.6667,4.3651,5.0635
acceleration,954,6.285714285714286,0,0,0,0,0,0,39.2857,38.4587,2,0.1746,0.873,1.5714,2.2698,2.9683,3.6667,4.3651,5.0635
acceleration,955,6.285714285714286,0,0,0,0,0,0,39.2857,38.8293,0,0.1746,0.873,1.5714,2.2698,2.9683,3.6667,4.3651,5.0635
acceleration,956,6.285714285714286,0,0,0,0,0,0,39.2857,39.5947,1,0.1746,0.873,1.5714,2.2698,2.9683,3.6667,4.3651,5.0635
acceleration,957,6.285714285714286,0,0,0,0,0,0,39.2857,39.9647,1,0.1746,0.873,1.5714,2.2698,2.9683,3.6667,4.3651,5.0635
acceleration,958,6.285714285714286,0,0,0,0,0,0,39.2857,39.1024,1,0.1746,0.873,1.5714,2.2698,2.9683,3.6667,4.3651,5.0635
acceleration,959,6.285714285714286,0,0,0,0,0,0,39.2857,39.8115,0,0.1746,0.873,1.5714,2.2698,2.9683,3.6667,4.3651,5.0635
acceleration,960,6.440476190476191,0,0,0,0,0,0,40.253,40.2777,1,0.1789,0.8945,1.6101,2.3257,3.0413,3.7569,4.4726,5.1882
acceleration,961,6.440476190476191,0,0,0,0,0,0,40.253,40.4676,0,0.1789,0.8945,1.6101,2.3257,3.0413,3.7569,4.4726,5.1882
acceleration,962,6.440476190476191,0,0,0,0,0,0,40.253,40.8762,1,0.1789,0.8945,1.6101,2.3257,3.0413,3.7569,4.4726,5.1882
acceleration,963,6.440476190476191,0,0,0,0,0,0,40.253,39.9215,1,0.1789,0.8945,1.6101,2.3257,3.0413,3.7569,4.4726,5.1882
acceleration,964,6.440476190476191,0,0,0,0,0,0,40.253,39.9235,1,0.1789,0.8945,1.6101,2.3257,3.0413,3.7569,4.4726,5.1882
acceleration,965,6.440476190476191,0,0,0,0,0,0,40.253,41.0844,0,0.1789,0.8945,1.6101,2.3257,3.0413,3.7569,4.4726,5.1882
acceleration,966,6.440476190476191,0,0,0,0,0,0,40.253,41.1,0,0.1789,0.8945,1.6101,2.3257,3.0413,3.7569,4.4726,5.1882
acceleration,967,6.440476190476191,0,0,0,0,0,0,40.253,40.7612,1,0.1789,0.8945,1.6101,2.3257,3.0413,3.7569,4.4726,5.1882
acceleration,968,6.440476190476191,0,0,0,0,0,0,40.253,40.0539,1,0.1789,0.8945,1.6101,2.3257,3.0413,3.7569,4.4726,5.1882
acceleration,969,6.440476190476191,0,0,0,0,0,0,40.253,40.681,0,0.1789,0.8945,1.6101,2.3257,3.0413,3.7569,4.4726,5.1882
acceleration,970,6.440476190476191,0,0,0,0,0,0,40.253,40.473,1,0.1789,0.8945,1.6101,2.3257,3.0413,3.7569,4.4726,5.1882
acceleration,971,6.440476190476191,0,0,0,0,0,0,40.253,40.1723,1,0.1789,0.8945,1.6101,2.3257,3.0413,3.7569,4.4726,5.1882
acceleration,972,6.440476190476191,0,0,0,0,0,0,40.253,39.8225,2,0.1789,0.8945,1.6101,2.3257,3.0413,3.7569,4.4726,5.1882
acceleration,973,6.440476190476191,0,0,0,0,0,0,40.253,40.3826,1,0.1789,0.8945,1.6101,2.3257,3.0413,3.7569,4.4726,5.1882
acceleration,974,6.440476190476191,0,0,0,0,0,0,40.253,40.8088,1,0.1789,0.8945,1.6101,2.3257,3.0413,3.7569,4.4726,5.1882
acceleration,975,6.440476190476191,0,0,0,0,0,0,40.253,40.8127,1,0.1789,0.8945,1.6101,2.3257,3.0413,3.7569,4.4726,5.1882
acceleration,976,6.440476190476191,0,0,0,0,0,0,40.253,40.3148,1,0.1789,0.8945,1.6101,2.3257,3.0413,3.7569,4.4726,5.1882
acceleration,977,6.440476190476191,0,0,0,0,0,0,40.253,39.5799,1,0.1789,0.8945,1.6101,2.3257,3.0413,3.7569,4.4726,5.1882
acceleration,978,6.440476190476191,0,0,0,0,0,0,40.253,39.8305,2,0.1789,0.8945,1.6101,2.3257,3.0413,3.7569,4.4726,5.1882
acceleration,979,6.440476190476191,0,0,0,0,0,0,40.253,40.3988,1,0.1789,0.8945,1.6101,2.3257,3.0413,3.7569,4.4726,5.1882
acceleration,980,6.440476190476191,0,0,0,0,0,0,40.253,40.2151,1,0.1789,0.8945,1.6101,2.3257,3.0413,3.7569,4.4726,5.1882
acceleration,981,6.440476190476191,0,0,0,0,0,0,40.253,40.2354,1,0.1789,0.8945,1.6101,2.3257,3.0413,3.7569,4.4726,5.1882
acceleration,982,6.440476190476191,0,0,0,0,0,0,40.253,40.0946,1,0.1789,0.8945,1.6101,2.3257,3.0413,3.7569,4.4726,5.1882
acceleration,983,6.440476190476191,0,0,0,0,0,0,40.253,39.8959,0,0.1789,0.8945,1.6101,2.3257,3.0413,3.7569,4.4726,5.1882
acceleration,984,6.595238095238096,0,0,0,0,0,0,41.2202,41.8465,0,0.1832,0.916,1.6488,2.3816,3.1144,3.8472,4.58,5.3128
acceleration,985,6.595238095238096,0,0,0,0,0,0,41.2202,41.2483,1,0.1832,0.916,1.6488,2.3816,3.1144,3.8472,4.58,5.3128
acceleration,986,6.595238095238096,0,0,0,0,0,0,41.2202,41.147,1,0.1832,0.916,1.6488,2.3816,3.1144,3.8472,4.58,5.3128
acceleration,987,6.595238095238096,0,0,0,0,0,0,41.2202,41.0326,1,0.1832,0.916,1.6488,2.3816,3.1144,3.8472,4.58,5.3128
acceleration,988,6.595238095238096,0,0,0,0,0,0,41.2202,40.7543,2,0.1832,0.916,1.6488,2.3816,3.1144,3.8472,4.58,5.3128
acceleration,989,6.595238095238096,0,0,0,0,0,0,41.2202,42.0085,0,0.1832,0.916,1.6488,2.3816,3.1144,3.8472,4.58,5.3128
acceleration,990,6.595238095238096,0,0,0,0,0,0,41.2202,41.1312,0,0.1832,0.916,1.6488,2.3816,3.1144,3.8472,4.58,5.3128
acceleration,991,6.595238095238096,0,0,0,0,0,0,41.2202,41.1412,1,0.1832,0.916,1.6488,2.3816,3.1144,3.8472,4.58,5.3128
acceleration,992,6.595238095238096,0,0,0,0,0,0,41.2202,41.1603,2,0.1832,0.916,1.6488,2.3816,3.1144,3.8472,4.58,5.3128
acceleration,993,6.595238095238096,0,0,0,0,0,0,41.2202,40.9063,0,0.1832,0.916,1.6488,2.3816,3.1144,3.8472,4.58,5.3128
acceleration,994,6.595238095238096,0,0,0,0,0,0,41.2202,41.2311,1,0.1832,0.916,1.6488,2.3816,3.1144,3.8472,4.58,5.3128
acceleration,995,6.595238095238096,0,0,0,0,0,0,41.2202,40.7788,2,0.1832,0.916,1.6488,2.3816,3.1144,3.8472,4.58,5.3128
acceleration,996,6.595238095238096,0,0,0,0,0,0,41.2202,40.9024,1,0.1832,0.916,1.6488,2.3816,3.1144,3.8472,4.58,5.3128
acceleration,997,6.595238095238096,0,0,0,0,0,0,41.2202,41.8038,0,0.1832,0.916,1.6488,2.3816,3.1144,3.8472,4.58,5.3128
acceleration,998,6.595238095238096,0,0,0,0,0,0,41.2202,40.8504,0,0.1832,0.916,1.6488,2.3816,3.1144,3.8472,4.58,5.3128
acceleration,999,6.595238095238096,0,0,0,0,0,0,41.2202,40.8186,1,0.1832,0.916,1.6488,2.3816,3.1144,3.8472,4.58,5.3128
acceleration,1000,6.595238095238096,0,0,0,0,0,0,41.2202,41.2029,2,0.1832,0.916,1.6488,2.3816,3.1144,3.8472,4.58,5.3128
acceleration,1001,6.595238095238096,0,0,0,0,0,0,41.2202,41.2199,2,0.1832,0.916,1.6488,2.3816,3.1144,3.8472,4.58,5.3128
acceleration,1002,6.595238095238096,0,0,0,0,0,0,41.2202,41.2912,0,0.1832,0.916,1.6488,2.3816,3.1144,3.8472,4.58,5.3128
acceleration,1003,6.595238095238096,0,0,0,0,0,0,41.2202,41.1026,0,0.1832,0.916,1.6488,2.3816,3.1144,3.8472,4.58,5.3128
acceleration,1004,6.595238095238096,0,0,0,0,0,0,41.2202,41.1932,1,0.1832,0.916,1.6488,2.3816,3.1144,3.8472,4.58,5.3128
acceleration,1005,6.595238095238096,0,0,0,0,0,0,41.2202,40.8629,2,0.1832,0.916,1.6488,2.3816,3.1144,3.8472,4.58,5.3128
acceleration,1006,6.595238095238096,0,0,0,0,0,0,41.2202,42.0003,0,0.1832,0.916,1.6488,2.3816,3.1144,3.8472,4.58,5.3128
acceleration,1007,6.595238095238096,0,0,0,0,0,0,41.2202,40.5256,1,0.1832,0.916,1.6488,2.3816,3.1144,3.8472,4.58,5.3128
acceleration,1008,6.75,0,0,0,0,0,0,42.1875,43.2524,0,0.1875,0.9375,1.6875,2.4375,3.1875,3.9375,4.6875,5.4375
acceleration,1009,6.75,0,0,0,0,0,0,42.1875,42.1359,0,0.1875,0.9375,1.6875,2.4375,3.1875,3.9375,4.6875,5.4375
acceleration,1010,6.75,0,0,0,0,0,0,42.1875,42.0287,1,0.1875,0.9375,1.6875,2.4375,3.1875,3.9375,4.6875,5.4375
acceleration,1011,6.75,0,0,0,0,0,0,42.1875,41.9795,1,0.1875,0.9375,1.6875,2.4375,3.1875,3.9375,4.6875,5.4375
acceleration,1012,6.75,0,0,0,0,0,0,42.1875,42.49,1,0.1875,0.9375,1.6875,2.4375,3.1875,3.9375,4.6875,5.4375
acceleration,1013,6.75,0,0,0,0,0,0,42.1875,42.2328,1,0.1875,0.9375,1.6875,2.4375,3.1875,3.9375,4.6875,5.4375
acceleration,1014,6.75,0,0,0,0,0,0,42.1875,42.2285,1,0.1875,0.9375,1.6875,2.4375,3.1875,3.9375,4.6875,5.4375
acceleration,1015,6.75,0,0,0,0,0,0,42.1875,42.0237,1,0.1875,0.9375,1.6875,2.4375,3.1875,3.9375,4.6875,5.4375
acceleration,1016,6.75,0,0,0,0,0,0,42.1875,42.7817,1,0.1875,0.9375,1.6875,2.4375,3.1875,3.9375,4.6875,5.4375
acceleration,1017,6.75,0,0,0,0,0,0,42.1875,41.7738,2,0.1875,0.9375,1.6875,2.4375,3.1875,3.9375,4.6875,5.4375
acceleration,1018,6.75,0,0,0,0,0,0,42.1875,41.6704,2,0.1875,0.9375,1.6875,2.4375,3.1875,3.9375,4.6875,5.4375
acceleration,1019,6.75,0,0,0,0,0,0,42.1875,41.6956,1,0.1875,0.9375,1.6875,2.4375,3.1875,3.9375,4.6875,5.4375
acceleration,1020,6.75,0,0,0,0,0,0,42.1875,41.7034,2,0.1875,0.9375,1.6875,2.4375,3.1875,3.9375,4.6875,5.4375
acceleration,1021,6.75,0,0,0,0,0,0,42.1875,42.7087,0,0.1875,0.9375,1.6875,2.4375,3.1875,3.9375,4.6875,5.4375
acceleration,1022,6.75,0,0,0,0,0,0,42.1875,42.0077,1,0.1875,0.9375,1.6875,2.4375,3.1875,3.9375,4.6875,5.4375
acceleration,1023,6.75,0,0,0,0,0,0,42.1875,42.2793,1,0.1875,0.9375,1.6875,2.4375,3.1875,3.9375,4.6875,5.4375
acceleration,1024,6.75,0,0,0,0,0,0,42.1875,42.6396,0,0.1875,0.9375,1.6875,2.4375,3.1875,3.9375,4.6875,5.4375
acceleration,1025,6.75,0,0,0,0,0,0,42.1875,41.9552,1,0.1875,0.9375,1.6875,2.4375,3.1875,3.9375,4.6875,5.4375
acceleration,1026,6.75,0,0,0,0,0,0,42.1875,42.0,1,0.1875,0.9375,1.6875,2.4375,3.1875,3.9375,4.6875,5.4375
acceleration,1027,6.75,0,0,0,0,0,0,42.1875,41.9905,1,0.1875,0.9375,1.6875,2.4375,3.1875,3.9375,4.6875,5.4375
acceleration,1028,6.75,0,0,0,0,0,0,42.1875,42.7413,0,0.1875,0.9375,1.6875,2.4375,3.1875,3.9375,4.6875,5.4375
acceleration,1029,6.75,0,0,0,0,0,0,42.1875,42.1927,2,0.1875,0.9375,1.6875,2.4375,3.1875,3.9375,4.6875,5.4375
acceleration,1030,6.75,0,0,0,0,0,0,42.1875,42.0509,2,0.1875,0.9375,1.6875,2.4375,3.1875,3.9375,4.6875,5.4375
acceleration,1031,6.75,0,0,0,0,0,0,42.1875,42.6094,1,0.1875,0.9375,1.6875,2.4375,3.1875,3.9375,4.6875,5.4375
acceleration,1032,6.904761904761905,0,0,0,0,0,0,43.1548,43.4765,1,0.1918,0.959,1.7262,2.4934,3.2606,4.0278,4.795,5.5622
acceleration,1033,6.904761904761905,0,0,0,0,0,0,43.1548,43.227,1,0.1918,0.959,1.7262,2.4934,3.2606,4.0278,4.795,5.5622
acceleration,1034,6.904761904761905,0,0,0,0,0,0,43.1548,42.213,2,0.1918,0.959,1.7262,2.4934,3.2606,4.0278,4.795,5.5622
acceleration,1035,6.904761904761905,0,0,0,0,0,0,43.1548,43.115,1,0.1918,0.959,1.7262,2.4934,3.2606,4.0278,4.795,5.5622
acceleration,1036,6.904761904761905,0,0,0,0,0,0,43.1548,42.7639,1,0.1918,0.959,1.7262,2.4934,3.2606,4.0278,4.795,5.5622
acceleration,1037,6.904761904761905,0,0,0,0,0,0,43.1548,43.8592,0,0.1918,0.959,1.7262,2.4934,3.2606,4.0278,4.795,5.5622
acceleration,1038,6.904761904761905,0,0,0,0,0,0,43.1548,43.0698,1,0.1918,0.959,1.7262,2.4934,3.2606,4.0278,4.795,5.5622
acceleration,1039,6.904761904761905,0,0,0,0,0,0,43.1548,43.2065,1,0.1918,0.959,1.7262,2.4934,3.2606,4.0278,4.795,5.5622
acceleration,1040,6.904761904761905,0,0,0,0,0,0,43.1548,43.9396,0,0.1918,0.959,1.7262,2.4934,3.2606,4.0278,4.795,5.5622
acceleration,1041,6.904761904761905,0,0,0,0,0,0,43.1548,43.6582,0,0.1918,0.959,1.7262,2.4934,3.2606,4.0278,4.795,5.5622
acceleration,1042,6.904761904761905,0,0,0,0,0,0,43.1548,43.2424,1,0.1918,0.959,1.7262,2.4934,3.2606,4.0278,4.795,5.5622
acceleration,1043,6.904761904761905,0,0,0,0,0,0,43.1548,43.4068,0,0.1918,0.959,1.7262,2.4934,3.2606,4.0278,4.795,5.5622
acceleration,1044,6.904761904761905,0,0,0,0,0,0,43.1548,43.3516,1,0.1918,0.959,1.7262,2.4934,3.2606,4.0278,4.795,5.5622
acceleration,1045,6.904761904761905,0,0,0,0,0,0,43.1548,42.3956,2,0.1918,0.959,1.7262,2.4934,3.2606,4.0278,4.795,5.5622
acceleration,1046,6.904761904761905,0,0,0,0,0,0,43.1548,42.9409,1,0.1918,0.959,1.7262,2.4934,3.2606,4.0278,4.795,5.5622
acceleration,1047,6.904761904761905,0,0,0,0,0,0,43.1548,44.0287,0,0.1918,0.959,1.7262,2.4934,3.2606,4.0278,4.795,5.5622
acceleration,1048,6.904761904761905,0,0,0,0,0,0,43.1548,43.4665,1,0.1918,0.959,1.7262,2.4934,3.2606,4.0278,4.795,5.5622
acceleration,1049,6.904761904761905,0,0,0,0,0,0,43.1548,43.2829,1,0.1918,0.959,1.7262,2.4934,3.2606,4.0278,4.795,5.5622
acceleration,1050,6.904761904761905,0,0,0,0,0,0,43.1548,43.1421,2,0.1918,0.959,1.7262,2.4934,3.2606,4.0278,4.795,5.5622
acceleration,1051,6.904761904761905,0,0,0,0,0,0,43.1548,43.4281,1,0.1918,0.959,1.7262,2.4934,3.2606,4.0278,4.795,5.5622
acceleration,1052,6.904761904761905,0,0,0,0,0,0,43.1548,43.2988,1,0.1918,0.959,1.7262,2.4934,3.2606,4.0278,4.795,5.5622
acceleration,1053,6.904761904761905,0,0,0,0,0,0,43.1548,42.9622,2,0.1918,0.959,1.7262,2.4934,3.2606,4.0278,4.795,5.5622
acceleration,1054,6.904761904761905,0,0,0,0,0,0,43.1548,42.9309,0,0.1918,0.959,1.7262,2.4934,3.2606,4.0278,4.795,5.5622
acceleration,1055,6.904761904761905,0,0,0,0,0,0,43.1548,42.4669,2,0.1918,0.959,1.7262,2.4934,3.2606,4.0278,4.795,5.5622
acceleration,1056,7.05952380952381,0,0,0,0,0,0,44.122,44.3908,0,0.1961,0.9805,1.7649,2.5493,3.3337,4.1181,4.9024,5.6868
acceleration,1057,7.05952380952381,0,0,0,0,0,0,44.122,44.012,1,0.1961,0.9805,1.7649,2.5493,3.3337,4.1181,4.9024,5.6868
acceleration,1058,7.05952380952381,0,0,0,0,0,0,44.122,43.8316,1,0.1961,0.9805,1.7649,2.5493,3.3337,4.1181,4.9024,5.6868
acceleration,1059,7.05952380952381,0,0,0,0,0,0,44.122,43.6809,1,0.1961,0.9805,1.7649,2.5493,3.3337,4.1181,4.9024,5.6868
acceleration,1060,7.05952380952381,0,0,0,0,0,0,44.122,44.4654,0,0.1961,0.9805,1.7649,2.5493,3.3337,4.1181,4.9024,5.6868
acceleration,1061,7.05952380952381,0,0,0,0,0,0,44.122,44.5363,0,0.1961,0.9805,1.7649,2.5493,3.3337,4.1181,4.9024,5.6868
acceleration,1062,7.05952380952381,0,0,0,0,0,0,44.122,43.9304,2,0.1961,0.9805,1.7649,2.5493,3.3337,4.1181,4.9024,5.6868
acceleration,1063,7.05952380952381,0,0,0,0,0,0,44.122,44.0312,0,0.1961,0.9805,1.7649,2.5493,3.3337,4.1181,4.9024,5.6868
acceleration,1064,7.05952380952381,0,0,0,0,0,0,44.122,44.315,0,0.1961,0.9805,1.7649,2.5493,3.3337,4.1181,4.9024,5.6868
acceleration,1065,7.05952380952381,0,0,0,0,0,0,44.122,44.2011,1,0.1961,0.9805,1.7649,2.5493,3.3337,4.1181,4.9024,5.6868
acceleration,1066,7.05952380952381,0,0,0,0,0,0,44.122,44.687,0,0.1961,0.9805,1.7649,2.5493,3.3337,4.1181,4.9024,5.6868
acceleration,1067,7.05952380952381,0,0,0,0,0,0,44.122,44.3694,1,0.1961,0.9805,1.7649,2.5493,3.3337,4.1181,4.9024,5.6868
acceleration,1068,7.05952380952381,0,0,0,0,0,0,44.122,44.0086,1,0.1961,0.9805,1.7649,2.5493,3.3337,4.1181,4.9024,5.6868
acceleration,1069,7.05952380952381,0,0,0,0,0,0,44.122,43.7567,2,0.1961,0.9805,1.7649,2.5493,3.3337,4.1181,4.9024,5.6868
acceleration,1070,7.05952380952381,0,0,0,0,0,0,44.122,43.981,2,0.1961,0.9805,1.7649,2.5493,3.3337,4.1181,4.9024,5.6868
acceleration,1071,7.05952380952381,0,0,0,0,0,0,44.122,44.2795,1,0.1961,0.9805,1.7649,2.5493,3.3337,4.1181,4.9024,5.6868
acceleration,1072,7.05952380952381,0,0,0,0,0,0,44.122,43.4689,2,0.1961,0.9805,1.7649,2.5493,3.3337,4.1181,4.9024,5.6868
acceleration,1073,7.05952380952381,0,0,0,0,0,0,44.122,44.0454,1,0.1961,0.9805,1.7649,2.5493,3.3337,4.1181,4.9024,5.6868
acceleration,1074,7.05952380952381,0,0,0,0,0,0,44.122,43.8895,1,0.1961,0.9805,1.7649,2.5493,3.3337,4.1181,4.9024,5.6868
acceleration,1075,7.05952380952381,0,0,0,0,0,0,44.122,43.9646,1,0.1961,0.9805,1.7649,2.5493,3.3337,4.1181,4.9024,5.6868
acceleration,1076,7.05952380952381,0,0,0,0,0,0,44.122,43.7179,2,0.1961,0.9805,1.7649,2.5493,3.3337,4.1181,4.9024,5.6868
acceleration,1077,7.05952380952381,0,0,0,0,0,0,44.122,43.9497,1,0.1961,0.9805,1.7649,2.5493,3.3337,4.1181,4.9024,5.6868
acceleration,1078,7.05952380952381,0,0,0,0,0,0,44.122,44.0164,1,0.1961,0.9805,1.7649,2.5493,3.3337,4.1181,4.9024,5.6868
acceleration,1079,7.05952380952381,0,0,0,0,0,0,44.122,44.0522,1,0.1961,0.9805,1.7649,2.5493,3.3337,4.1181,4.9024,5.6868
acceleration,1080,7.214285714285714,0,0,0,0,0,0,45.0893,44.9993,1,0.2004,1.002,1.8036,2.6052,3.4067,4.2083,5.0099,5.8115
acceleration,1081,7.214285714285714,0,0,0,0,0,0,45.0893,44.4884,2,0.2004,1.002,1.8036,2.6052,3.4067,4.2083,5.0099,5.8115
acceleration,1082,7.214285714285714,0,0,0,0,0,0,45.0893,44.885,0,0.2004,1.002,1.8036,2.6052,3.4067,4.2083,5.0099,5.8115
acceleration,1083,7.214285714285714,0,0,0,0,0,0,45.0893,44.6503,2,0.2004,1.002,1.8036,2.6052,3.4067,4.2083,5.0099,5.8115
acceleration,1084,7.214285714285714,0,0,0,0,0,0,45.0893,45.543,0,0.2004,1.002,1.8036,2.6052,3.4067,4.2083,5.0099,5.8115
acceleration,1085,7.214285714285714,0,0,0,0,0,0,45.0893,45.3617,0,0.2004,1.002,1.8036,2.6052,3.4067,4.2083,5.0099,5.8115
acceleration,1086,7.214285714285714,0,0,0,0,0,0,45.0893,45.2211,1,0.2004,1.002,1.8036,2.6052,3.4067,4.2083,5.0099,5.8115
acceleration,1087,7.214285714285714,0,0,0,0,0,0,45.0893,45.4755,0,0.2004,1.002,1.8036,2.6052,3.4067,4.2083,5.0099,5.8115
acceleration,1088,7.214285714285714,0,0,0,0,0,0,45.0893,45.2088,1,0.2004,1.002,1.8036,2.6052,3.4067,4.2083,5.0099,5.8115
acceleration,1089,7.214285714285714,0,0,0,0,0,0,45.0893,45.1311,1,0.2004,1.002,1.8036,2.6052,3.4067,4.2083,5.0099,5.8115
acceleration,1090,7.214285714285714,0,0,0,0,0,0,45.0893,45.2053,1,0.2004,1.002,1.8036,2.6052,3.4067,4.2083,5.0099,5.8115
acceleration,1091,7.214285714285714,0,0,0,0,0,0,45.0893,44.7349,0,0.2004,1.002,1.8036,2.6052,3.4067,4.2083,5.0099,5.8115
acceleration,1092,7.214285714285714,0,0,0,0,0,0,45.0893,45.0766,0,0.2004,1.002,1.8036,2.6052,3.4067,4.2083,5.0099,5.8115
acceleration,1093,7.214285714285714,0,0,0,0,0,0,45.0893,45.3885,1,0.2004,1.002,1.8036,2.6052,3.4067,4.2083,5.0099,5.8115
acceleration,1094,7.214285714285714,0,0,0,0,0,0,45.0893,45.4662,1,0.2004,1.002,1.8036,2.6052,3.4067,4.2083,5.0099,5.8115
acceleration,1095,7.214285714285714,0,0,0,0,0,0,45.0893,44.6727,1,0.2004,1.002,1.8036,2.6052,3.4067,4.2083,5.0099,5.8115
acceleration,1096,7.214285714285714,0,0,0,0,0,0,45.0893,44.9045,0,0.2004,1.002,1.8036,2.6052,3.4067,4.2083,5.0099,5.8115
acceleration,1097,7.214285714285714,0,0,0,0,0,0,45.0893,45.2969,2,0.2004,1.002,1.8036,2.6052,3.4067,4.2083,5.0099,5.8115
acceleration,1098,7.214285714285714,0,0,0,0,0,0,45.0893,45.0114,2,0.2004,1.002,1.8036,2.6052,3.4067,4.2083,5.0099,5.8115
acceleration,1099,7.214285714285714,0,0,0,0,0,0,45.0893,44.8579,1,0.2004,1.002,1.8036,2.6052,3.4067,4.2083,5.0099,5.8115
acceleration,1100,7.214285714285714,0,0,0,0,0,0,45.0893,45.5073,1,0.2004,1.002,1.8036,2.6052,3.4067,4.2083,5.0099,5.8115
acceleration,1101,7.214285714285714,0,0,0,0,0,0,45.0893,45.6463,1,0.2004,1.002,1.8036,2.6052,3.4067,4.2083,5.0099,5.8115
acceleration,1102,7.214285714285714,0,0,0,0,0,0,45.0893,45.2957,1,0.2004,1.002,1.8036,2.6052,3.4067,4.2083,5.0099,5.8115
acceleration,1103,7.214285714285714,0,0,0,0,0,0,45.0893,44.687,1,0.2004,1.002,1.8036,2.6052,3.4067,4.2083,5.0099,5.8115
acceleration,1104,7.3690476190476195,0,0,0,0,0,0,46.0565,46.8752,0,0.2047,1.0235,1.8423,2.661,3.4798,4.2986,5.1174,5.9362
acceleration,1105,7.3690476190476195,0,0,0,0,0,0,46.0565,46.8158,0,0.2047,1.0235,1.8423,2.661,3.4798,4.2986,5.1174,5.9362
acceleration,1106,7.3690476190476195,0,0,0,0,0,0,46.0565,46.5481,1,0.2047,1.0235,1.8423,2.661,3.4798,4.2986,5.1174,5.9362
acceleration,1107,7.3690476190476195,0,0,0,0,0,0,46.0565,46.2652,1,0.2047,1.0235,1.8423,2.661,3.4798,4.2986,5.1174,5.9362
acceleration,1108,7.3690476190476195,0,0,0,0,0,0,46.0565,45.9961,1,0.2047,1.0235,1.8423,2.661,3.4798,4.2986,5.1174,5.9362
acceleration,1109,7.3690476190476195,0,0,0,0,0,0,46.0565,46.0027,1,0.2047,1.0235,1.8423,2.661,3.4798,4.2986,5.1174,5.9362
acceleration,1110,7.3690476190476195,0,0,0,0,0,0,46.0565,45.9885,2,0.2047,1.0235,1.8423,2.661,3.4798,4.2986,5.1174,5.9362
acceleration,1111,7.3690476190476195,0,0,0,0,0,0,46.0565,45.9983,1,0.2047,1.0235,1.8423,2.661,3.4798,4.2986,5.1174,5.9362
acceleration,1112,7.3690476190476195,0,0,0,0,0,0,46.0565,46.102,1,0.2047,1.0235,1.8423,2.661,3.4798,4.2986,5.1174,5.9362
acceleration,1113,7.3690476190476195,0,0,0,0,0,0,46.0565,46.1538,0,0.2047,1.0235,1.8423,2.661,3.4798,4.2986,5.1174,5.9362
acceleration,1114,7.3690476190476195,0,0,0,0,0,0,46.0565,46.5593,0,0.2047,1.0235,1.8423,2.661,3.4798,4.2986,5.1174,5.9362
acceleration,1115,7.3690476190476195,0,0,0,0,0,0,46.0565,46.2265,1,0.2047,1.0235,1.8423,2.661,3.4798,4.2986,5.1174,5.9362
acceleration,1116,7.3690476190476195,0,0,0,0,0,0,46.0565,45.7793,1,0.2047,1.0235,1.8423,2.661,3.4798,4.2986,5.1174,5.9362
acceleration,1117,7.3690476190476195,0,0,0,0,0,0,46.0565,46.878,0,0.2047,1.0235,1.8423,2.661,3.4798,4.2986,5.1174,5.9362
acceleration,1118,7.3690476190476195,0,0,0,0,0,0,46.0565,46.8401,0,0.2047,1.0235,1.8423,2.661,3.4798,4.2986,5.1174,5.9362
acceleration,1119,7.3690476190476195,0,0,0,0,0,0,46.0565,46.1541,1,0.2047,1.0235,1.8423,2.661,3.4798,4.2986,5.1174,5.9362
acceleration,1120,7.3690476190476195,0,0,0,0,0,0,46.0565,46.0053,1,0.2047,1.0235,1.8423,2.661,3.4798,4.2986,5.1174,5.9362
acceleration,1121,7.3690476190476195,0,0,0,0,0,0,46.0565,45.3839,1,0.2047,1.0235,1.8423,2.661,3.4798,4.2986,5.1174,5.9362
acceleration,1122,7.3690476190476195,0,0,0,0,0,0,46.0565,46.5692,1,0.2047,1.0235,1.8423,2.661,3.4798,4.2986,5.1174,5.9362
acceleration,1123,7.3690476190476195,0,0,0,0,0,0,46.0565,46.3184,1,0.2047,1.0235,1.8423,2.661,3.4798,4.2986,5.1174,5.9362
acceleration,1124,7.3690476190476195,0,0,0,0,0,0,46.0565,46.7905,0,0.2047,1.0235,1.8423,2.661,3.4798,4.2986,5.1174,5.9362
acceleration,1125,7.3690476190476195,0,0,0,0,0,0,46.0565,46.5003,1,0.2047,1.0235,1.8423,2.661,3.4798,4.2986,5.1174,5.9362
acceleration,1126,7.3690476190476195,0,0,0,0,0,0,46.0565,46.0571,0,0.2047,1.0235,1.8423,2.661,3.4798,4.2986,5.1174,5.9362
acceleration,1127,7.3690476190476195,0,0,0,0,0,0,46.0565,46.556,0,0.2047,1.0235,1.8423,2.661,3.4798,4.2986,5.1174,5.9362
acceleration,1128,7.523809523809524,0,0,0,0,0,0,47.0238,47.2482,0,0.209,1.045,1.881,2.7169,3.5529,4.3889,5.2249,6.0608
acceleration,1129,7.523809523809524,0,0,0,0,0,0,47.0238,46.8199,1,0.209,1.045,1.881,2.7169,3.5529,4.3889,5.2249,6.0608
acceleration,1130,7.523809523809524,0,0,0,0,0,0,47.0238,46.4781,1,0.209,1.045,1.881,2.7169,3.5529,4.3889,5.2249,6.0608
acceleration,1131,7.523809523809524,0,0,0,0,0,0,47.0238,47.0513,1,0.209,1.045,1.881,2.7169,3.5529,4.3889,5.2249,6.0608
acceleration,1132,7.523809523809524,0,0,0,0,0,0,47.0238,46.4695,1,0.209,1.045,1.881,2.7169,3.5529,4.3889,5.2249,6.0608
acceleration,1133,7.523809523809524,0,0,0,0,0,0,47.0238,46.861,1,0.209,1.045,1.881,2.7169,3.5529,4.3889,5.2249,6.0608
acceleration,1134,7.523809523809524,0,0,0,0,0,0,47.0238,47.3368,1,0.209,1.045,1.881,2.7169,3.5529,4.3889,5.2249,6.0608
acceleration,1135,7.523809523809524,0,0,0,0,0,0,47.0238,47.5364,1,0.209,1.045,1.881,2.7169,3.5529,4.3889,5.2249,6.0608
acceleration,1136,7.523809523809524,0,0,0,0,0,0,47.0238,46.233,1,0.209,1.045,1.881,2.7169,3.5529,4.3889,5.2249,6.0608
acceleration,1137,7.523809523809524,0,0,0,0,0,0,47.0238,46.9133,1,0.209,1.045,1.881,2.7169,3.5529,4.3889,5.2249,6.0608
acceleration,1138,7.523809523809524,0,0,0,0,0,0,47.0238,47.1566,0,0.209,1.045,1.881,2.7169,3.5529,4.3889,5.2249,6.0608
acceleration,1139,7.523809523809524,0,0,0,0,0,0,47.0238,46.5601,1,0.209,1.045,1.881,2.7169,3.5529,4.3889,5.2249,6.0608
acceleration,1140,7.523809523809524,0,0,0,0,0,0,47.0238,47.0114,0,0.209,1.045,1.881,2.7169,3.5529,4.3889,5.2249,6.0608
acceleration,1141,7.523809523809524,0,0,0,0,0,0,47.0238,46.8386,1,0.209,1.045,1.881,2.7169,3.5529,4.3889,5.2249,6.0608
acceleration,1142,7.523809523809524,0,0,0,0,0,0,47.0238,47.587,0,0.209,1.045,1.881,2.7169,3.5529,4.3889,5.2249,6.0608
acceleration,1143,7.523809523809524,0,0,0,0,0,0,47.0238,47.5407,1,0.209,1.045,1.881,2.7169,3.5529,4.3889,5.2249,6.0608
acceleration,1144,7.523809523809524,0,0,0,0,0,0,47.0238,47.3165,1,0.209,1.045,1.881,2.7169,3.5529,4.3889,5.2249,6.0608
acceleration,1145,7.523809523809524,0,0,0,0,0,0,47.0238,46.8199,2,0.209,1.045,1.881,2.7169,3.5529,4.3889,5.2249,6.0608
acceleration,1146,7.523809523809524,0,0,0,0,0,0,47.0238,46.4224,2,0.209,1.045,1.881,2.7169,3.5529,4.3889,5.2249,6.0608
acceleration,1147,7.523809523809524,0,0,0,0,0,0,47.0238,47.0629,1,0.209,1.045,1.881,2.7169,3.5529,4.3889,5.2249,6.0608
acceleration,1148,7.523809523809524,0,0,0,0,0,0,47.0238,47.465,0,0.209,1.045,1.881,2.7169,3.5529,4.3889,5.2249,6.0608
acceleration,1149,7.523809523809524,0,0,0,0,0,0,47.0238,46.804,1,0.209,1.045,1.881,2.7169,3.5529,4.3889,5.2249,6.0608
acceleration,1150,7.523809523809524,0,0,0,0,0,0,47.0238,47.1738,0,0.209,1.045,1.881,2.7169,3.5529,4.3889,5.2249,6.0608
acceleration,1151,7.523809523809524,0,0,0,0,0,0,47.0238,47.4877,1,0.209,1.045,1.881,2.7169,3.5529,4.3889,5.2249,6.0608
acceleration,1152,7.678571428571429,0,0,0,0,0,0,47.9911,48.0,1,0.2133,1.0665,1.9196,2.7728,3.626,4.4792,5.3323,6.1855
acceleration,1153,7.678571428571429,0,0,0,0,0,0,47.9911,47.9036,0,0.2133,1.0665,1.9196,2.7728,3.626,4.4792,5.3323,6.1855
acceleration,1154,7.678571428571429,0,0,0,0,0,0,47.9911,48.2076,2,0.2133,1.0665,1.9196,2.7728,3.626,4.4792,5.3323,6.1855
acceleration,1155,7.678571428571429,0,0,0,0,0,0,47.9911,48.2351,0,0.2133,1.0665,1.9196,2.7728,3.626,4.4792,5.3323,6.1855
acceleration,1156,7.678571428571429,0,0,0,0,0,0,47.9911,47.5182,1,0.2133,1.0665,1.9196,2.7728,3.626,4.4792,5.3323,6.1855
acceleration,1157,7.678571428571429,0,0,0,0,0,0,47.9911,48.2113,1,0.2133,1.0665,1.9196,2.7728,3.626,4.4792,5.3323,6.1855
acceleration,1158,7.678571428571429,0,0,0,0,0,0,47.9911,47.9883,0,0.2133,1.0665,1.9196,2.7728,3.626,4.4792,5.3323,6.1855
acceleration,1159,7.678571428571429,0,0,0,0,0,0,47.9911,48.0577,1,0.2133,1.0665,1.9196,2.7728,3.626,4.4792,5.3323,6.1855
acceleration,1160,7.678571428571429,0,0,0,0,0,0,47.9911,48.0571,0,0.2133,1.0665,1.9196,2.7728,3.626,4.4792,5.3323,6.1855
acceleration,1161,7.678571428571429,0,0,0,0,0,0,47.9911,48.1715,1,0.2133,1.0665,1.9196,2.7728,3.626,4.4792,5.3323,6.1855
acceleration,1162,7.678571428571429,0,0,0,0,0,0,47.9911,47.8073,1,0.2133,1.0665,1.9196,2.7728,3.626,4.4792,5.3323,6.1855
acceleration,1163,7.678571428571429,0,0,0,0,0,0,47.9911,48.3489,1,0.2133,1.0665,1.9196,2.7728,3.626,4.4792,5.3323,6.1855
acceleration,1164,7.678571428571429,0,0,0,0,0,0,47.9911,47.9056,1,0.2133,1.0665,1.9196,2.7728,3.626,4.4792,5.3323,6.1855
acceleration,1165,7.678571428571429,0,0,0,0,0,0,47.9911,47.1864,1,0.2133,1.0665,1.9196,2.7728,3.626,4.4792,5.3323,6.1855
acceleration,1166,7.678571428571429,0,0,0,0,0,0,47.9911,47.7034,1,0.2133,1.0665,1.9196,2.7728,3.626,4.4792,5.3323,6.1855
acceleration,1167,7.678571428571429,0,0,0,0,0,0,47.9911,47.9196,1,0.2133,1.0665,1.9196,2.7728,3.626,4.4792,5.3323,6.1855
acceleration,1168,7.678571428571429,0,0,0,0,0,0,47.9911,47.9855,1,0.2133,1.0665,1.9196,2.7728,3.626,4.4792,5.3323,6.1855
acceleration,1169,7.678571428571429,0,0,0,0,0,0,47.9911,47.9451,1,0.2133,1.0665,1.9196,2.7728,3.626,4.4792,5.3323,6.1855
acceleration,1170,7.678571428571429,0,0,0,0,0,0,47.9911,48.2083,0,0.2133,1.0665,1.9196,2.7728,3.626,4.4792,5.3323,6.1855
acceleration,1171,7.678571428571429,0,0,0,0,0,0,47.9911,47.1104,2,0.2133,1.0665,1.9196,2.7728,3.626,4.4792,5.3323,6.1855
acceleration,1172,7.678571428571429,0,0,0,0,0,0,47.9911,48.7944,0,0.2133,1.0665,1.9196,2.7728,3.626,4.4792,5.3323,6.1855
acceleration,1173,7.678571428571429,0,0,0,0,0,0,47.9911,47.5947,1,0.2133,1.0665,1.9196,2.7728,3.626,4.4792,5.3323,6.1855
acceleration,1174,7.678571428571429,0,0,0,0,0,0,47.9911,47.7368,1,0.2133,1.0665,1.9196,2.7728,3.626,4.4792,5.3323,6.1855
acceleration,1175,7.678571428571429,0,0,0,0,0,0,47.9911,47.0699,1,0.2133,1.0665,1.9196,2.7728,3.626,4.4792,5.3323,6.1855
acceleration,1176,7.833333333333334,0,0,0,0,0,0,48.9583,48.1422,1,0.2176,1.088,1.9583,2.8287,3.6991,4.5694,5.4398,6.3102
acceleration,1177,7.833333333333334,0,0,0,0,0,0,48.9583,49.7333,0,0.2176,1.088,1.9583,2.8287,3.6991,4.5694,5.4398,6.3102
acceleration,1178,7.833333333333334,0,0,0,0,0,0,48.9583,49.6492,0,0.2176,1.088,1.9583,2.8287,3.6991,4.5694,5.4398,6.3102
acceleration,1179,7.833333333333334,0,0,0,0,0,0,48.9583,48.9006,1,0.2176,1.088,1.9583,2.8287,3.6991,4.5694,5.4398,6.3102
acceleration,1180,7.833333333333334,0,0,0,0,0,0,48.9583,49.1263,1,0.2176,1.088,1.9583,2.8287,3.6991,4.5694,5.4398,6.3102
acceleration,1181,7.833333333333334,0,0,0,0,0,0,48.9583,48.7218,1,0.2176,1.088,1.9583,2.8287,3.6991,4.5694,5.4398,6.3102
acceleration,1182,7.833333333333334,0,0,0,0,0,0,48.9583,48.942,1,0.2176,1.088,1.9583,2.8287,3.6991,4.5694,5.4398,6.3102
acceleration,1183,7.833333333333334,0,0,0,0,0,0,48.9583,48.8478,1,0.2176,1.088,1.9583,2.8287,3.6991,4.5694,5.4398,6.3102
acceleration,1184,7.833333333333334,0,0,0,0,0,0,48.9583,49.0666,0,0.2176,1.088,1.9583,2.8287,3.6991,4.5694,5.4398,6.3102
acceleration,1185,7.833333333333334,0,0,0,0,0,0,48.9583,48.919,1,0.2176,1.088,1.9583,2.8287,3.6991,4.5694,5.4398,6.3102
acceleration,1186,7.833333333333334,0,0,0,0,0,0,48.9583,49.28,0,0.2176,1.088,1.9583,2.8287,3.6991,4.5694,5.4398,6.3102
acceleration,1187,7.833333333333334,0,0,0,0,0,0,48.9583,49.0106,1,0.2176,1.088,1.9583,2.8287,3.6991,4.5694,5.4398,6.3102
acceleration,1188,7.833333333333334,0,0,0,0,0,0,48.9583,48.7423,1,0.2176,1.088,1.9583,2.8287,3.6991,4.5694,5.4398,6.3102
acceleration,1189,7.833333333333334,0,0,0,0,0,0,48.9583,49.0484,0,0.2176,1.088,1.9583,2.8287,3.6991,4.5694,5.4398,6.3102
acceleration,1190,7.833333333333334,0,0,0,0,0,0,48.9583,48.691,1,0.2176,1.088,1.9583,2.8287,3.6991,4.5694,5.4398,6.3102
acceleration,1191,7.833333333333334,0,0,0,0,0,0,48.9583,48.9348,0,0.2176,1.088,1.9583,2.8287,3.6991,4.5694,5.4398,6.3102
acceleration,1192,7.833333333333334,0,0,0,0,0,0,48.9583,49.2697,0,0.2176,1.088,1.9583,2.8287,3.6991,4.5694,5.4398,6.3102
acceleration,1193,7.833333333333334,0,0,0,0,0,0,48.9583,48.7676,1,0.2176,1.088,1.9583,2.8287,3.6991,4.5694,5.4398,6.3102
acceleration,1194,7.833333333333334,0,0,0,0,0,0,48.9583,49.0298,1,0.2176,1.088,1.9583,2.8287,3.6991,4.5694,5.4398,6.3102
acceleration,1195,7.833333333333334,0,0,0,0,0,0,48.9583,48.8809,1,0.2176,1.088,1.9583,2.8287,3.6991,4.5694,5.4398,6.3102
acceleration,1196,7.833333333333334,0,0,0,0,0,0,48.9583,49.2624,1,0.2176,1.088,1.9583,2.8287,3.6991,4.5694,5.4398,6.3102
acceleration,1197,7.833333333333334,0,0,0,0,0,0,48.9583,48.7339,1,0.2176,1.088,1.9583,2.8287,3.6991,4.5694,5.4398,6.3102
acceleration,1198,7.833333333333334,0,0,0,0,0,0,48.9583,49.1173,0,0.2176,1.088,1.9583,2.8287,3.6991,4.5694,5.4398,6.3102
acceleration,1199,7.833333333333334,0,0,0,0,0,0,48.9583,49.0389,1,0.2176,1.088,1.9583,2.8287,3.6991,4.5694,5.4398,6.3102
acceleration,1200,7.988095238095238,0,0,0,0,0,0,49.9256,50.0007,1,0.2219,1.1095,1.997,2.8846,3.7722,4.6597,5.5473,6.4349
acceleration,1201,7.988095238095238,0,0,0,0,0,0,49.9256,49.9891,0,0.2219,1.1095,1.997,2.8846,3.7722,4.6597,5.5473,6.4349
acceleration,1202,7.988095238095238,0,0,0,0,0,0,49.9256,50.2,0,0.2219,1.1095,1.997,2.8846,3.7722,4.6597,5.5473,6.4349
acceleration,1203,7.988095238095238,0,0,0,0,0,0,49.9256,50.006,0,0.2219,1.1095,1.997,2.8846,3.7722,4.6597,5.5473,6.4349
acceleration,1204,7.988095238095238,0,0,0,0,0,0,49.9256,50.0844,1,0.2219,1.1095,1.997,2.8846,3.7722,4.6597,5.5473,6.4349
acceleration,1205,7.988095238095238,0,0,0,0,0,0,49.9256,48.9901,2,0.2219,1.1095,1.997,2.8846,3.7722,4.6597,5.5473,6.4349
acceleration,1206,7.988095238095238,0,0,0,0,0,0,49.9256,49.7515,1,0.2219,1.1095,1.997,2.8846,3.7722,4.6597,5.5473,6.4349
acceleration,1207,7.988095238095238,0,0,0,0,0,0,49.9256,49.1347,2,0.2219,1.1095,1.997,2.8846,3.7722,4.6597,5.5473,6.4349
acceleration,1208,7.988095238095238,0,0,0,0,0,0,49.9256,49.6292,0,0.2219,1.1095,1.997,2.8846,3.7722,4.6597,5.5473,6.4349
acceleration,1209,7.988095238095238,0,0,0,0,0,0,49.9256,49.5852,0,0.2219,1.1095,1.997,2.8846,3.7722,4.6597,5.5473,6.4349
acceleration,1210,7.988095238095238,0,0,0,0,0,0,49.9256,50.0,0,0.2219,1.1095,1.997,2.8846,3.7722,4.6597,5.5473,6.4349
acceleration,1211,7.988095238095238,0,0,0,0,0,0,49.9256,50.0962,1,0.2219,1.1095,1.997,2.8846,3.7722,4.6597,5.5473,6.4349
acceleration,1212,7.988095238095238,0,0,0,0,0,0,49.9256,49.858,1,0.2219,1.1095,1.997,2.8846,3.7722,4.6597,5.5473,6.4349
acceleration,1213,7.988095238095238,0,0,0,0,0,0,49.9256,50.1985,1,0.2219,1.1095,1.997,2.8846,3.7722,4.6597,5.5473,6.4349
acceleration,1214,7.988095238095238,0,0,0,0,0,0,49.9256,49.7573,1,0.2219,1.1095,1.997,2.8846,3.7722,4.6597,5.5473,6.4349
acceleration,1215,7.988095238095238,0,0,0,0,0,0,49.9256,49.6824,0,0.2219,1.1095,1.997,2.8846,3.7722,4.6597,5.5473,6.4349
acceleration,1216,7.988095238095238,0,0,0,0,0,0,49.9256,49.927,0,0.2219,1.1095,1.997,2.8846,3.7722,4.6597,5.5473,6.4349
acceleration,1217,7.988095238095238,0,0,0,0,0,0,49.9256,50.0162,0,0.2219,1.1095,1.997,2.8846,3.7722,4.6597,5.5473,6.4349
acceleration,1218,7.988095238095238,0,0,0,0,0,0,49.9256,50.2531,0,0.2219,1.1095,1.997,2.8846,3.7722,4.6597,5.5473,6.4349
acceleration,1219,7.988095238095238,0,0,0,0,0,0,49.9256,50.0251,1,0.2219,1.1095,1.997,2.8846,3.7722,4.6597,5.5473,6.4349
acceleration,1220,7.988095238095238,0,0,0,0,0,0,49.9256,48.9995,1,0.2219,1.1095,1.997,2.8846,3.7722,4.6597,5.5473,6.4349
acceleration,1221,7.988095238095238,0,0,0,0,0,0,49.9256,50.3483,0,0.2219,1.1095,1.997,2.8846,3.7722,4.6597,5.5473,6.4349
acceleration,1222,7.988095238095238,0,0,0,0,0,0,49.9256,49.7258,2,0.2219,1.1095,1.997,2.8846,3.7722,4.6597,5.5473,6.4349
acceleration,1223,7.988095238095238,0,0,0,0,0,0,49.9256,49.2222,2,0.2219,1.1095,1.997,2.8846,3.7722,4.6597,5.5473,6.4349
acceleration,1224,8.142857142857142,0,0,0,0,0,0,50.8929,50.0451,1,0.2262,1.131,2.0357,2.9405,3.8452,4.75,5.6548,6.5595
acceleration,1225,8.142857142857142,0,0,0,0,0,0,50.8929,51.0097,1,0.2262,1.131,2.0357,2.9405,3.8452,4.75,5.6548,6.5595
acceleration,1226,8.142857142857142,0,0,0,0,0,0,50.8929,51.1761,1,0.2262,1.131,2.0357,2.9405,3.8452,4.75,5.6548,6.5595
acceleration,1227,8.142857142857142,0,0,0,0,0,0,50.8929,50.7769,1,0.2262,1.131,2.0357,2.9405,3.8452,4.75,5.6548,6.5595
acceleration,1228,8.142857142857142,0,0,0,0,0,0,50.8929,51.23,0,0.2262,1.131,2.0357,2.9405,3.8452,4.75,5.6548,6.5595
acceleration,1229,8.142857142857142,0,0,0,0,0,0,50.8929,51.4236,1,0.2262,1.131,2.0357,2.9405,3.8452,4.75,5.6548,6.5595
acceleration,1230,8.142857142857142,0,0,0,0,0,0,50.8929,50.944,1,0.2262,1.131,2.0357,2.9405,3.8452,4.75,5.6548,6.5595
acceleration,1231,8.142857142857142,0,0,0,0,0,0,50.8929,50.9485,1,0.2262,1.131,2.0357,2.9405,3.8452,4.75,5.6548,6.5595
acceleration,1232,8.142857142857142,0,0,0,0,0,0,50.8929,51.0704,2,0.2262,1.131,2.0357,2.9405,3.8452,4.75,5.6548,6.5595
acceleration,1233,8.142857142857142,0,0,0,0,0,0,50.8929,50.4478,1,0.2262,1.131,2.0357,2.9405,3.8452,4.75,5.6548,6.5595
acceleration,1234,8.142857142857142,0,0,0,0,0,0,50.8929,51.2209,1,0.2262,1.131,2.0357,2.9405,3.8452,4.75,5.6548,6.5595
acceleration,1235,8.142857142857142,0,0,0,0,0,0,50.8929,50.9443,1,0.2262,1.131,2.0357,2.9405,3.8452,4.75,5.6548,6.5595
acceleration,1236,8.142857142857142,0,0,0,0,0,0,50.8929,50.4095,1,0.2262,1.131,2.0357,2.9405,3.8452,4.75,5.6548,6.5595
acceleration,1237,8.142857142857142,0,0,0,0,0,0,50.8929,50.9837,1,0.2262,1.131,2.0357,2.9405,3.8452,4.75,5.6548,6.5595
acceleration,1238,8.142857142857142,0,0,0,0,0,0,50.8929,50.2519,1,0.2262,1.131,2.0357,2.9405,3.8452,4.75,5.6548,6.5595
acceleration,1239,8.142857142857142,0,0,0,0,0,0,50.8929,50.9237,1,0.2262,1.131,2.0357,2.9405,3.8452,4.75,5.6548,6.5595
acceleration,1240,8.142857142857142,0,0,0,0,0,0,50.8929,50.3273,1,0.2262,1.131,2.0357,2.9405,3.8452,4.75,5.6548,6.5595
acceleration,1241,8.142857142857142,0,0,0,0,0,0,50.8929,51.0554,0,0.2262,1.131,2.0357,2.9405,3.8452,4.75,5.6548,6.5595
acceleration,1242,8.142857142857142,0,0,0,0,0,0,50.8929,51.8917,1,0.2262,1.131,2.0357,2.9405,3.8452,4.75,5.6548,6.5595
acceleration,1243,8.142857142857142,0,0,0,0,0,0,50.8929,50.6125,1,0.2262,1.131,2.0357,2.9405,3.8452,4.75,5.6548,6.5595
acceleration,1244,8.142857142857142,0,0,0,0,0,0,50.8929,51.1868,0,0.2262,1.131,2.0357,2.9405,3.8452,4.75,5.6548,6.5595
acceleration,1245,8.142857142857142,0,0,0,0,0,0,50.8929,50.4769,1,0.2262,1.131,2.0357,2.9405,3.8452,4.75,5.6548,6.5595
acceleration,1246,8.142857142857142,0,0,0,0,0,0,50.8929,51.0766,0,0.2262,1.131,2.0357,2.9405,3.8452,4.75,5.6548,6.5595
acceleration,1247,8.142857142857142,0,0,0,0,0,0,50.8929,51.0456,1,0.2262,1.131,2.0357,2.9405,3.8452,4.75,5.6548,6.5595
acceleration,1248,8.297619047619047,0,0,0,0,0,0,51.8601,51.67,1,0.2305,1.1524,2.0744,2.9964,3.9183,4.8403,5.7622,6.6842
acceleration,1249,8.297619047619047,0,0,0,0,0,0,51.8601,52.3546,1,0.2305,1.1524,2.0744,2.9964,3.9183,4.8403,5.7622,6.6842
acceleration,1250,8.297619047619047,0,0,0,0,0,0,51.8601,52.7341,0,0.2305,1.1524,2.0744,2.9964,3.9183,4.8403,5.7622,6.6842
acceleration,1251,8.297619047619047,0,0,0,0,0,0,51.8601,51.0798,2,0.2305,1.1524,2.0744,2.9964,3.9183,4.8403,5.7622,6.6842
acceleration,1252,8.297619047619047,0,0,0,0,0,0,51.8601,52.0,1,0.2305,1.1524,2.0744,2.9964,3.9183,4.8403,5.7622,6.6842
acceleration,1253,8.297619047619047,0,0,0,0,0,0,51.8601,51.9127,1,0.2305,1.1524,2.0744,2.9964,3.9183,4.8403,5.7622,6.6842
acceleration,1254,8.297619047619047,0,0,0,0,0,0,51.8601,51.8669,1,0.2305,1.1524,2.0744,2.9964,3.9183,4.8403,5.7622,6.6842
acceleration,1255,8.297619047619047,0,0,0,0,0,0,51.8601,52.2308,1,0.2305,1.1524,2.0744,2.9964,3.9183,4.8403,5.7622,6.6842
acceleration,1256,8.297619047619047,0,0,0,0,0,0,51.8601,51.6057,1,0.2305,1.1524,2.0744,2.9964,3.9183,4.8403,5.7622,6.6842
acceleration,1257,8.297619047619047,0,0,0,0,0,0,51.8601,51.8246,0,0.2305,1.1524,2.0744,2.9964,3.9183,4.8403,5.7622,6.6842
acceleration,1258,8.297619047619047,0,0,0,0,0,0,51.8601,51.0203,1,0.2305,1.1524,2.0744,2.9964,3.9183,4.8403,5.7622,6.6842
acceleration,1259,8.297619047619047,0,0,0,0,0,0,51.8601,52.145,0,0.2305,1.1524,2.0744,2.9964,3.9183,4.8403,5.7622,6.6842
acceleration,1260,8.297619047619047,0,0,0,0,0,0,51.8601,51.7065,0,0.2305,1.1524,2.0744,2.9964,3.9183,4.8403,5.7622,6.6842
acceleration,1261,8.297619047619047,0,0,0,0,0,0,51.8601,51.3749,1,0.2305,1.1524,2.0744,2.9964,3.9183,4.8403,5.7622,6.6842
acceleration,1262,8.297619047619047,0,0,0,0,0,0,51.8601,51.9233,0,0.2305,1.1524,2.0744,2.9964,3.9183,4.8403,5.7622,6.6842
acceleration,1263,8.297619047619047,0,0,0,0,0,0,51.8601,51.8836,2,0.2305,1.1524,2.0744,2.9964,3.9183,4.8403,5.7622,6.6842
acceleration,1264,8.297619047619047,0,0,0,0,0,0,51.8601,51.9868,1,0.2305,1.1524,2.0744,2.9964,3.9183,4.8403,5.7622,6.6842
acceleration,1265,8.297619047619047,0,0,0,0,0,0,51.8601,51.1899,1,0.2305,1.1524,2.0744,2.9964,3.9183,4.8403,5.7622,6.6842
acceleration,1266,8.297619047619047,0,0,0,0,0,0,51.8601,51.7798,1,0.2305,1.1524,2.0744,2.9964,3.9183,4.8403,5.7622,6.6842
acceleration,1267,8.297619047619047,0,0,0,0,0,0,51.8601,52.3734,1,0.2305,1.1524,2.0744,2.9964,3.9183,4.8403,5.7622,6.6842
acceleration,1268,8.297619047619047,0,0,0,0,0,0,51.8601,52.017,1,0.2305,1.1524,2.0744,2.9964,3.9183,4.8403,5.7622,6.6842
acceleration,1269,8.297619047619047,0,0,0,0,0,0,51.8601,52.383,1,0.2305,1.1524,2.0744,2.9964,3.9183,4.8403,5.7622,6.6842
acceleration,1270,8.297619047619047,0,0,0,0,0,0,51.8601,51.9448,1,0.2305,1.1524,2.0744,2.9964,3.9183,4.8403,5.7622,6.6842
acceleration,1271,8.297619047619047,0,0,0,0,0,0,51.8601,51.2794,1,0.2305,1.1524,2.0744,2.9964,3.9183,4.8403,5.7622,6.6842
acceleration,1272,8.452380952380953,0,0,0,0,0,0,52.8274,52.3542,1,0.2348,1.1739,2.1131,3.0522,3.9914,4.9306,5.8697,6.8089
acceleration,1273,8.452380952380953,0,0,0,0,0,0,52.8274,53.0143,1,0.2348,1.1739,2.1131,3.0522,3.9914,4.9306,5.8697,6.8089
acceleration,1274,8.452380952380953,0,0,0,0,0,0,52.8274,53.2962,0,0.2348,1.1739,2.1131,3.0522,3.9914,4.9306,5.8697,6.8089
acceleration,1275,8.452380952380953,0,0,0,0,0,0,52.8274,52.748,1,0.2348,1.1739,2.1131,3.0522,3.9914,4.9306,5.8697,6.8089
acceleration,1276,8.452380952380953,0,0,0,0,0,0,52.8274,53.2731,1,0.2348,1.1739,2.1131,3.0522,3.9914,4.9306,5.8697,6.8089
acceleration,1277,8.452380952380953,0,0,0,0,0,0,52.8274,52.9996,1,0.2348,1.1739,2.1131,3.0522,3.9914,4.9306,5.8697,6.8089
acceleration,1278,8.452380952380953,0,0,0,0,0,0,52.8274,53.3029,1,0.2348,1.1739,2.1131,3.0522,3.9914,4.9306,5.8697,6.8089
acceleration,1279,8.452380952380953,0,0,0,0,0,0,52.8274,52.9528,1,0.2348,1.1739,2.1131,3.0522,3.9914,4.9306,5.8697,6.8089
acceleration,1280,8.452380952380953,0,0,0,0,0,0,52.8274,53.0621,1,0.2348,1.1739,2.1131,3.0522,3.9914,4.9306,5.8697,6.8089
acceleration,1281,8.452380952380953,0,0,0,0,0,0,52.8274,52.2127,1,0.2348,1.1739,2.1131,3.0522,3.9914,4.9306,5.8697,6.8089
acceleration,1282,8.452380952380953,0,0,0,0,0,0,52.8274,52.5149,1,0.2348,1.1739,2.1131,3.0522,3.9914,4.9306,5.8697,6.8089
acceleration,1283,8.452380952380953,0,0,0,0,0,0,52.8274,52.0237,2,0.2348,1.1739,2.1131,3.0522,3.9914,4.9306,5.8697,6.8089
acceleration,1284,8.452380952380953,0,0,0,0,0,0,52.8274,52.4918,1,0.2348,1.1739,2.1131,3.0522,3.9914,4.9306,5.8697,6.8089
acceleration,1285,8.452380952380953,0,0,0,0,0,0,52.8274,52.3581,1,0.2348,1.1739,2.1131,3.0522,3.9914,4.9306,5.8697,6.8089
acceleration,1286,8.452380952380953,0,0,0,0,0,0,52.8274,52.3003,1,0.2348,1.1739,2.1131,3.0522,3.9914,4.9306,5.8697,6.8089
acceleration,1287,8.452380952380953,0,0,0,0,0,0,52.8274,52.6324,1,0.2348,1.1739,2.1131,3.0522,3.9914,4.9306,5.8697,6.8089
acceleration,1288,8.452380952380953,0,0,0,0,0,0,52.8274,51.8373,1,0.2348,1.1739,2.1131,3.0522,3.9914,4.9306,5.8697,6.8089
acceleration,1289,8.452380952380953,0,0,0,0,0,0,52.8274,53.0513,0,0.2348,1.1739,2.1131,3.0522,3.9914,4.9306,5.8697,6.8089
acceleration,1290,8.452380952380953,0,0,0,0,0,0,52.8274,53.1508,1,0.2348,1.1739,2.1131,3.0522,3.9914,4.9306,5.8697,6.8089
acceleration,1291,8.452380952380953,0,0,0,0,0,0,52.8274,52.7206,0,0.2348,1.1739,2.1131,3.0522,3.9914,4.9306,5.8697,6.8089
acceleration,1292,8.452380952380953,0,0,0,0,0,0,52.8274,52.2833,1,0.2348,1.1739,2.1131,3.0522,3.9914,4.9306,5.8697,6.8089
acceleration,1293,8.452380952380953,0,0,0,0,0,0,52.8274,52.9314,1,0.2348,1.1739,2.1131,3.0522,3.9914,4.9306,5.8697,6.8089
acceleration,1294,8.452380952380953,0,0,0,0,0,0,52.8274,53.2826,1,0.2348,1.1739,2.1131,3.0522,3.9914,4.9306,5.8697,6.8089
acceleration,1295,8.452380952380953,0,0,0,0,0,0,52.8274,51.8366,1,0.2348,1.1739,2.1131,3.0522,3.9914,4.9306,5.8697,6.8089
acceleration,1296,8.607142857142858,0,0,0,0,0,0,53.7946,54.1519,0,0.2391,1.1954,2.1518,3.1081,4.0645,5.0208,5.9772,6.9335
acceleration,1297,8.607142857142858,0,0,0,0,0,0,53.7946,53.2795,1,0.2391,1.1954,2.1518,3.1081,4.0645,5.0208,5.9772,6.9335
acceleration,1298,8.607142857142858,0,0,0,0,0,0,53.7946,54.2836,1,0.2391,1.1954,2.1518,3.1081,4.0645,5.0208,5.9772,6.9335
acceleration,1299,8.607142857142858,0,0,0,0,0,0,53.7946,54.6225,0,0.2391,1.1954,2.1518,3.1081,4.0645,5.0208,5.9772,6.9335
acceleration,1300,8.607142857142858,0,0,0,0,0,0,53.7946,53.9941,0,0.2391,1.1954,2.1518,3.1081,4.0645,5.0208,5.9772,6.9335
acceleration,1301,8.607142857142858,0,0,0,0,0,0,53.7946,53.4386,1,0.2391,1.1954,2.1518,3.1081,4.0645,5.0208,5.9772,6.9335
acceleration,1302,8.607142857142858,0,0,0,0,0,0,53.7946,53.7682,0,0.2391,1.1954,2.1518,3.1081,4.0645,5.0208,5.9772,6.9335
acceleration,1303,8.607142857142858,0,0,0,0,0,0,53.7946,53.5426,2,0.2391,1.1954,2.1518,3.1081,4.0645,5.0208,5.9772,6.9335
acceleration,1304,8.607142857142858,0,0,0,0,0,0,53.7946,54.172,1,0.2391,1.1954,2.1518,3.1081,4.0645,5.0208,5.9772,6.9335
acceleration,1305,8.607142857142858,0,0,0,0,0,0,53.7946,54.0663,1,0.2391,1.1954,2.1518,3.1081,4.0645,5.0208,5.9772,6.9335
acceleration,1306,8.607142857142858,0,0,0,0,0,0,53.7946,54.1936,1,0.2391,1.1954,2.1518,3.1081,4.0645,5.0208,5.9772,6.9335
acceleration,1307,8.607142857142858,0,0,0,0,0,0,53.7946,53.2178,1,0.2391,1.1954,2.1518,3.1081,4.0645,5.0208,5.9772,6.9335
acceleration,1308,8.607142857142858,0,0,0,0,0,0,53.7946,54.1696,0,0.2391,1.1954,2.1518,3.1081,4.0645,5.0208,5.9772,6.9335
acceleration,1309,8.607142857142858,0,0,0,0,0,0,53.7946,53.6071,1,0.2391,1.1954,2.1518,3.1081,4.0645,5.0208,5.9772,6.9335
acceleration,1310,8.607142857142858,0,0,0,0,0,0,53.7946,54.02,1,0.2391,1.1954,2.1518,3.1081,4.0645,5.0208,5.9772,6.9335
acceleration,1311,8.607142857142858,0,0,0,0,0,0,53.7946,54.5836,1,0.2391,1.1954,2.1518,3.1081,4.0645,5.0208,5.9772,6.9335
acceleration,1312,8.607142857142858,0,0,0,0,0,0,53.7946,54.0202,0,0.2391,1.1954,2.1518,3.1081,4.0645,5.0208,5.9772,6.9335
acceleration,1313,8.607142857142858,0,0,0,0,0,0,53.7946,53.1674,1,0.2391,1.1954,2.1518,3.1081,4.0645,5.0208,5.9772,6.9335
acceleration,1314,8.607142857142858,0,0,0,0,0,0,53.7946,54.2838,1,0.2391,1.1954,2.1518,3.1081,4.0645,5.0208,5.9772,6.9335
acceleration,1315,8.607142857142858,0,0,0,0,0,0,53.7946,53.1855,1,0.2391,1.1954,2.1518,3.1081,4.0645,5.0208,5.9772,6.9335
acceleration,1316,8.607142857142858,0,0,0,0,0,0,53.7946,54.0527,1,0.2391,1.1954,2.1518,3.1081,4.0645,5.0208,5.9772,6.9335
acceleration,1317,8.607142857142858,0,0,0,0,0,0,53.7946,53.0458,1,0.2391,1.1954,2.1518,3.1081,4.0645,5.0208,5.9772,6.9335
acceleration,1318,8.607142857142858,0,0,0,0,0,0,53.7946,53.7846,1,0.2391,1.1954,2.1518,3.1081,4.0645,5.0208,5.9772,6.9335
acceleration,1319,8.607142857142858,0,0,0,0,0,0,53.7946,54.4404,0,0.2391,1.1954,2.1518,3.1081,4.0645,5.0208,5.9772,6.9335
acceleration,1320,8.761904761904763,0,0,0,0,0,0,54.7619,54.0045,1,0.2434,1.2169,2.1905,3.164,4.1376,5.1111,6.0847,7.0582
acceleration,1321,8.761904761904763,0,0,0,0,0,0,54.7619,55.0629,1,0.2434,1.2169,2.1905,3.164,4.1376,5.1111,6.0847,7.0582
acceleration,1322,8.761904761904763,0,0,0,0,0,0,54.7619,54.0631,1,0.2434,1.2169,2.1905,3.164,4.1376,5.1111,6.0847,7.0582
acceleration,1323,8.761904761904763,0,0,0,0,0,0,54.7619,53.7543,2,0.2434,1.2169,2.1905,3.164,4.1376,5.1111,6.0847,7.0582
acceleration,1324,8.761904761904763,0,0,0,0,0,0,54.7619,54.3756,1,0.2434,1.2169,2.1905,3.164,4.1376,5.1111,6.0847,7.0582
acceleration,1325,8.761904761904763,0,0,0,0,0,0,54.7619,54.1915,1,0.2434,1.2169,2.1905,3.164,4.1376,5.1111,6.0847,7.0582
acceleration,1326,8.761904761904763,0,0,0,0,0,0,54.7619,54.0033,1,0.2434,1.2169,2.1905,3.164,4.1376,5.1111,6.0847,7.0582
acceleration,1327,8.761904761904763,0,0,0,0,0,0,54.7619,54.2619,1,0.2434,1.2169,2.1905,3.164,4.1376,5.1111,6.0847,7.0582
acceleration,1328,8.761904761904763,0,0,0,0,0,0,54.7619,55.1466,1,0.2434,1.2169,2.1905,3.164,4.1376,5.1111,6.0847,7.0582
acceleration,1329,8.761904761904763,0,0,0,0,0,0,54.7619,54.0222,1,0.2434,1.2169,2.1905,3.164,4.1376,5.1111,6.0847,7.0582
acceleration,1330,8.761904761904763,0,0,0,0,0,0,54.7619,54.6196,1,0.2434,1.2169,2.1905,3.164,4.1376,5.1111,6.0847,7.0582
acceleration,1331,8.761904761904763,0,0,0,0,0,0,54.7619,54.9487,1,0.2434,1.2169,2.1905,3.164,4.1376,5.1111,6.0847,7.0582
acceleration,1332,8.761904761904763,0,0,0,0,0,0,54.7619,55.5341,0,0.2434,1.2169,2.1905,3.164,4.1376,5.1111,6.0847,7.0582
acceleration,1333,8.761904761904763,0,0,0,0,0,0,54.7619,55.5085,0,0.2434,1.2169,2.1905,3.164,4.1376,5.1111,6.0847,7.0582
acceleration,1334,8.761904761904763,0,0,0,0,0,0,54.7619,54.2253,1,0.2434,1.2169,2.1905,3.164,4.1376,5.1111,6.0847,7.0582
acceleration,1335,8.761904761904763,0,0,0,0,0,0,54.7619,55.1523,1,0.2434,1.2169,2.1905,3.164,4.1376,5.1111,6.0847,7.0582
acceleration,1336,8.761904761904763,0,0,0,0,0,0,54.7619,55.3084,0,0.2434,1.2169,2.1905,3.164,4.1376,5.1111,6.0847,7.0582
acceleration,1337,8.761904761904763,0,0,0,0,0,0,54.7619,54.8915,1,0.2434,1.2169,2.1905,3.164,4.1376,5.1111,6.0847,7.0582
acceleration,1338,8.761904761904763,0,0,0,0,0,0,54.7619,54.4059,1,0.2434,1.2169,2.1905,3.164,4.1376,5.1111,6.0847,7.0582
acceleration,1339,8.761904761904763,0,0,0,0,0,0,54.7619,54.4364,1,0.2434,1.2169,2.1905,3.164,4.1376,5.1111,6.0847,7.0582
acceleration,1340,8.761904761904763,0,0,0,0,0,0,54.7619,54.382,1,0.2434,1.2169,2.1905,3.164,4.1376,5.1111,6.0847,7.0582
acceleration,1341,8.761904761904763,0,0,0,0,0,0,54.7619,54.2041,1,0.2434,1.2169,2.1905,3.164,4.1376,5.1111,6.0847,7.0582
acceleration,1342,8.761904761904763,0,0,0,0,0,0,54.7619,54.6041,1,0.2434,1.2169,2.1905,3.164,4.1376,5.1111,6.0847,7.0582
acceleration,1343,8.761904761904763,0,0,0,0,0,0,54.7619,54.2173,2,0.2434,1.2169,2.1905,3.164,4.1376,5.1111,6.0847,7.0582
acceleration,1344,8.916666666666668,0,0,0,0,0,0,55.7292,55.1281,1,0.2477,1.2384,2.2292,3.2199,4.2106,5.2014,6.1921,7.1829
acceleration,1345,8.916666666666668,0,0,0,0,0,0,55.7292,55.6918,0,0.2477,1.2384,2.2292,3.2199,4.2106,5.2014,6.1921,7.1829
acceleration,1346,8.916666666666668,0,0,0,0,0,0,55.7292,55.0846,1,0.2477,1.2384,2.2292,3.2199,4.2106,5.2014,6.1921,7.1829
acceleration,1347,8.916666666666668,0,0,0,0,0,0,55.7292,55.2772,1,0.2477,1.2384,2.2292,3.2199,4.2106,5.2014,6.1921,7.1829
acceleration,1348,8.916666666666668,0,0,0,0,0,0,55.7292,55.2511,1,0.2477,1.2384,2.2292,3.2199,4.2106,5.2014,6.1921,7.1829
acceleration,1349,8.916666666666668,0,0,0,0,0,0,55.7292,56.3348,1,0.2477,1.2384,2.2292,3.2199,4.2106,5.2014,6.1921,7.1829
acceleration,1350,8.916666666666668,0,0,0,0,0,0,55.7292,55.4677,1,0.2477,1.2384,2.2292,3.2199,4.2106,5.2014,6.1921,7.1829
acceleration,1351,8.916666666666668,0,0,0,0,0,0,55.7292,55.531,1,0.2477,1.2384,2.2292,3.2199,4.2106,5.2014,6.1921,7.1829
acceleration,1352,8.916666666666668,0,0,0,0,0,0,55.7292,56.0085,1,0.2477,1.2384,2.2292,3.2199,4.2106,5.2014,6.1921,7.1829
acceleration,1353,8.916666666666668,0,0,0,0,0,0,55.7292,55.4494,2,0.2477,1.2384,2.2292,3.2199,4.2106,5.2014,6.1921,7.1829
acceleration,1354,8.916666666666668,0,0,0,0,0,0,55.7292,55.4811,1,0.2477,1.2384,2.2292,3.2199,4.2106,5.2014,6.1921,7.1829
acceleration,1355,8.916666666666668,0,0,0,0,0,0,55.7292,56.319,0,0.2477,1.2384,2.2292,3.2199,4.2106,5.2014,6.1921,7.1829
acceleration,1356,8.916666666666668,0,0,0,0,0,0,55.7292,55.205,1,0.2477,1.2384,2.2292,3.2199,4.2106,5.2014,6.1921,7.1829
acceleration,1357,8.916666666666668,0,0,0,0,0,0,55.7292,55.4108,1,0.2477,1.2384,2.2292,3.2199,4.2106,5.2014,6.1921,7.1829
acceleration,1358,8.916666666666668,0,0,0,0,0,0,55.7292,55.0873,1,0.2477,1.2384,2.2292,3.2199,4.2106,5.2014,6.1921,7.1829
acceleration,1359,8.916666666666668,0,0,0,0,0,0,55.7292,55.4542,2,0.2477,1.2384,2.2292,3.2199,4.2106,5.2014,6.1921,7.1829
acceleration,1360,8.916666666666668,0,0,0,0,0,0,55.7292,55.8629,1,0.2477,1.2384,2.2292,3.2199,4.2106,5.2014,6.1921,7.1829
acceleration,1361,8.916666666666668,0,0,0,0,0,0,55.7292,55.7405,1,0.2477,1.2384,2.2292,3.2199,4.2106,5.2014,6.1921,7.1829
acceleration,1362,8.916666666666668,0,0,0,0,0,0,55.7292,55.0749,0,0.2477,1.2384,2.2292,3.2199,4.2106,5.2014,6.1921,7.1829
acceleration,1363,8.916666666666668,0,0,0,0,0,0,55.7292,55.5383,1,0.2477,1.2384,2.2292,3.2199,4.2106,5.2014,6.1921,7.1829
acceleration,1364,8.916666666666668,0,0,0,0,0,0,55.7292,56.079,0,0.2477,1.2384,2.2292,3.2199,4.2106,5.2014,6.1921,7.1829
acceleration,1365,8.916666666666668,0,0,0,0,0,0,55.7292,56.2557,0,0.2477,1.2384,2.2292,3.2199,4.2106,5.2014,6.1921,7.1829
acceleration,1366,8.916666666666668,0,0,0,0,0,0,55.7292,55.5156,1,0.2477,1.2384,2.2292,3.2199,4.2106,5.2014,6.1921,7.1829
acceleration,1367,8.916666666666668,0,0,0,0,0,0,55.7292,55.5505,1,0.2477,1.2384,2.2292,3.2199,4.2106,5.2014,6.1921,7.1829
acceleration,1368,9.071428571428571,0,0,0,0,0,0,56.6964,56.8731,1,0.252,1.2599,2.2679,3.2758,4.2837,5.2917,6.2996,7.3075
acceleration,1369,9.071428571428571,0,0,0,0,0,0,56.6964,56.0446,1,0.252,1.2599,2.2679,3.2758,4.2837,5.2917,6.2996,7.3075
acceleration,1370,9.071428571428571,0,0,0,0,0,0,56.6964,57.4223,1,0.252,1.2599,2.2679,3.2758,4.2837,5.2917,6.2996,7.3075
acceleration,1371,9.071428571428571,0,0,0,0,0,0,56.6964,56.9155,1,0.252,1.2599,2.2679,3.2758,4.2837,5.2917,6.2996,7.3075
acceleration,1372,9.071428571428571,0,0,0,0,0,0,56.6964,56.8591,1,0.252,1.2599,2.2679,3.2758,4.2837,5.2917,6.2996,7.3075
acceleration,1373,9.071428571428571,0,0,0,0,0,0,56.6964,57.1823,1,0.252,1.2599,2.2679,3.2758,4.2837,5.2917,6.2996,7.3075
acceleration,1374,9.071428571428571,0,0,0,0,0,0,56.6964,56.8622,0,0.252,1.2599,2.2679,3.2758,4.2837,5.2917,6.2996,7.3075
acceleration,1375,9.071428571428571,0,0,0,0,0,0,56.6964,57.714,0,0.252,1.2599,2.2679,3.2758,4.2837,5.2917,6.2996,7.3075
acceleration,1376,9.071428571428571,0,0,0,0,0,0,56.6964,56.377,1,0.252,1.2599,2.2679,3.2758,4.2837,5.2917,6.2996,7.3075
acceleration,1377,9.071428571428571,0,0,0,0,0,0,56.6964,56.3911,1,0.252,1.2599,2.2679,3.2758,4.2837,5.2917,6.2996,7.3075
acceleration,1378,9.071428571428571,0,0,0,0,0,0,56.6964,56.8558,1,0.252,1.2599,2.2679,3.2758,4.2837,5.2917,6.2996,7.3075
acceleration,1379,9.071428571428571,0,0,0,0,0,0,56.6964,56.1362,1,0.252,1.2599,2.2679,3.2758,4.2837,5.2917,6.2996,7.3075
acceleration,1380,9.071428571428571,0,0,0,0,0,0,56.6964,56.3383,1,0.252,1.2599,2.2679,3.2758,4.2837,5.2917,6.2996,7.3075
acceleration,1381,9.071428571428571,0,0,0,0,0,0,56.6964,57.197,0,0.252,1.2599,2.2679,3.2758,4.2837,5.2917,6.2996,7.3075
acceleration,1382,9.071428571428571,0,0,0,0,0,0,56.6964,57.3511,0,0.252,1.2599,2.2679,3.2758,4.2837,5.2917,6.2996,7.3075
acceleration,1383,9.071428571428571,0,0,0,0,0,0,56.6964,57.0307,0,0.252,1.2599,2.2679,3.2758,4.2837,5.2917,6.2996,7.3075
acceleration,1384,9.071428571428571,0,0,0,0,0,0,56.6964,56.8183,0,0.252,1.2599,2.2679,3.2758,4.2837,5.2917,6.2996,7.3075
acceleration,1385,9.071428571428571,0,0,0,0,0,0,56.6964,56.1173,1,0.252,1.2599,2.2679,3.2758,4.2837,5.2917,6.2996,7.3075
acceleration,1386,9.071428571428571,0,0,0,0,0,0,56.6964,57.3632,0,0.252,1.2599,2.2679,3.2758,4.2837,5.2917,6.2996,7.3075
acceleration,1387,9.071428571428571,0,0,0,0,0,0,56.6964,56.3141,1,0.252,1.2599,2.2679,3.2758,4.2837,5.2917,6.2996,7.3075
acceleration,1388,9.071428571428571,0,0,0,0,0,0,56.6964,56.8989,1,0.252,1.2599,2.2679,3.2758,4.2837,5.2917,6.2996,7.3075
acceleration,1389,9.071428571428571,0,0,0,0,0,0,56.6964,55.9859,1,0.252,1.2599,2.2679,3.2758,4.2837,5.2917,6.2996,7.3075
acceleration,1390,9.071428571428571,0,0,0,0,0,0,56.6964,56.7563,1,0.252,1.2599,2.2679,3.2758,4.2837,5.2917,6.2996,7.3075
acceleration,1391,9.071428571428571,0,0,0,0,0,0,56.6964,57.6398,0,0.252,1.2599,2.2679,3.2758,4.2837,5.2917,6.2996,7.3075
acceleration,1392,9.226190476190476,0,0,0,0,0,0,57.6637,57.6374,0,0.2563,1.2814,2.3065,3.3317,4.3568,5.3819,6.4071,7.4322
acceleration,1393,9.226190476190476,0,0,0,0,0,0,57.6637,57.7489,1,0.2563,1.2814,2.3065,3.3317,4.3568,5.3819,6.4071,7.4322
acceleration,1394,9.226190476190476,0,0,0,0,0,0,57.6637,58.0657,0,0.2563,1.2814,2.3065,3.3317,4.3568,5.3819,6.4071,7.4322
acceleration,1395,9.226190476190476,0,0,0,0,0,0,57.6637,57.8559,0,0.2563,1.2814,2.3065,3.3317,4.3568,5.3819,6.4071,7.4322
acceleration,1396,9.226190476190476,0,0,0,0,0,0,57.6637,58.265,0,0.2563,1.2814,2.3065,3.3317,4.3568,5.3819,6.4071,7.4322
acceleration,1397,9.226190476190476,0,0,0,0,0,0,57.6637,57.3237,1,0.2563,1.2814,2.3065,3.3317,4.3568,5.3819,6.4071,7.4322
acceleration,1398,9.226190476190476,0,0,0,0,0,0,57.6637,58.3132,0,0.2563,1.2814,2.3065,3.3317,4.3568,5.3819,6.4071,7.4322
acceleration,1399,9.226190476190476,0,0,0,0,0,0,57.6637,58.1414,1,0.2563,1.2814,2.3065,3.3317,4.3568,5.3819,6.4071,7.4322
acceleration,1400,9.226190476190476,0,0,0,0,0,0,57.6637,58.2126,1,0.2563,1.2814,2.3065,3.3317,4.3568,5.3819,6.4071,7.4322
acceleration,1401,9.226190476190476,0,0,0,0,0,0,57.6637,57.4907,1,0.2563,1.2814,2.3065,3.3317,4.3568,5.3819,6.4071,7.4322
acceleration,1402,9.226190476190476,0,0,0,0,0,0,57.6637,57.9119,0,0.2563,1.2814,2.3065,3.3317,4.3568,5.3819,6.4071,7.4322
acceleration,1403,9.226190476190476,0,0,0,0,0,0,57.6637,57.5919,1,0.2563,1.2814,2.3065,3.3317,4.3568,5.3819,6.4071,7.4322
acceleration,1404,9.226190476190476,0,0,0,0,0,0,57.6637,58.1192,1,0.2563,1.2814,2.3065,3.3317,4.3568,5.3819,6.4071,7.4322
acceleration,1405,9.226190476190476,0,0,0,0,0,0,57.6637,56.8563,1,0.2563,1.2814,2.3065,3.3317,4.3568,5.3819,6.4071,7.4322
acceleration,1406,9.226190476190476,0,0,0,0,0,0,57.6637,57.4652,1,0.2563,1.2814,2.3065,3.3317,4.3568,5.3819,6.4071,7.4322
acceleration,1407,9.226190476190476,0,0,0,0,0,0,57.6637,58.2223,0,0.2563,1.2814,2.3065,3.3317,4.3568,5.3819,6.4071,7.4322
acceleration,1408,9.226190476190476,0,0,0,0,0,0,57.6637,58.204,0,0.2563,1.2814,2.3065,3.3317,4.3568,5.3819,6.4071,7.4322
acceleration,1409,9.226190476190476,0,0,0,0,0,0,57.6637,57.7673,1,0.2563,1.2814,2.3065,3.3317,4.3568,5.3819,6.4071,7.4322
acceleration,1410,9.226190476190476,0,0,0,0,0,0,57.6637,56.8627,1,0.2563,1.2814,2.3065,3.3317,4.3568,5.3819,6.4071,7.4322
acceleration,1411,9.226190476190476,0,0,0,0,0,0,57.6637,57.8129,1,0.2563,1.2814,2.3065,3.3317,4.3568,5.3819,6.4071,7.4322
acceleration,1412,9.226190476190476,0,0,0,0,0,0,57.6637,57.7649,1,0.2563,1.2814,2.3065,3.3317,4.3568,5.3819,6.4071,7.4322
acceleration,1413,9.226190476190476,0,0,0,0,0,0,57.6637,57.3291,1,0.2563,1.2814,2.3065,3.3317,4.3568,5.3819,6.4071,7.4322
acceleration,1414,9.226190476190476,0,0,0,0,0,0,57.6637,57.4213,1,0.2563,1.2814,2.3065,3.3317,4.3568,5.3819,6.4071,7.4322
acceleration,1415,9.226190476190476,0,0,0,0,0,0,57.6637,56.8218,2,0.2563,1.2814,2.3065,3.3317,4.3568,5.3819,6.4071,7.4322
acceleration,1416,9.380952380952381,0,0,0,0,0,0,58.631,59.0828,1,0.2606,1.3029,2.3452,3.3876,4.4299,5.4722,6.5146,7.5569
acceleration,1417,9.380952380952381,0,0,0,0,0,0,58.631,59.1921,1,0.2606,1.3029,2.3452,3.3876,4.4299,5.4722,6.5146,7.5569
acceleration,1418,9.380952380952381,0,0,0,0,0,0,58.631,59.2905,0,0.2606,1.3029,2.3452,3.3876,4.4299,5.4722,6.5146,7.5569
acceleration,1419,9.380952380952381,0,0,0,0,0,0,58.631,58.6677,0,0.2606,1.3029,2.3452,3.3876,4.4299,5.4722,6.5146,7.5569
acceleration,1420,9.380952380952381,0,0,0,0,0,0,58.631,59.725,0,0.2606,1.3029,2.3452,3.3876,4.4299,5.4722,6.5146,7.5569
acceleration,1421,9.380952380952381,0,0,0,0,0,0,58.631,59.0076,1,0.2606,1.3029,2.3452,3.3876,4.4299,5.4722,6.5146,7.5569
acceleration,1422,9.380952380952381,0,0,0,0,0,0,58.631,58.4792,1,0.2606,1.3029,2.3452,3.3876,4.4299,5.4722,6.5146,7.5569
acceleration,1423,9.380952380952381,0,0,0,0,0,0,58.631,57.9646,1,0.2606,1.3029,2.3452,3.3876,4.4299,5.4722,6.5146,7.5569
acceleration,1424,9.380952380952381,0,0,0,0,0,0,58.631,58.5648,1,0.2606,1.3029,2.3452,3.3876,4.4299,5.4722,6.5146,7.5569
acceleration,1425,9.380952380952381,0,0,0,0,0,0,58.631,58.1856,1,0.2606,1.3029,2.3452,3.3876,4.4299,5.4722,6.5146,7.5569
acceleration,1426,9.380952380952381,0,0,0,0,0,0,58.631,58.2344,1,0.2606,1.3029,2.3452,3.3876,4.4299,5.4722,6.5146,7.5569
acceleration,1427,9.380952380952381,0,0,0,0,0,0,58.631,58.3614,1,0.2606,1.3029,2.3452,3.3876,4.4299,5.4722,6.5146,7.5569
acceleration,1428,9.380952380952381,0,0,0,0,0,0,58.631,58.3236,1,0.2606,1.3029,2.3452,3.3876,4.4299,5.4722,6.5146,7.5569
acceleration,1429,9.380952380952381,0,0,0,0,0,0,58.631,58.4567,1,0.2606,1.3029,2.3452,3.3876,4.4299,5.4722,6.5146,7.5569
acceleration,1430,9.380952380952381,0,0,0,0,0,0,58.631,58.6126,1,0.2606,1.3029,2.3452,3.3876,4.4299,5.4722,6.5146,7.5569
acceleration,1431,9.380952380952381,0,0,0,0,0,0,58.631,57.9714,1,0.2606,1.3029,2.3452,3.3876,4.4299,5.4722,6.5146,7.5569
acceleration,1432,9.380952380952381,0,0,0,0,0,0,58.631,58.6165,1,0.2606,1.3029,2.3452,3.3876,4.4299,5.4722,6.5146,7.5569
acceleration,1433,9.380952380952381,0,0,0,0,0,0,58.631,57.6799,1,0.2606,1.3029,2.3452,3.3876,4.4299,5.4722,6.5146,7.5569
acceleration,1434,9.380952380952381,0,0,0,0,0,0,58.631,58.2855,1,0.2606,1.3029,2.3452,3.3876,4.4299,5.4722,6.5146,7.5569
acceleration,1435,9.380952380952381,0,0,0,0,0,0,58.631,59.2866,0,0.2606,1.3029,2.3452,3.3876,4.4299,5.4722,6.5146,7.5569
acceleration,1436,9.380952380952381,0,0,0,0,0,0,58.631,58.9744,0,0.2606,1.3029,2.3452,3.3876,4.4299,5.4722,6.5146,7.5569
acceleration,1437,9.380952380952381,0,0,0,0,0,0,58.631,58.9803,0,0.2606,1.3029,2.3452,3.3876,4.4299,5.4722,6.5146,7.5569
acceleration,1438,9.380952380952381,0,0,0,0,0,0,58.631,58.4764,1,0.2606,1.3029,2.3452,3.3876,4.4299,5.4722,6.5146,7.5569
acceleration,1439,9.380952380952381,0,0,0,0,0,0,58.631,58.7645,0,0.2606,1.3029,2.3452,3.3876,4.4299,5.4722,6.5146,7.5569
acceleration,1440,9.535714285714286,0,0,0,0,0,0,59.5982,59.5185,1,0.2649,1.3244,2.3839,3.4435,4.503,5.5625,6.622,7.6815
acceleration,1441,9.535714285714286,0,0,0,0,0,0,59.5982,60.463,0,0.2649,1.3244,2.3839,3.4435,4.503,5.5625,6.622,7.6815
acceleration,1442,9.535714285714286,0,0,0,0,0,0,59.5982,59.0404,1,0.2649,1.3244,2.3839,3.4435,4.503,5.5625,6.622,7.6815
acceleration,1443,9.535714285714286,0,0,0,0,0,0,59.5982,59.8594,1,0.2649,1.3244,2.3839,3.4435,4.503,5.5625,6.622,7.6815
acceleration,1444,9.535714285714286,0,0,0,0,0,0,59.5982,60.0102,0,0.2649,1.3244,2.3839,3.4435,4.503,5.5625,6.622,7.6815
acceleration,1445,9.535714285714286,0,0,0,0,0,0,59.5982,59.765,1,0.2649,1.3244,2.3839,3.4435,4.503,5.5625,6.622,7.6815
acceleration,1446,9.535714285714286,0,0,0,0,0,0,59.5982,60.129,0,0.2649,1.3244,2.3839,3.4435,4.503,5.5625,6.622,7.6815
acceleration,1447,9.535714285714286,0,0,0,0,0,0,59.5982,60.3689,0,0.2649,1.3244,2.3839,3.4435,4.503,5.5625,6.622,7.6815
acceleration,1448,9.535714285714286,0,0,0,0,0,0,59.5982,59.7198,0,0.2649,1.3244,2.3839,3.4435,4.503,5.5625,6.622,7.6815
acceleration,1449,9.535714285714286,0,0,0,0,0,0,59.5982,59.2549,1,0.2649,1.3244,2.3839,3.4435,4.503,5.5625,6.622,7.6815
acceleration,1450,9.535714285714286,0,0,0,0,0,0,59.5982,59.9491,0,0.2649,1.3244,2.3839,3.4435,4.503,5.5625,6.622,7.6815
acceleration,1451,9.535714285714286,0,0,0,0,0,0,59.5982,59.0912,1,0.2649,1.3244,2.3839,3.4435,4.503,5.5625,6.622,7.6815
acceleration,1452,9.535714285714286,0,0,0,0,0,0,59.5982,59.0456,1,0.2649,1.3244,2.3839,3.4435,4.503,5.5625,6.622,7.6815
acceleration,1453,9.535714285714286,0,0,0,0,0,0,59.5982,59.9703,1,0.2649,1.3244,2.3839,3.4435,4.503,5.5625,6.622,7.6815
acceleration,1454,9.535714285714286,0,0,0,0,0,0,59.5982,59.948,0,0.2649,1.3244,2.3839,3.4435,4.503,5.5625,6.622,7.6815
acceleration,1455,9.535714285714286,0,0,0,0,0,0,59.5982,59.1881,1,0.2649,1.3244,2.3839,3.4435,4.503,5.5625,6.622,7.6815
acceleration,1456,9.535714285714286,0,0,0,0,0,0,59.5982,59.2118,1,0.2649,1.3244,2.3839,3.4435,4.503,5.5625,6.622,7.6815
acceleration,1457,9.535714285714286,0,0,0,0,0,0,59.5982,59.7167,1,0.2649,1.3244,2.3839,3.4435,4.503,5.5625,6.622,7.6815
acceleration,1458,9.535714285714286,0,0,0,0,0,0,59.5982,59.2028,1,0.2649,1.3244,2.3839,3.4435,4.503,5.5625,6.622,7.6815
acceleration,1459,9.535714285714286,0,0,0,0,0,0,59.5982,59.7353,0,0.2649,1.3244,2.3839,3.4435,4.503,5.5625,6.622,7.6815
acceleration,1460,9.535714285714286,0,0,0,0,0,0,59.5982,59.3527,1,0.2649,1.3244,2.3839,3.4435,4.503,5.5625,6.622,7.6815
acceleration,1461,9.535714285714286,0,0,0,0,0,0,59.5982,59.8806,1,0.2649,1.3244,2.3839,3.4435,4.503,5.5625,6.622,7.6815
acceleration,1462,9.535714285714286,0,0,0,0,0,0,59.5982,59.0132,1,0.2649,1.3244,2.3839,3.4435,4.503,5.5625,6.622,7.6815
acceleration,1463,9.535714285714286,0,0,0,0,0,0,59.5982,59.6932,0,0.2649,1.3244,2.3839,3.4435,4.503,5.5625,6.622,7.6815
acceleration,1464,9.690476190476192,0,0,0,0,0,0,60.5655,60.7599,1,0.2692,1.3459,2.4226,3.4993,4.5761,5.6528,6.7295,7.8062
acceleration,1465,9.690476190476192,0,0,0,0,0,0,60.5655,60.6822,1,0.2692,1.3459,2.4226,3.4993,4.5761,5.6528,6.7295,7.8062
acceleration,1466,9.690476190476192,0,0,0,0,0,0,60.5655,60.4481,1,0.2692,1.3459,2.4226,3.4993,4.5761,5.6528,6.7295,7.8062
acceleration,1467,9.690476190476192,0,0,0,0,0,0,60.5655,60.3053,1,0.2692,1.3459,2.4226,3.4993,4.5761,5.6528,6.7295,7.8062
acceleration,1468,9.690476190476192,0,0,0,0,0,0,60.5655,60.9972,0,0.2692,1.3459,2.4226,3.4993,4.5761,5.6528,6.7295,7.8062
acceleration,1469,9.690476190476192,0,0,0,0,0,0,60.5655,60.5694,1,0.2692,1.3459,2.4226,3.4993,4.5761,5.6528,6.7295,7.8062
acceleration,1470,9.690476190476192,0,0,0,0,0,0,60.5655,60.2908,1,0.2692,1.3459,2.4226,3.4993,4.5761,5.6528,6.7295,7.8062
acceleration,1471,9.690476190476192,0,0,0,0,0,0,60.5655,60.4535,1,0.2692,1.3459,2.4226,3.4993,4.5761,5.6528,6.7295,7.8062
acceleration,1472,9.690476190476192,0,0,0,0,0,0,60.5655,60.4694,0,0.2692,1.3459,2.4226,3.4993,4.5761,5.6528,6.7295,7.8062
acceleration,1473,9.690476190476192,0,0,0,0,0,0,60.5655,59.9543,1,0.2692,1.3459,2.4226,3.4993,4.5761,5.6528,6.7295,7.8062
acceleration,1474,9.690476190476192,0,0,0,0,0,0,60.5655,60.4031,1,0.2692,1.3459,2.4226,3.4993,4.5761,5.6528,6.7295,7.8062
acceleration,1475,9.690476190476192,0,0,0,0,0,0,60.5655,60.5233,0,0.2692,1.3459,2.4226,3.4993,4.5761,5.6528,6.7295,7.8062
acceleration,1476,9.690476190476192,0,0,0,0,0,0,60.5655,61.1811,0,0.2692,1.3459,2.4226,3.4993,4.5761,5.6528,6.7295,7.8062
acceleration,1477,9.690476190476192,0,0,0,0,0,0,60.5655,60.4634,0,0.2692,1.3459,2.4226,3.4993,4.5761,5.6528,6.7295,7.8062
acceleration,1478,9.690476190476192,0,0,0,0,0,0,60.5655,61.0189,0,0.2692,1.3459,2.4226,3.4993,4.5761,5.6528,6.7295,7.8062
acceleration,1479,9.690476190476192,0,0,0,0,0,0,60.5655,60.1705,1,0.2692,1.3459,2.4226,3.4993,4.5761,5.6528,6.7295,7.8062
acceleration,1480,9.690476190476192,0,0,0,0,0,0,60.5655,60.7087,1,0.2692,1.3459,2.4226,3.4993,4.5761,5.6528,6.7295,7.8062
acceleration,1481,9.690476190476192,0,0,0,0,0,0,60.5655,60.7508,1,0.2692,1.3459,2.4226,3.4993,4.5761,5.6528,6.7295,7.8062
acceleration,1482,9.690476190476192,0,0,0,0,0,0,60.5655,60.7521,1,0.2692,1.3459,2.4226,3.4993,4.5761,5.6528,6.7295,7.8062
acceleration,1483,9.690476190476192,0,0,0,0,0,0,60.5655,60.256,1,0.2692,1.3459,2.4226,3.4993,4.5761,5.6528,6.7295,7.8062
acceleration,1484,9.690476190476192,0,0,0,0,0,0,60.5655,60.5213,1,0.2692,1.3459,2.4226,3.4993,4.5761,5.6528,6.7295,7.8062
acceleration,1485,9.690476190476192,0,0,0,0,0,0,60.5655,59.5619,1,0.2692,1.3459,2.4226,3.4993,4.5761,5.6528,6.7295,7.8062
acceleration,1486,9.690476190476192,0,0,0,0,0,0,60.5655,61.3743,0,0.2692,1.3459,2.4226,3.4993,4.5761,5.6528,6.7295,7.8062
acceleration,1487,9.690476190476192,0,0,0,0,0,0,60.5655,60.4372,0,0.2692,1.3459,2.4226,3.4993,4.5761,5.6528,6.7295,7.8062
acceleration,1488,9.845238095238095,0,0,0,0,0,0,61.5327,61.1562,1,0.2735,1.3674,2.4613,3.5552,4.6491,5.7431,6.837,7.9309
acceleration,1489,9.845238095238095,0,0,0,0,0,0,61.5327,61.9216,0,0.2735,1.3674,2.4613,3.5552,4.6491,5.7431,6.837,7.9309
acceleration,1490,9.845238095238095,0,0,0,0,0,0,61.5327,61.4399,1,0.2735,1.3674,2.4613,3.5552,4.6491,5.7431,6.837,7.9309
acceleration,1491,9.845238095238095,0,0,0,0,0,0,61.5327,61.4047,1,0.2735,1.3674,2.4613,3.5552,4.6491,5.7431,6.837,7.9309
acceleration,1492,9.845238095238095,0,0,0,0,0,0,61.5327,61.3695,0,0.2735,1.3674,2.4613,3.5552,4.6491,5.7431,6.837,7.9309
acceleration,1493,9.845238095238095,0,0,0,0,0,0,61.5327,61.2506,1,0.2735,1.3674,2.4613,3.5552,4.6491,5.7431,6.837,7.9309
acceleration,1494,9.845238095238095,0,0,0,0,0,0,61.5327,62.0,1,0.2735,1.3674,2.4613,3.5552,4.6491,5.7431,6.837,7.9309
acceleration,1495,9.845238095238095,0,0,0,0,0,0,61.5327,61.2192,1,0.2735,1.3674,2.4613,3.5552,4.6491,5.7431,6.837,7.9309
acceleration,1496,9.845238095238095,0,0,0,0,0,0,61.5327,61.8205,0,0.2735,1.3674,2.4613,3.5552,4.6491,5.7431,6.837,7.9309
acceleration,1497,9.845238095238095,0,0,0,0,0,0,61.5327,62.2896,0,0.2735,1.3674,2.4613,3.5552,4.6491,5.7431,6.837,7.9309
acceleration,1498,9.845238095238095,0,0,0,0,0,0,61.5327,61.8439,0,0.2735,1.3674,2.4613,3.5552,4.6491,5.7431,6.837,7.9309
acceleration,1499,9.845238095238095,0,0,0,0,0,0,61.5327,61.8877,1,0.2735,1.3674,2.4613,3.5552,4.6491,5.7431,6.837,7.9309
acceleration,1500,9.845238095238095,0,0,0,0,0,0,61.5327,62.2922,1,0.2735,1.3674,2.4613,3.5552,4.6491,5.7431,6.837,7.9309
acceleration,1501,9.845238095238095,0,0,0,0,0,0,61.5327,61.7535,0,0.2735,1.3674,2.4613,3.5552,4.6491,5.7431,6.837,7.9309
acceleration,1502,9.845238095238095,0,0,0,0,0,0,61.5327,62.2659,1,0.2735,1.3674,2.4613,3.5552,4.6491,5.7431,6.837,7.9309
acceleration,1503,9.845238095238095,0,0,0,0,0,0,61.5327,60.7384,1,0.2735,1.3674,2.4613,3.5552,4.6491,5.7431,6.837,7.9309
acceleration,1504,9.845238095238095,0,0,0,0,0,0,61.5327,61.2014,1,0.2735,1.3674,2.4613,3.5552,4.6491,5.7431,6.837,7.9309
acceleration,1505,9.845238095238095,0,0,0,0,0,0,61.5327,61.179,1,0.2735,1.3674,2.4613,3.5552,4.6491,5.7431,6.837,7.9309
acceleration,1506,9.845238095238095,0,0,0,0,0,0,61.5327,61.3692,1,0.2735,1.3674,2.4613,3.5552,4.6491,5.7431,6.837,7.9309
acceleration,1507,9.845238095238095,0,0,0,0,0,0,61.5327,61.3712,1,0.2735,1.3674,2.4613,3.5552,4.6491,5.7431,6.837,7.9309
acceleration,1508,9.845238095238095,0,0,0,0,0,0,61.5327,61.38,1,0.2735,1.3674,2.4613,3.5552,4.6491,5.7431,6.837,7.9309
acceleration,1509,9.845238095238095,0,0,0,0,0,0,61.5327,61.3424,1,0.2735,1.3674,2.4613,3.5552,4.6491,5.7431,6.837,7.9309
acceleration,1510,9.845238095238095,0,0,0,0,0,0,61.5327,62.0229,1,0.2735,1.3674,2.4613,3.5552,4.6491,5.7431,6.837,7.9309
acceleration,1511,9.845238095238095,0,0,0,0,0,0,61.5327,62.0981,0,0.2735,1.3674,2.4613,3.5552,4.6491,5.7431,6.837,7.9309
acceleration,1512,10.0,0,0,0,0,0,0,62.5,63.2388,0,0.2778,1.3889,2.5,3.6111,4.7222,5.8333,6.9444,8.0556
acceleration,1513,10.0,0,0,0,0,0,0,62.5,62.7154,1,0.2778,1.3889,2.5,3.6111,4.7222,5.8333,6.9444,8.0556
acceleration,1514,10.0,0,0,0,0,0,0,62.5,62.1638,1,0.2778,1.3889,2.5,3.6111,4.7222,5.8333,6.9444,8.0556
acceleration,1515,10.0,0,0,0,0,0,0,62.5,61.9714,1,0.2778,1.3889,2.5,3.6111,4.7222,5.8333,6.9444,8.0556
acceleration,1516,10.0,0,0,0,0,0,0,62.5,62.5318,0,0.2778,1.3889,2.5,3.6111,4.7222,5.8333,6.9444,8.0556
acceleration,1517,10.0,0,0,0,0,0,0,62.5,62.6492,1,0.2778,1.3889,2.5,3.6111,4.7222,5.8333,6.9444,8.0556
acceleration,1518,10.0,0,0,0,0,0,0,62.5,63.2413,0,0.2778,1.3889,2.5,3.6111,4.7222,5.8333,6.9444,8.0556
acceleration,1519,10.0,0,0,0,0,0,0,62.5,61.9433,1,0.2778,1.3889,2.5,3.6111,4.7222,5.8333,6.9444,8.0556
acceleration,1520,10.0,0,0,0,0,0,0,62.5,61.8877,1,0.2778,1.3889,2.5,3.6111,4.7222,5.8333,6.9444,8.0556
acceleration,1521,10.0,0,0,0,0,0,0,62.5,62.1256,1,0.2778,1.3889,2.5,3.6111,4.7222,5.8333,6.9444,8.0556
acceleration,1522,10.0,0,0,0,0,0,0,62.5,62.6122,1,0.2778,1.3889,2.5,3.6111,4.7222,5.8333,6.9444,8.0556
acceleration,1523,10.0,0,0,0,0,0,0,62.5,62.2131,1,0.2778,1.3889,2.5,3.6111,4.7222,5.8333,6.9444,8.0556
acceleration,1524,10.0,0,0,0,0,0,0,62.5,62.6418,1,0.2778,1.3889,2.5,3.6111,4.7222,5.8333,6.9444,8.0556
acceleration,1525,10.0,0,0,0,0,0,0,62.5,62.3127,1,0.2778,1.3889,2.5,3.6111,4.7222,5.8333,6.9444,8.0556
acceleration,1526,10.0,0,0,0,0,0,0,62.5,63.2371,1,0.2778,1.3889,2.5,3.6111,4.7222,5.8333,6.9444,8.0556
acceleration,1527,10.0,0,0,0,0,0,0,62.5,62.7419,1,0.2778,1.3889,2.5,3.6111,4.7222,5.8333,6.9444,8.0556
acceleration,1528,10.0,0,0,0,0,0,0,62.5,62.3707,1,0.2778,1.3889,2.5,3.6111,4.7222,5.8333,6.9444,8.0556
acceleration,1529,10.0,0,0,0,0,0,0,62.5,62.5991,0,0.2778,1.3889,2.5,3.6111,4.7222,5.8333,6.9444,8.0556
acceleration,1530,10.0,0,0,0,0,0,0,62.5,62.0707,1,0.2778,1.3889,2.5,3.6111,4.7222,5.8333,6.9444,8.0556
acceleration,1531,10.0,0,0,0,0,0,0,62.5,63.0743,0,0.2778,1.3889,2.5,3.6111,4.7222,5.8333,6.9444,8.0556
acceleration,1532,10.0,0,0,0,0,0,0,62.5,62.7014,0,0.2778,1.3889,2.5,3.6111,4.7222,5.8333,6.9444,8.0556
acceleration,1533,10.0,0,0,0,0,0,0,62.5,62.1054,1,0.2778,1.3889,2.5,3.6111,4.7222,5.8333,6.9444,8.0556
acceleration,1534,10.0,0,0,0,0,0,0,62.5,62.2843,1,0.2778,1.3889,2.5,3.6111,4.7222,5.8333,6.9444,8.0556
acceleration,1535,10.0,0,0,0,0,0,0,62.5,62.4131,1,0.2778,1.3889,2.5,3.6111,4.7222,5.8333,6.9444,8.0556
